2026-03-15 15:07:59,315 - INFO - Starting labeling worker (check every 5 seconds)
2026-03-15 15:07:59,315 - INFO - Flow: Labeling (Extraction+Alignment+Docling) -> Validation
2026-03-15 15:08:34,389 - INFO - Found labeling task in queue: ID 1063
2026-03-15 15:08:34,415 - INFO - Task 1063 labeling status updated to: processing
2026-03-15 15:08:34,416 - INFO - Processing labeling task ID: 1063, Type: dokumen
2026-03-15 15:08:34,416 - INFO - Reference target: dokumen:816
2026-03-15 15:08:34,433 - INFO - PDF: /app/storage/dokumen/222117032/816/pdf/11. Bab 2 Teori Penunjang.pdf
2026-03-15 15:08:34,433 - INFO - Output: /app/storage/dokumen/222117032/816/extraction/11. Bab 2 Teori Penunjang
2026-03-15 15:08:34,434 - INFO - Images output directory: /app/storage/dokumen/222117032/816/images
2026-03-15 15:08:38,850 - INFO - Saved 9 page images to: /app/storage/dokumen/222117032/816/images
2026-03-15 15:08:38,886 - INFO - Updated dokumen_images_path: /dokumen/222117032/816/images
2026-03-15 15:08:38,887 - INFO - Delegating to MergingExtractionService...
2026-03-15 15:08:38,893 - INFO - Visual output directory: /app/storage/dokumen/222117032/816/pdf/classification
2026-03-15 15:08:38,899 - INFO - Running Docling for dokumen:816
2026-03-15 15:08:38,943 - INFO - detected formats: [<InputFormat.PDF: 'pdf'>]
2026-03-15 15:08:39,025 - INFO - Going to convert document batch...
2026-03-15 15:08:39,027 - INFO - Initializing pipeline for StandardPdfPipeline with options hash e15bc6f248154cc62f8db15ef18a8ab7
2026-03-15 15:08:39,038 - INFO - Loading plugin 'docling_defaults'
2026-03-15 15:08:39,044 - INFO - Registered picture descriptions: ['vlm', 'api']
2026-03-15 15:08:39,053 - INFO - Loading plugin 'docling_defaults'
2026-03-15 15:08:39,067 - INFO - Registered ocr engines: ['auto', 'easyocr', 'ocrmac', 'rapidocr', 'tesserocr', 'tesseract']
2026-03-15 15:08:39,377 - INFO - rapidocr cannot be used because onnxruntime is not installed.
2026-03-15 15:08:39,377 - INFO - easyocr cannot be used because it is not installed.
2026-03-15 15:08:39,777 - INFO - Accelerator device: 'cpu'
2026-03-15 15:08:40,807 - INFO - Auto OCR model selected rapidocr with torch.
2026-03-15 15:08:40,811 - INFO - Loading plugin 'docling_defaults'
2026-03-15 15:08:40,817 - INFO - Registered layout engines: ['docling_layout_default', 'docling_experimental_table_crops_layout']
2026-03-15 15:08:43,619 - INFO - Accelerator device: 'cpu'
2026-03-15 15:08:45,320 - INFO - Loading plugin 'docling_defaults'
2026-03-15 15:08:45,322 - INFO - Registered table structure engines: ['docling_tableformer']
2026-03-15 15:08:45,615 - INFO - Accelerator device: 'cpu'
2026-03-15 15:08:46,537 - INFO - Processing document 11. Bab 2 Teori Penunjang.pdf
2026-03-15 15:09:05,120 - INFO - Finished converting document 11. Bab 2 Teori Penunjang.pdf in 26.19 sec.
2026-03-15 15:09:05,225 - INFO - Opened PDF: /app/storage/dokumen/222117032/816/pdf/11. Bab 2 Teori Penunjang.pdf (9 pages)
2026-03-15 15:09:05,226 - INFO - Processing 9 pages for dokumen:816
2026-03-15 15:09:14,995 - INFO - Resolved document-level claims for dokumen:816 cleared=0 affected_pages=0
2026-03-15 15:09:15,392 - INFO - Page 2: header/footer rows total=1 mapped=0 null=1
2026-03-15 15:09:15,435 - INFO - Page 3: header/footer rows total=1 mapped=0 null=1
2026-03-15 15:09:15,480 - INFO - Page 4: header/footer rows total=1 mapped=0 null=1
2026-03-15 15:09:15,526 - INFO - Page 5: header/footer rows total=1 mapped=0 null=1
2026-03-15 15:09:15,572 - INFO - Page 6: header/footer rows total=1 mapped=0 null=1
2026-03-15 15:09:15,625 - INFO - Page 7: header/footer rows total=1 mapped=0 null=1
2026-03-15 15:09:15,672 - INFO - Page 8: header/footer rows total=1 mapped=0 null=1
2026-03-15 15:09:15,716 - INFO - Page 9: header/footer rows total=1 mapped=0 null=1
2026-03-15 15:09:15,883 - INFO - Page 1: Generated visualizations - ['fused']
2026-03-15 15:09:16,034 - INFO - Page 2: Generated visualizations - ['fused']
2026-03-15 15:09:16,201 - INFO - Page 3: Generated visualizations - ['fused']
2026-03-15 15:09:16,364 - INFO - Page 4: Generated visualizations - ['fused']
2026-03-15 15:09:16,515 - INFO - Page 5: Generated visualizations - ['fused']
2026-03-15 15:09:16,687 - INFO - Page 6: Generated visualizations - ['fused']
2026-03-15 15:09:16,855 - INFO - Page 7: Generated visualizations - ['fused']
2026-03-15 15:09:17,022 - INFO - Page 8: Generated visualizations - ['fused']
2026-03-15 15:09:17,138 - INFO - Page 9: Generated visualizations - ['fused']
2026-03-15 15:09:17,147 - INFO - Committed changes to database for dokumen:816
2026-03-15 15:09:17,148 - INFO - Labeling flow completed for dokumen:816
2026-03-15 15:09:17,160 - INFO - Task 1063 labeling status updated to: completed
2026-03-15 15:09:17,168 - INFO - Task 1063 validation status updated to: in_queue
2026-03-16 14:08:36,934 - INFO - Starting labeling worker (check every 5 seconds)
2026-03-16 14:08:36,935 - INFO - Flow: Labeling (Extraction+Alignment+Docling) -> Validation
2026-03-16 17:01:10,415 - INFO - Found labeling task in queue: ID 1064
2026-03-16 17:01:10,459 - INFO - Task 1064 labeling status updated to: processing
2026-03-16 17:01:10,459 - INFO - Processing labeling task ID: 1064, Type: dokumen
2026-03-16 17:01:10,460 - INFO - Reference target: dokumen:817
2026-03-16 17:01:10,478 - INFO - PDF: /app/storage/dokumen/222117032/817/pdf/13. Bab VI - Uji Coba.pdf
2026-03-16 17:01:10,478 - INFO - Output: /app/storage/dokumen/222117032/817/extraction/13. Bab VI - Uji Coba
2026-03-16 17:01:10,479 - INFO - Images output directory: /app/storage/dokumen/222117032/817/images
2026-03-16 17:01:14,894 - INFO - Saved 10 page images to: /app/storage/dokumen/222117032/817/images
2026-03-16 17:01:14,931 - INFO - Updated dokumen_images_path: /dokumen/222117032/817/images
2026-03-16 17:01:14,931 - INFO - Delegating to MergingExtractionService...
2026-03-16 17:01:14,935 - INFO - Visual output directory: /app/storage/dokumen/222117032/817/pdf/classification
2026-03-16 17:01:14,944 - INFO - Running Docling for dokumen:817
2026-03-16 17:01:15,003 - INFO - detected formats: [<InputFormat.PDF: 'pdf'>]
2026-03-16 17:01:15,126 - INFO - Going to convert document batch...
2026-03-16 17:01:15,128 - INFO - Initializing pipeline for StandardPdfPipeline with options hash e15bc6f248154cc62f8db15ef18a8ab7
2026-03-16 17:01:15,162 - INFO - Loading plugin 'docling_defaults'
2026-03-16 17:01:15,174 - INFO - Registered picture descriptions: ['vlm', 'api']
2026-03-16 17:01:15,180 - INFO - Loading plugin 'docling_defaults'
2026-03-16 17:01:15,198 - INFO - Registered ocr engines: ['auto', 'easyocr', 'ocrmac', 'rapidocr', 'tesserocr', 'tesseract']
2026-03-16 17:01:15,591 - INFO - rapidocr cannot be used because onnxruntime is not installed.
2026-03-16 17:01:15,591 - INFO - easyocr cannot be used because it is not installed.
2026-03-16 17:01:16,115 - INFO - Accelerator device: 'cpu'
2026-03-16 17:01:17,393 - INFO - Auto OCR model selected rapidocr with torch.
2026-03-16 17:01:17,397 - INFO - Loading plugin 'docling_defaults'
2026-03-16 17:01:17,405 - INFO - Registered layout engines: ['docling_layout_default', 'docling_experimental_table_crops_layout']
2026-03-16 17:01:20,706 - INFO - Accelerator device: 'cpu'
2026-03-16 17:01:22,079 - INFO - Loading plugin 'docling_defaults'
2026-03-16 17:01:22,080 - INFO - Registered table structure engines: ['docling_tableformer']
2026-03-16 17:01:22,382 - INFO - Accelerator device: 'cpu'
2026-03-16 17:01:23,261 - INFO - Processing document 13. Bab VI - Uji Coba.pdf
2026-03-16 17:02:00,507 - INFO - Finished converting document 13. Bab VI - Uji Coba.pdf in 45.53 sec.
2026-03-16 17:02:00,598 - INFO - Opened PDF: /app/storage/dokumen/222117032/817/pdf/13. Bab VI - Uji Coba.pdf (10 pages)
2026-03-16 17:02:00,598 - INFO - Processing 10 pages for dokumen:817
2026-03-16 17:02:09,219 - INFO - Resolved document-level claims for dokumen:817 cleared=0 affected_pages=0
2026-03-16 17:02:10,146 - INFO - Page 1: header/footer rows total=1 mapped=1 null=0
2026-03-16 17:02:10,892 - INFO - Page 2: header/footer rows total=1 mapped=1 null=0
2026-03-16 17:02:11,629 - INFO - Page 3: header/footer rows total=1 mapped=1 null=0
2026-03-16 17:02:12,313 - INFO - Page 4: header/footer rows total=1 mapped=1 null=0
2026-03-16 17:02:12,987 - INFO - Page 5: header/footer rows total=1 mapped=1 null=0
2026-03-16 17:02:13,651 - INFO - Page 6: header/footer rows total=1 mapped=1 null=0
2026-03-16 17:02:14,257 - INFO - Page 7: header/footer rows total=1 mapped=1 null=0
2026-03-16 17:02:14,877 - INFO - Page 8: header/footer rows total=1 mapped=1 null=0
2026-03-16 17:02:15,468 - INFO - Page 9: header/footer rows total=1 mapped=1 null=0
2026-03-16 17:02:16,064 - INFO - Page 10: header/footer rows total=1 mapped=1 null=0
2026-03-16 17:02:16,240 - INFO - Page 1: Generated visualizations - ['fused']
2026-03-16 17:02:16,397 - INFO - Page 2: Generated visualizations - ['fused']
2026-03-16 17:02:16,554 - INFO - Page 3: Generated visualizations - ['fused']
2026-03-16 17:02:16,700 - INFO - Page 4: Generated visualizations - ['fused']
2026-03-16 17:02:16,901 - INFO - Page 5: Generated visualizations - ['fused']
2026-03-16 17:02:17,095 - INFO - Page 6: Generated visualizations - ['fused']
2026-03-16 17:02:17,247 - INFO - Page 7: Generated visualizations - ['fused']
2026-03-16 17:02:17,446 - INFO - Page 8: Generated visualizations - ['fused']
2026-03-16 17:02:17,614 - INFO - Page 9: Generated visualizations - ['fused']
2026-03-16 17:02:17,754 - INFO - Page 10: Generated visualizations - ['fused']
2026-03-16 17:02:17,769 - INFO - Committed changes to database for dokumen:817
2026-03-16 17:02:17,771 - INFO - Labeling flow completed for dokumen:817
2026-03-16 17:02:17,784 - INFO - Task 1064 labeling status updated to: completed
2026-03-16 17:02:17,794 - INFO - Task 1064 validation status updated to: in_queue
2026-03-16 17:04:53,098 - INFO - Found labeling task in queue: ID 1065
2026-03-16 17:04:53,114 - INFO - Task 1065 labeling status updated to: processing
2026-03-16 17:04:53,114 - INFO - Processing labeling task ID: 1065, Type: dokumen
2026-03-16 17:04:53,115 - INFO - Reference target: dokumen:818
2026-03-16 17:04:53,133 - INFO - PDF: /app/storage/dokumen/222117032/818/pdf/13. Bab 6 - Uji Coba.pdf
2026-03-16 17:04:53,134 - INFO - Output: /app/storage/dokumen/222117032/818/extraction/13. Bab 6 - Uji Coba
2026-03-16 17:04:53,134 - INFO - Images output directory: /app/storage/dokumen/222117032/818/images
2026-03-16 17:05:01,904 - INFO - Saved 21 page images to: /app/storage/dokumen/222117032/818/images
2026-03-16 17:05:01,915 - INFO - Updated dokumen_images_path: /dokumen/222117032/818/images
2026-03-16 17:05:01,915 - INFO - Delegating to MergingExtractionService...
2026-03-16 17:05:01,920 - INFO - Visual output directory: /app/storage/dokumen/222117032/818/pdf/classification
2026-03-16 17:05:01,923 - INFO - Running Docling for dokumen:818
2026-03-16 17:05:01,943 - INFO - detected formats: [<InputFormat.PDF: 'pdf'>]
2026-03-16 17:05:01,948 - INFO - Going to convert document batch...
2026-03-16 17:05:01,949 - INFO - Initializing pipeline for StandardPdfPipeline with options hash e15bc6f248154cc62f8db15ef18a8ab7
2026-03-16 17:05:01,950 - INFO - rapidocr cannot be used because onnxruntime is not installed.
2026-03-16 17:05:01,951 - INFO - easyocr cannot be used because it is not installed.
2026-03-16 17:05:01,951 - INFO - Accelerator device: 'cpu'
2026-03-16 17:05:02,550 - INFO - Auto OCR model selected rapidocr with torch.
2026-03-16 17:05:02,551 - INFO - Accelerator device: 'cpu'
2026-03-16 17:05:03,326 - INFO - Accelerator device: 'cpu'
2026-03-16 17:05:03,665 - INFO - Processing document 13. Bab 6 - Uji Coba.pdf
2026-03-16 17:06:00,218 - INFO - Finished converting document 13. Bab 6 - Uji Coba.pdf in 58.29 sec.
2026-03-16 17:06:00,333 - INFO - Opened PDF: /app/storage/dokumen/222117032/818/pdf/13. Bab 6 - Uji Coba.pdf (21 pages)
2026-03-16 17:06:00,333 - INFO - Processing 21 pages for dokumen:818
2026-03-16 17:06:27,260 - INFO - Resolved document-level claims for dokumen:818 cleared=0 affected_pages=0
2026-03-16 17:06:28,112 - INFO - Page 1: header/footer rows total=1 mapped=1 null=0
2026-03-16 17:06:28,934 - INFO - Page 2: header/footer rows total=1 mapped=1 null=0
2026-03-16 17:06:30,222 - INFO - Page 3: header/footer rows total=1 mapped=1 null=0
2026-03-16 17:06:30,844 - INFO - Page 4: header/footer rows total=1 mapped=1 null=0
2026-03-16 17:06:31,585 - INFO - Page 5: header/footer rows total=1 mapped=1 null=0
2026-03-16 17:06:32,225 - INFO - Page 6: header/footer rows total=1 mapped=1 null=0
2026-03-16 17:06:32,867 - INFO - Page 7: header/footer rows total=1 mapped=1 null=0
2026-03-16 17:06:33,471 - INFO - Page 8: header/footer rows total=1 mapped=1 null=0
2026-03-16 17:06:34,089 - INFO - Page 9: header/footer rows total=1 mapped=1 null=0
2026-03-16 17:06:34,720 - INFO - Page 10: header/footer rows total=1 mapped=1 null=0
2026-03-16 17:06:35,397 - INFO - Page 11: header/footer rows total=1 mapped=1 null=0
2026-03-16 17:06:36,059 - INFO - Page 12: header/footer rows total=1 mapped=1 null=0
2026-03-16 17:06:36,672 - INFO - Page 13: header/footer rows total=1 mapped=1 null=0
2026-03-16 17:06:37,379 - INFO - Page 14: header/footer rows total=1 mapped=1 null=0
2026-03-16 17:06:38,006 - INFO - Page 15: header/footer rows total=1 mapped=1 null=0
2026-03-16 17:06:38,619 - INFO - Page 16: header/footer rows total=1 mapped=1 null=0
2026-03-16 17:06:39,521 - INFO - Page 17: header/footer rows total=1 mapped=1 null=0
2026-03-16 17:06:40,742 - INFO - Page 18: header/footer rows total=1 mapped=1 null=0
2026-03-16 17:06:41,648 - INFO - Page 19: header/footer rows total=1 mapped=1 null=0
2026-03-16 17:06:42,261 - INFO - Page 20: header/footer rows total=1 mapped=1 null=0
2026-03-16 17:06:42,958 - INFO - Page 21: header/footer rows total=1 mapped=1 null=0
2026-03-16 17:06:43,176 - INFO - Page 1: Generated visualizations - ['fused']
2026-03-16 17:06:43,395 - INFO - Page 2: Generated visualizations - ['fused']
2026-03-16 17:06:43,580 - INFO - Page 3: Generated visualizations - ['fused']
2026-03-16 17:06:43,765 - INFO - Page 4: Generated visualizations - ['fused']
2026-03-16 17:06:43,964 - INFO - Page 5: Generated visualizations - ['fused']
2026-03-16 17:06:44,156 - INFO - Page 6: Generated visualizations - ['fused']
2026-03-16 17:06:44,363 - INFO - Page 7: Generated visualizations - ['fused']
2026-03-16 17:06:44,559 - INFO - Page 8: Generated visualizations - ['fused']
2026-03-16 17:06:44,750 - INFO - Page 9: Generated visualizations - ['fused']
2026-03-16 17:06:44,928 - INFO - Page 10: Generated visualizations - ['fused']
2026-03-16 17:06:45,127 - INFO - Page 11: Generated visualizations - ['fused']
2026-03-16 17:06:45,300 - INFO - Page 12: Generated visualizations - ['fused']
2026-03-16 17:06:45,478 - INFO - Page 13: Generated visualizations - ['fused']
2026-03-16 17:06:45,643 - INFO - Page 14: Generated visualizations - ['fused']
2026-03-16 17:06:45,845 - INFO - Page 15: Generated visualizations - ['fused']
2026-03-16 17:06:46,028 - INFO - Page 16: Generated visualizations - ['fused']
2026-03-16 17:06:46,202 - INFO - Page 17: Generated visualizations - ['fused']
2026-03-16 17:06:46,370 - INFO - Page 18: Generated visualizations - ['fused']
2026-03-16 17:06:46,539 - INFO - Page 19: Generated visualizations - ['fused']
2026-03-16 17:06:46,716 - INFO - Page 20: Generated visualizations - ['fused']
2026-03-16 17:06:46,839 - INFO - Page 21: Generated visualizations - ['fused']
2026-03-16 17:06:46,856 - INFO - Committed changes to database for dokumen:818
2026-03-16 17:06:46,860 - INFO - Labeling flow completed for dokumen:818
2026-03-16 17:06:46,874 - INFO - Task 1065 labeling status updated to: completed
2026-03-16 17:06:46,884 - INFO - Task 1065 validation status updated to: in_queue
2026-03-16 18:52:44,823 - INFO - Starting labeling worker (check every 5 seconds)
2026-03-16 18:52:44,824 - INFO - Flow: Labeling (Extraction+Alignment+Docling) -> Validation
2026-03-16 23:35:59,078 - INFO - Starting labeling worker (check every 5 seconds)
2026-03-16 23:35:59,078 - INFO - Flow: Labeling (Extraction+Alignment+Docling) -> Validation
2026-03-16 23:38:09,345 - INFO - Found labeling task in queue: ID 1066
2026-03-16 23:38:09,371 - INFO - Task 1066 labeling status updated to: processing
2026-03-16 23:38:09,372 - INFO - Processing labeling task ID: 1066, Type: dokumen
2026-03-16 23:38:09,372 - INFO - Reference target: dokumen:819
2026-03-16 23:38:09,386 - INFO - PDF: /app/storage/dokumen/222117032/819/pdf/13. Bab 6 - Uji Coba.pdf
2026-03-16 23:38:09,387 - INFO - Output: /app/storage/dokumen/222117032/819/extraction/13. Bab 6 - Uji Coba
2026-03-16 23:38:09,387 - INFO - Images output directory: /app/storage/dokumen/222117032/819/images
2026-03-16 23:38:17,542 - INFO - Saved 21 page images to: /app/storage/dokumen/222117032/819/images
2026-03-16 23:38:17,559 - INFO - Updated dokumen_images_path: /dokumen/222117032/819/images
2026-03-16 23:38:17,559 - INFO - Delegating to MergingExtractionService...
2026-03-16 23:38:17,564 - INFO - Visual output directory: /app/storage/dokumen/222117032/819/pdf/classification
2026-03-16 23:38:17,571 - INFO - Running Docling for dokumen:819
2026-03-16 23:38:17,603 - INFO - detected formats: [<InputFormat.PDF: 'pdf'>]
2026-03-16 23:38:17,683 - INFO - Going to convert document batch...
2026-03-16 23:38:17,684 - INFO - Initializing pipeline for StandardPdfPipeline with options hash e15bc6f248154cc62f8db15ef18a8ab7
2026-03-16 23:38:17,694 - INFO - Loading plugin 'docling_defaults'
2026-03-16 23:38:17,699 - INFO - Registered picture descriptions: ['vlm', 'api']
2026-03-16 23:38:17,705 - INFO - Loading plugin 'docling_defaults'
2026-03-16 23:38:17,712 - INFO - Registered ocr engines: ['auto', 'easyocr', 'ocrmac', 'rapidocr', 'tesserocr', 'tesseract']
2026-03-16 23:38:17,987 - INFO - rapidocr cannot be used because onnxruntime is not installed.
2026-03-16 23:38:17,988 - INFO - easyocr cannot be used because it is not installed.
2026-03-16 23:38:18,522 - INFO - Accelerator device: 'cpu'
2026-03-16 23:38:19,390 - INFO - Auto OCR model selected rapidocr with torch.
2026-03-16 23:38:19,394 - INFO - Loading plugin 'docling_defaults'
2026-03-16 23:38:19,401 - INFO - Registered layout engines: ['docling_layout_default', 'docling_experimental_table_crops_layout']
2026-03-16 23:38:21,916 - INFO - Accelerator device: 'cpu'
2026-03-16 23:38:23,314 - INFO - Loading plugin 'docling_defaults'
2026-03-16 23:38:23,316 - INFO - Registered table structure engines: ['docling_tableformer']
2026-03-16 23:38:23,616 - INFO - Accelerator device: 'cpu'
2026-03-16 23:38:24,405 - INFO - Processing document 13. Bab 6 - Uji Coba.pdf
2026-03-16 23:39:17,821 - INFO - Finished converting document 13. Bab 6 - Uji Coba.pdf in 60.23 sec.
2026-03-16 23:39:17,936 - INFO - Opened PDF: /app/storage/dokumen/222117032/819/pdf/13. Bab 6 - Uji Coba.pdf (21 pages)
2026-03-16 23:39:17,936 - INFO - Processing 21 pages for dokumen:819
2026-03-16 23:39:38,151 - INFO - Resolved document-level claims for dokumen:819 cleared=0 affected_pages=0
2026-03-16 23:39:38,869 - INFO - Page 1: header/footer rows total=1 mapped=1 null=0
2026-03-16 23:39:39,378 - INFO - Page 2: header/footer rows total=1 mapped=1 null=0
2026-03-16 23:39:39,947 - INFO - Page 3: header/footer rows total=1 mapped=1 null=0
2026-03-16 23:39:40,508 - INFO - Page 4: header/footer rows total=1 mapped=1 null=0
2026-03-16 23:39:41,058 - INFO - Page 5: header/footer rows total=1 mapped=1 null=0
2026-03-16 23:39:41,662 - INFO - Page 6: header/footer rows total=1 mapped=1 null=0
2026-03-16 23:39:42,214 - INFO - Page 7: header/footer rows total=1 mapped=1 null=0
2026-03-16 23:39:42,707 - INFO - Page 8: header/footer rows total=1 mapped=1 null=0
2026-03-16 23:39:43,289 - INFO - Page 9: header/footer rows total=1 mapped=1 null=0
2026-03-16 23:39:43,873 - INFO - Page 10: header/footer rows total=1 mapped=1 null=0
2026-03-16 23:39:44,412 - INFO - Page 11: header/footer rows total=1 mapped=1 null=0
2026-03-16 23:39:44,979 - INFO - Page 12: header/footer rows total=1 mapped=1 null=0
2026-03-16 23:39:45,543 - INFO - Page 13: header/footer rows total=1 mapped=1 null=0
2026-03-16 23:39:46,128 - INFO - Page 14: header/footer rows total=1 mapped=1 null=0
2026-03-16 23:39:46,682 - INFO - Page 15: header/footer rows total=1 mapped=1 null=0
2026-03-16 23:39:47,306 - INFO - Page 16: header/footer rows total=1 mapped=1 null=0
2026-03-16 23:39:47,882 - INFO - Page 17: header/footer rows total=1 mapped=1 null=0
2026-03-16 23:39:48,442 - INFO - Page 18: header/footer rows total=1 mapped=1 null=0
2026-03-16 23:39:49,002 - INFO - Page 19: header/footer rows total=1 mapped=1 null=0
2026-03-16 23:39:49,573 - INFO - Page 20: header/footer rows total=1 mapped=1 null=0
2026-03-16 23:39:50,084 - INFO - Page 21: header/footer rows total=1 mapped=1 null=0
2026-03-16 23:39:50,250 - INFO - Page 1: Generated visualizations - ['fused']
2026-03-16 23:39:50,421 - INFO - Page 2: Generated visualizations - ['fused']
2026-03-16 23:39:50,587 - INFO - Page 3: Generated visualizations - ['fused']
2026-03-16 23:39:50,754 - INFO - Page 4: Generated visualizations - ['fused']
2026-03-16 23:39:50,950 - INFO - Page 5: Generated visualizations - ['fused']
2026-03-16 23:39:51,126 - INFO - Page 6: Generated visualizations - ['fused']
2026-03-16 23:39:51,296 - INFO - Page 7: Generated visualizations - ['fused']
2026-03-16 23:39:51,462 - INFO - Page 8: Generated visualizations - ['fused']
2026-03-16 23:39:51,628 - INFO - Page 9: Generated visualizations - ['fused']
2026-03-16 23:39:51,794 - INFO - Page 10: Generated visualizations - ['fused']
2026-03-16 23:39:51,950 - INFO - Page 11: Generated visualizations - ['fused']
2026-03-16 23:39:52,108 - INFO - Page 12: Generated visualizations - ['fused']
2026-03-16 23:39:52,299 - INFO - Page 13: Generated visualizations - ['fused']
2026-03-16 23:39:52,468 - INFO - Page 14: Generated visualizations - ['fused']
2026-03-16 23:39:52,652 - INFO - Page 15: Generated visualizations - ['fused']
2026-03-16 23:39:52,841 - INFO - Page 16: Generated visualizations - ['fused']
2026-03-16 23:39:52,991 - INFO - Page 17: Generated visualizations - ['fused']
2026-03-16 23:39:53,137 - INFO - Page 18: Generated visualizations - ['fused']
2026-03-16 23:39:53,300 - INFO - Page 19: Generated visualizations - ['fused']
2026-03-16 23:39:53,483 - INFO - Page 20: Generated visualizations - ['fused']
2026-03-16 23:39:53,594 - INFO - Page 21: Generated visualizations - ['fused']
2026-03-16 23:39:53,605 - INFO - Committed changes to database for dokumen:819
2026-03-16 23:39:53,608 - INFO - Labeling flow completed for dokumen:819
2026-03-16 23:39:53,619 - INFO - Task 1066 labeling status updated to: completed
2026-03-16 23:39:53,627 - INFO - Task 1066 validation status updated to: in_queue
2026-03-17 00:57:08,627 - INFO - Starting labeling worker (check every 5 seconds)
2026-03-17 00:57:08,628 - INFO - Flow: Labeling (Extraction+Alignment+Docling) -> Validation
2026-03-17 00:58:13,714 - INFO - Found labeling task in queue: ID 1067
2026-03-17 00:58:13,728 - INFO - Task 1067 labeling status updated to: processing
2026-03-17 00:58:13,728 - INFO - Processing labeling task ID: 1067, Type: dokumen
2026-03-17 00:58:13,729 - INFO - Reference target: dokumen:820
2026-03-17 00:58:13,741 - INFO - PDF: /app/storage/dokumen/222117032/820/pdf/13. Bab 6 - Uji Coba.pdf
2026-03-17 00:58:13,741 - INFO - Output: /app/storage/dokumen/222117032/820/extraction/13. Bab 6 - Uji Coba
2026-03-17 00:58:13,741 - INFO - Images output directory: /app/storage/dokumen/222117032/820/images
2026-03-17 00:58:21,769 - INFO - Saved 21 page images to: /app/storage/dokumen/222117032/820/images
2026-03-17 00:58:21,788 - INFO - Updated dokumen_images_path: /dokumen/222117032/820/images
2026-03-17 00:58:21,789 - INFO - Delegating to MergingExtractionService...
2026-03-17 00:58:21,793 - INFO - Visual output directory: /app/storage/dokumen/222117032/820/pdf/classification
2026-03-17 00:58:21,796 - INFO - Running Docling for dokumen:820
2026-03-17 00:58:21,821 - INFO - detected formats: [<InputFormat.PDF: 'pdf'>]
2026-03-17 00:58:21,880 - INFO - Going to convert document batch...
2026-03-17 00:58:21,880 - INFO - Initializing pipeline for StandardPdfPipeline with options hash e15bc6f248154cc62f8db15ef18a8ab7
2026-03-17 00:58:21,895 - INFO - Loading plugin 'docling_defaults'
2026-03-17 00:58:21,897 - INFO - Registered picture descriptions: ['vlm', 'api']
2026-03-17 00:58:21,901 - INFO - Loading plugin 'docling_defaults'
2026-03-17 00:58:21,904 - INFO - Registered ocr engines: ['auto', 'easyocr', 'ocrmac', 'rapidocr', 'tesserocr', 'tesseract']
2026-03-17 00:58:22,136 - INFO - rapidocr cannot be used because onnxruntime is not installed.
2026-03-17 00:58:22,136 - INFO - easyocr cannot be used because it is not installed.
2026-03-17 00:58:22,525 - INFO - Accelerator device: 'cpu'
2026-03-17 00:58:23,285 - INFO - Auto OCR model selected rapidocr with torch.
2026-03-17 00:58:23,288 - INFO - Loading plugin 'docling_defaults'
2026-03-17 00:58:23,293 - INFO - Registered layout engines: ['docling_layout_default', 'docling_experimental_table_crops_layout']
2026-03-17 00:58:25,993 - INFO - Accelerator device: 'cpu'
2026-03-17 00:58:27,336 - INFO - Loading plugin 'docling_defaults'
2026-03-17 00:58:27,338 - INFO - Registered table structure engines: ['docling_tableformer']
2026-03-17 00:58:27,631 - INFO - Accelerator device: 'cpu'
2026-03-17 00:58:28,362 - INFO - Processing document 13. Bab 6 - Uji Coba.pdf
2026-03-17 00:59:22,488 - INFO - Finished converting document 13. Bab 6 - Uji Coba.pdf in 60.68 sec.
2026-03-17 00:59:22,583 - INFO - Opened PDF: /app/storage/dokumen/222117032/820/pdf/13. Bab 6 - Uji Coba.pdf (21 pages)
2026-03-17 00:59:22,583 - INFO - Processing 21 pages for dokumen:820
2026-03-17 00:59:40,751 - INFO - Resolved document-level claims for dokumen:820 cleared=0 affected_pages=0
2026-03-17 00:59:41,512 - INFO - Page 1: header/footer rows total=1 mapped=1 null=0
2026-03-17 00:59:42,213 - INFO - Page 2: header/footer rows total=1 mapped=1 null=0
2026-03-17 00:59:42,853 - INFO - Page 3: header/footer rows total=1 mapped=1 null=0
2026-03-17 00:59:43,475 - INFO - Page 4: header/footer rows total=1 mapped=1 null=0
2026-03-17 00:59:44,115 - INFO - Page 5: header/footer rows total=1 mapped=1 null=0
2026-03-17 00:59:44,815 - INFO - Page 6: header/footer rows total=1 mapped=1 null=0
2026-03-17 00:59:45,419 - INFO - Page 7: header/footer rows total=1 mapped=1 null=0
2026-03-17 00:59:46,027 - INFO - Page 8: header/footer rows total=1 mapped=1 null=0
2026-03-17 00:59:46,669 - INFO - Page 9: header/footer rows total=1 mapped=1 null=0
2026-03-17 00:59:47,296 - INFO - Page 10: header/footer rows total=1 mapped=1 null=0
2026-03-17 00:59:47,921 - INFO - Page 11: header/footer rows total=1 mapped=1 null=0
2026-03-17 00:59:48,520 - INFO - Page 12: header/footer rows total=1 mapped=1 null=0
2026-03-17 00:59:49,120 - INFO - Page 13: header/footer rows total=1 mapped=1 null=0
2026-03-17 00:59:49,747 - INFO - Page 14: header/footer rows total=1 mapped=1 null=0
2026-03-17 00:59:50,369 - INFO - Page 15: header/footer rows total=1 mapped=1 null=0
2026-03-17 00:59:50,962 - INFO - Page 16: header/footer rows total=1 mapped=1 null=0
2026-03-17 00:59:51,591 - INFO - Page 17: header/footer rows total=1 mapped=1 null=0
2026-03-17 00:59:52,201 - INFO - Page 18: header/footer rows total=1 mapped=1 null=0
2026-03-17 00:59:52,812 - INFO - Page 19: header/footer rows total=1 mapped=1 null=0
2026-03-17 00:59:53,418 - INFO - Page 20: header/footer rows total=1 mapped=1 null=0
2026-03-17 00:59:54,022 - INFO - Page 21: header/footer rows total=1 mapped=1 null=0
2026-03-17 00:59:54,191 - INFO - Page 1: Generated visualizations - ['fused']
2026-03-17 00:59:54,364 - INFO - Page 2: Generated visualizations - ['fused']
2026-03-17 00:59:54,526 - INFO - Page 3: Generated visualizations - ['fused']
2026-03-17 00:59:54,685 - INFO - Page 4: Generated visualizations - ['fused']
2026-03-17 00:59:54,862 - INFO - Page 5: Generated visualizations - ['fused']
2026-03-17 00:59:55,048 - INFO - Page 6: Generated visualizations - ['fused']
2026-03-17 00:59:55,241 - INFO - Page 7: Generated visualizations - ['fused']
2026-03-17 00:59:55,423 - INFO - Page 8: Generated visualizations - ['fused']
2026-03-17 00:59:55,620 - INFO - Page 9: Generated visualizations - ['fused']
2026-03-17 00:59:55,795 - INFO - Page 10: Generated visualizations - ['fused']
2026-03-17 00:59:55,954 - INFO - Page 11: Generated visualizations - ['fused']
2026-03-17 00:59:56,128 - INFO - Page 12: Generated visualizations - ['fused']
2026-03-17 00:59:56,290 - INFO - Page 13: Generated visualizations - ['fused']
2026-03-17 00:59:56,448 - INFO - Page 14: Generated visualizations - ['fused']
2026-03-17 00:59:56,634 - INFO - Page 15: Generated visualizations - ['fused']
2026-03-17 00:59:56,807 - INFO - Page 16: Generated visualizations - ['fused']
2026-03-17 00:59:56,969 - INFO - Page 17: Generated visualizations - ['fused']
2026-03-17 00:59:57,117 - INFO - Page 18: Generated visualizations - ['fused']
2026-03-17 00:59:57,267 - INFO - Page 19: Generated visualizations - ['fused']
2026-03-17 00:59:57,425 - INFO - Page 20: Generated visualizations - ['fused']
2026-03-17 00:59:57,533 - INFO - Page 21: Generated visualizations - ['fused']
2026-03-17 00:59:57,544 - INFO - Committed changes to database for dokumen:820
2026-03-17 00:59:57,547 - INFO - Labeling flow completed for dokumen:820
2026-03-17 00:59:57,558 - INFO - Task 1067 labeling status updated to: completed
2026-03-17 00:59:57,567 - INFO - Task 1067 validation status updated to: in_queue
2026-03-17 16:04:11,540 - INFO - Starting labeling worker (check every 5 seconds)
2026-03-17 16:04:11,541 - INFO - Flow: Labeling (Extraction+Alignment+Docling) -> Validation
2026-03-17 17:44:25,759 - INFO - Starting labeling worker (check every 5 seconds)
2026-03-17 17:44:25,759 - INFO - Flow: Labeling (Extraction+Alignment+Docling) -> Validation
2026-03-17 17:53:53,126 - INFO - Starting labeling worker (check every 5 seconds)
2026-03-17 17:53:53,126 - INFO - Flow: Labeling (Extraction+Alignment+Docling) -> Validation
2026-03-17 17:59:34,045 - INFO - Found labeling task in queue: ID 1068
2026-03-17 17:59:34,096 - INFO - Task 1068 labeling status updated to: processing
2026-03-17 17:59:34,097 - INFO - Processing labeling task ID: 1068, Type: dokumen
2026-03-17 17:59:34,097 - INFO - Reference target: dokumen:821
2026-03-17 17:59:34,136 - INFO - PDF: /app/storage/dokumen/222117032/821/pdf/9. Bab 2 - Landasan Teori.pdf
2026-03-17 17:59:34,136 - INFO - Output: /app/storage/dokumen/222117032/821/extraction/9. Bab 2 - Landasan Teori
2026-03-17 17:59:34,136 - INFO - Images output directory: /app/storage/dokumen/222117032/821/images
2026-03-17 17:59:39,503 - INFO - Saved 8 page images to: /app/storage/dokumen/222117032/821/images
2026-03-17 17:59:39,522 - INFO - Updated dokumen_images_path: /dokumen/222117032/821/images
2026-03-17 17:59:39,522 - INFO - Delegating to MergingExtractionService...
2026-03-17 17:59:39,528 - INFO - Visual output directory: /app/storage/dokumen/222117032/821/pdf/classification
2026-03-17 17:59:39,535 - INFO - Running Docling for dokumen:821
2026-03-17 17:59:39,570 - INFO - detected formats: [<InputFormat.PDF: 'pdf'>]
2026-03-17 17:59:39,667 - INFO - Going to convert document batch...
2026-03-17 17:59:39,669 - INFO - Initializing pipeline for StandardPdfPipeline with options hash e15bc6f248154cc62f8db15ef18a8ab7
2026-03-17 17:59:39,688 - INFO - Loading plugin 'docling_defaults'
2026-03-17 17:59:39,693 - INFO - Registered picture descriptions: ['vlm', 'api']
2026-03-17 17:59:39,699 - INFO - Loading plugin 'docling_defaults'
2026-03-17 17:59:39,706 - INFO - Registered ocr engines: ['auto', 'easyocr', 'ocrmac', 'rapidocr', 'tesserocr', 'tesseract']
2026-03-17 17:59:40,138 - INFO - rapidocr cannot be used because onnxruntime is not installed.
2026-03-17 17:59:40,138 - INFO - easyocr cannot be used because it is not installed.
2026-03-17 17:59:40,714 - INFO - Accelerator device: 'cpu'
2026-03-17 17:59:42,672 - INFO - Auto OCR model selected rapidocr with torch.
2026-03-17 17:59:42,684 - INFO - Loading plugin 'docling_defaults'
2026-03-17 17:59:42,695 - INFO - Registered layout engines: ['docling_layout_default', 'docling_experimental_table_crops_layout']
2026-03-17 17:59:47,406 - INFO - Accelerator device: 'cpu'
2026-03-17 17:59:49,141 - INFO - Loading plugin 'docling_defaults'
2026-03-17 17:59:49,143 - INFO - Registered table structure engines: ['docling_tableformer']
2026-03-17 17:59:49,483 - INFO - Accelerator device: 'cpu'
2026-03-17 17:59:50,406 - INFO - Processing document 9. Bab 2 - Landasan Teori.pdf
2026-03-17 18:00:08,611 - INFO - Finished converting document 9. Bab 2 - Landasan Teori.pdf in 29.05 sec.
2026-03-17 18:00:08,691 - INFO - Opened PDF: /app/storage/dokumen/222117032/821/pdf/9. Bab 2 - Landasan Teori.pdf (8 pages)
2026-03-17 18:00:08,691 - INFO - Processing 8 pages for dokumen:821
2026-03-17 18:00:17,078 - INFO - Resolved document-level claims for dokumen:821 cleared=0 affected_pages=0
2026-03-17 18:00:18,279 - INFO - Page 1: header/footer rows total=1 mapped=1 null=0
2026-03-17 18:00:19,074 - INFO - Page 2: header/footer rows total=1 mapped=1 null=0
2026-03-17 18:00:19,579 - INFO - Page 3: header/footer rows total=1 mapped=1 null=0
2026-03-17 18:00:20,347 - INFO - Page 4: header/footer rows total=1 mapped=1 null=0
2026-03-17 18:00:21,143 - INFO - Page 5: header/footer rows total=1 mapped=1 null=0
2026-03-17 18:00:21,670 - INFO - Page 6: header/footer rows total=1 mapped=1 null=0
2026-03-17 18:00:22,399 - INFO - Page 7: header/footer rows total=1 mapped=1 null=0
2026-03-17 18:00:23,104 - INFO - Page 8: header/footer rows total=1 mapped=1 null=0
2026-03-17 18:00:23,286 - INFO - Page 1: Generated visualizations - ['fused']
2026-03-17 18:00:23,456 - INFO - Page 2: Generated visualizations - ['fused']
2026-03-17 18:00:23,626 - INFO - Page 3: Generated visualizations - ['fused']
2026-03-17 18:00:23,830 - INFO - Page 4: Generated visualizations - ['fused']
2026-03-17 18:00:24,009 - INFO - Page 5: Generated visualizations - ['fused']
2026-03-17 18:00:24,185 - INFO - Page 6: Generated visualizations - ['fused']
2026-03-17 18:00:24,357 - INFO - Page 7: Generated visualizations - ['fused']
2026-03-17 18:00:24,489 - INFO - Page 8: Generated visualizations - ['fused']
2026-03-17 18:00:24,504 - INFO - Committed changes to database for dokumen:821
2026-03-17 18:00:24,508 - INFO - Labeling flow completed for dokumen:821
2026-03-17 18:00:24,522 - INFO - Task 1068 labeling status updated to: completed
2026-03-17 18:00:24,532 - INFO - Task 1068 validation status updated to: in_queue
2026-03-17 18:00:29,536 - INFO - Found labeling task in queue: ID 1069
2026-03-17 18:00:29,544 - INFO - Task 1069 labeling status updated to: processing
2026-03-17 18:00:29,545 - INFO - Processing labeling task ID: 1069, Type: dokumen
2026-03-17 18:00:29,545 - INFO - Reference target: dokumen:822
2026-03-17 18:00:29,561 - INFO - PDF: /app/storage/dokumen/222117032/822/pdf/10. Bab 3 - Analisa Sistem.pdf
2026-03-17 18:00:29,561 - INFO - Output: /app/storage/dokumen/222117032/822/extraction/10. Bab 3 - Analisa Sistem
2026-03-17 18:00:29,562 - INFO - Images output directory: /app/storage/dokumen/222117032/822/images
2026-03-17 18:00:33,758 - INFO - Saved 10 page images to: /app/storage/dokumen/222117032/822/images
2026-03-17 18:00:33,771 - INFO - Updated dokumen_images_path: /dokumen/222117032/822/images
2026-03-17 18:00:33,771 - INFO - Delegating to MergingExtractionService...
2026-03-17 18:00:33,777 - INFO - Visual output directory: /app/storage/dokumen/222117032/822/pdf/classification
2026-03-17 18:00:33,780 - INFO - Running Docling for dokumen:822
2026-03-17 18:00:33,802 - INFO - detected formats: [<InputFormat.PDF: 'pdf'>]
2026-03-17 18:00:33,805 - INFO - Going to convert document batch...
2026-03-17 18:00:33,805 - INFO - Initializing pipeline for StandardPdfPipeline with options hash e15bc6f248154cc62f8db15ef18a8ab7
2026-03-17 18:00:33,806 - INFO - rapidocr cannot be used because onnxruntime is not installed.
2026-03-17 18:00:33,807 - INFO - easyocr cannot be used because it is not installed.
2026-03-17 18:00:33,807 - INFO - Accelerator device: 'cpu'
2026-03-17 18:00:34,367 - INFO - Auto OCR model selected rapidocr with torch.
2026-03-17 18:00:34,367 - INFO - Accelerator device: 'cpu'
2026-03-17 18:00:35,589 - INFO - Accelerator device: 'cpu'
2026-03-17 18:00:36,176 - INFO - Processing document 10. Bab 3 - Analisa Sistem.pdf
2026-03-17 18:01:07,320 - INFO - Finished converting document 10. Bab 3 - Analisa Sistem.pdf in 33.53 sec.
2026-03-17 18:01:07,449 - INFO - Opened PDF: /app/storage/dokumen/222117032/822/pdf/10. Bab 3 - Analisa Sistem.pdf (10 pages)
2026-03-17 18:01:07,449 - INFO - Processing 10 pages for dokumen:822
2026-03-17 18:01:26,539 - INFO - Resolved document-level claims for dokumen:822 cleared=0 affected_pages=0
2026-03-17 18:01:27,436 - INFO - Page 1: header/footer rows total=1 mapped=1 null=0
2026-03-17 18:01:28,403 - INFO - Page 2: header/footer rows total=1 mapped=1 null=0
2026-03-17 18:01:29,248 - INFO - Page 3: header/footer rows total=1 mapped=1 null=0
2026-03-17 18:01:30,063 - INFO - Page 4: header/footer rows total=1 mapped=1 null=0
2026-03-17 18:01:30,870 - INFO - Page 5: header/footer rows total=1 mapped=1 null=0
2026-03-17 18:01:31,679 - INFO - Page 6: header/footer rows total=1 mapped=1 null=0
2026-03-17 18:01:32,951 - INFO - Page 7: header/footer rows total=1 mapped=1 null=0
2026-03-17 18:01:34,249 - INFO - Page 8: header/footer rows total=1 mapped=1 null=0
2026-03-17 18:01:35,219 - INFO - Page 9: header/footer rows total=1 mapped=1 null=0
2026-03-17 18:01:36,238 - INFO - Page 10: header/footer rows total=1 mapped=1 null=0
2026-03-17 18:01:36,477 - INFO - Page 1: Generated visualizations - ['fused']
2026-03-17 18:01:36,701 - INFO - Page 2: Generated visualizations - ['fused']
2026-03-17 18:01:36,948 - INFO - Page 3: Generated visualizations - ['fused']
2026-03-17 18:01:37,080 - INFO - Page 4: Generated visualizations - ['fused']
2026-03-17 18:01:37,317 - INFO - Page 5: Generated visualizations - ['fused']
2026-03-17 18:01:37,575 - INFO - Page 6: Generated visualizations - ['fused']
2026-03-17 18:01:37,892 - INFO - Page 7: Generated visualizations - ['fused']
2026-03-17 18:01:38,080 - INFO - Page 8: Generated visualizations - ['fused']
2026-03-17 18:01:38,259 - INFO - Page 9: Generated visualizations - ['fused']
2026-03-17 18:01:38,418 - INFO - Page 10: Generated visualizations - ['fused']
2026-03-17 18:01:38,441 - INFO - Committed changes to database for dokumen:822
2026-03-17 18:01:38,445 - INFO - Labeling flow completed for dokumen:822
2026-03-17 18:01:38,471 - INFO - Task 1069 labeling status updated to: completed
2026-03-17 18:01:38,483 - INFO - Task 1069 validation status updated to: in_queue
2026-03-17 18:01:43,497 - INFO - Found labeling task in queue: ID 1070
2026-03-17 18:01:43,522 - INFO - Task 1070 labeling status updated to: processing
2026-03-17 18:01:43,523 - INFO - Processing labeling task ID: 1070, Type: dokumen
2026-03-17 18:01:43,524 - INFO - Reference target: dokumen:823
2026-03-17 18:01:43,544 - INFO - PDF: /app/storage/dokumen/222117032/823/pdf/11. Bab 4 - Desain Sistem.pdf
2026-03-17 18:01:43,544 - INFO - Output: /app/storage/dokumen/222117032/823/extraction/11. Bab 4 - Desain Sistem
2026-03-17 18:01:43,545 - INFO - Images output directory: /app/storage/dokumen/222117032/823/images
2026-03-17 18:01:47,678 - INFO - Saved 8 page images to: /app/storage/dokumen/222117032/823/images
2026-03-17 18:01:47,697 - INFO - Updated dokumen_images_path: /dokumen/222117032/823/images
2026-03-17 18:01:47,698 - INFO - Delegating to MergingExtractionService...
2026-03-17 18:01:47,703 - INFO - Visual output directory: /app/storage/dokumen/222117032/823/pdf/classification
2026-03-17 18:01:47,712 - INFO - Running Docling for dokumen:823
2026-03-17 18:01:47,741 - INFO - detected formats: [<InputFormat.PDF: 'pdf'>]
2026-03-17 18:01:47,744 - INFO - Going to convert document batch...
2026-03-17 18:01:47,744 - INFO - Initializing pipeline for StandardPdfPipeline with options hash e15bc6f248154cc62f8db15ef18a8ab7
2026-03-17 18:01:47,745 - INFO - rapidocr cannot be used because onnxruntime is not installed.
2026-03-17 18:01:47,746 - INFO - easyocr cannot be used because it is not installed.
2026-03-17 18:01:47,747 - INFO - Accelerator device: 'cpu'
2026-03-17 18:01:48,588 - INFO - Auto OCR model selected rapidocr with torch.
2026-03-17 18:01:48,588 - INFO - Accelerator device: 'cpu'
2026-03-17 18:01:51,510 - INFO - Accelerator device: 'cpu'
2026-03-17 18:01:51,807 - INFO - Processing document 11. Bab 4 - Desain Sistem.pdf
2026-03-17 18:02:15,579 - INFO - Finished converting document 11. Bab 4 - Desain Sistem.pdf in 27.85 sec.
2026-03-17 18:02:15,671 - INFO - Opened PDF: /app/storage/dokumen/222117032/823/pdf/11. Bab 4 - Desain Sistem.pdf (8 pages)
2026-03-17 18:02:15,672 - INFO - Processing 8 pages for dokumen:823
2026-03-17 18:02:19,875 - INFO - Resolved document-level claims for dokumen:823 cleared=0 affected_pages=0
2026-03-17 18:02:20,587 - INFO - Page 1: header/footer rows total=1 mapped=1 null=0
2026-03-17 18:02:21,196 - INFO - Page 2: header/footer rows total=1 mapped=1 null=0
2026-03-17 18:02:21,623 - INFO - Page 3: header/footer rows total=1 mapped=1 null=0
2026-03-17 18:02:22,166 - INFO - Page 4: header/footer rows total=1 mapped=1 null=0
2026-03-17 18:02:22,673 - INFO - Page 5: header/footer rows total=1 mapped=1 null=0
2026-03-17 18:02:23,127 - INFO - Page 6: header/footer rows total=1 mapped=1 null=0
2026-03-17 18:02:23,637 - INFO - Page 7: header/footer rows total=1 mapped=1 null=0
2026-03-17 18:02:24,252 - INFO - Page 8: header/footer rows total=1 mapped=1 null=0
2026-03-17 18:02:24,395 - INFO - Page 1: Generated visualizations - ['fused']
2026-03-17 18:02:24,566 - INFO - Page 2: Generated visualizations - ['fused']
2026-03-17 18:02:24,717 - INFO - Page 3: Generated visualizations - ['fused']
2026-03-17 18:02:24,865 - INFO - Page 4: Generated visualizations - ['fused']
2026-03-17 18:02:25,005 - INFO - Page 5: Generated visualizations - ['fused']
2026-03-17 18:02:25,139 - INFO - Page 6: Generated visualizations - ['fused']
2026-03-17 18:02:25,310 - INFO - Page 7: Generated visualizations - ['fused']
2026-03-17 18:02:25,451 - INFO - Page 8: Generated visualizations - ['fused']
2026-03-17 18:02:25,468 - INFO - Committed changes to database for dokumen:823
2026-03-17 18:02:25,470 - INFO - Labeling flow completed for dokumen:823
2026-03-17 18:02:25,481 - INFO - Task 1070 labeling status updated to: completed
2026-03-17 18:02:25,488 - INFO - Task 1070 validation status updated to: in_queue
2026-03-17 18:02:30,494 - INFO - Found labeling task in queue: ID 1071
2026-03-17 18:02:30,509 - INFO - Task 1071 labeling status updated to: processing
2026-03-17 18:02:30,509 - INFO - Processing labeling task ID: 1071, Type: dokumen
2026-03-17 18:02:30,510 - INFO - Reference target: dokumen:824
2026-03-17 18:02:30,531 - INFO - PDF: /app/storage/dokumen/222117032/824/pdf/12. Bab 5 - Implementasi.pdf
2026-03-17 18:02:30,531 - INFO - Output: /app/storage/dokumen/222117032/824/extraction/12. Bab 5 - Implementasi
2026-03-17 18:02:30,532 - INFO - Images output directory: /app/storage/dokumen/222117032/824/images
2026-03-17 18:02:57,588 - INFO - Saved 56 page images to: /app/storage/dokumen/222117032/824/images
2026-03-17 18:02:57,621 - INFO - Updated dokumen_images_path: /dokumen/222117032/824/images
2026-03-17 18:02:57,621 - INFO - Delegating to MergingExtractionService...
2026-03-17 18:02:57,628 - INFO - Visual output directory: /app/storage/dokumen/222117032/824/pdf/classification
2026-03-17 18:02:57,633 - INFO - Running Docling for dokumen:824
2026-03-17 18:02:57,666 - INFO - detected formats: [<InputFormat.PDF: 'pdf'>]
2026-03-17 18:02:57,678 - INFO - Going to convert document batch...
2026-03-17 18:02:57,680 - INFO - Initializing pipeline for StandardPdfPipeline with options hash e15bc6f248154cc62f8db15ef18a8ab7
2026-03-17 18:02:57,681 - INFO - rapidocr cannot be used because onnxruntime is not installed.
2026-03-17 18:02:57,682 - INFO - easyocr cannot be used because it is not installed.
2026-03-17 18:02:57,682 - INFO - Accelerator device: 'cpu'
2026-03-17 18:02:58,322 - INFO - Auto OCR model selected rapidocr with torch.
2026-03-17 18:02:58,323 - INFO - Accelerator device: 'cpu'
2026-03-17 18:02:59,114 - INFO - Accelerator device: 'cpu'
2026-03-17 18:02:59,470 - INFO - Processing document 12. Bab 5 - Implementasi.pdf
2026-03-17 18:04:29,719 - INFO - Finished converting document 12. Bab 5 - Implementasi.pdf in 92.07 sec.
2026-03-17 18:04:29,835 - INFO - Opened PDF: /app/storage/dokumen/222117032/824/pdf/12. Bab 5 - Implementasi.pdf (56 pages)
2026-03-17 18:04:29,835 - INFO - Processing 56 pages for dokumen:824
2026-03-17 18:08:10,880 - INFO - Resolved document-level claims for dokumen:824 cleared=0 affected_pages=0
2026-03-17 18:08:11,654 - INFO - Page 1: header/footer rows total=1 mapped=1 null=0
2026-03-17 18:08:12,108 - INFO - Page 2: header/footer rows total=1 mapped=1 null=0
2026-03-17 18:08:12,766 - INFO - Page 3: header/footer rows total=1 mapped=1 null=0
2026-03-17 18:08:13,428 - INFO - Page 4: header/footer rows total=1 mapped=1 null=0
2026-03-17 18:08:14,107 - INFO - Page 5: header/footer rows total=1 mapped=1 null=0
2026-03-17 18:08:14,618 - INFO - Page 6: header/footer rows total=1 mapped=1 null=0
2026-03-17 18:08:15,423 - INFO - Page 7: header/footer rows total=1 mapped=1 null=0
2026-03-17 18:08:16,171 - INFO - Page 8: header/footer rows total=1 mapped=1 null=0
2026-03-17 18:08:16,784 - INFO - Page 9: header/footer rows total=1 mapped=1 null=0
2026-03-17 18:08:17,286 - INFO - Page 10: header/footer rows total=1 mapped=1 null=0
2026-03-17 18:08:18,011 - INFO - Page 11: header/footer rows total=1 mapped=1 null=0
2026-03-17 18:08:18,683 - INFO - Page 12: header/footer rows total=1 mapped=1 null=0
2026-03-17 18:08:19,163 - INFO - Page 13: header/footer rows total=1 mapped=1 null=0
2026-03-17 18:08:19,795 - INFO - Page 14: header/footer rows total=1 mapped=1 null=0
2026-03-17 18:08:20,477 - INFO - Page 15: header/footer rows total=1 mapped=1 null=0
2026-03-17 18:08:20,929 - INFO - Page 16: header/footer rows total=1 mapped=1 null=0
2026-03-17 18:08:21,383 - INFO - Page 17: header/footer rows total=1 mapped=1 null=0
2026-03-17 18:08:21,997 - INFO - Page 18: header/footer rows total=1 mapped=1 null=0
2026-03-17 18:08:22,637 - INFO - Page 19: header/footer rows total=1 mapped=1 null=0
2026-03-17 18:08:23,112 - INFO - Page 20: header/footer rows total=1 mapped=1 null=0
2026-03-17 18:08:23,725 - INFO - Page 21: header/footer rows total=1 mapped=1 null=0
2026-03-17 18:08:24,379 - INFO - Page 22: header/footer rows total=1 mapped=1 null=0
2026-03-17 18:08:24,813 - INFO - Page 23: header/footer rows total=1 mapped=1 null=0
2026-03-17 18:08:25,422 - INFO - Page 24: header/footer rows total=1 mapped=1 null=0
2026-03-17 18:08:26,064 - INFO - Page 25: header/footer rows total=1 mapped=1 null=0
2026-03-17 18:08:26,508 - INFO - Page 26: header/footer rows total=1 mapped=1 null=0
2026-03-17 18:08:27,106 - INFO - Page 27: header/footer rows total=1 mapped=1 null=0
2026-03-17 18:08:27,702 - INFO - Page 28: header/footer rows total=1 mapped=1 null=0
2026-03-17 18:08:28,269 - INFO - Page 29: header/footer rows total=1 mapped=1 null=0
2026-03-17 18:08:28,925 - INFO - Page 30: header/footer rows total=1 mapped=1 null=0
2026-03-17 18:08:29,557 - INFO - Page 31: header/footer rows total=1 mapped=1 null=0
2026-03-17 18:08:30,025 - INFO - Page 32: header/footer rows total=1 mapped=1 null=0
2026-03-17 18:08:30,653 - INFO - Page 33: header/footer rows total=1 mapped=1 null=0
2026-03-17 18:08:31,297 - INFO - Page 34: header/footer rows total=1 mapped=1 null=0
2026-03-17 18:08:31,738 - INFO - Page 35: header/footer rows total=1 mapped=1 null=0
2026-03-17 18:08:32,355 - INFO - Page 36: header/footer rows total=1 mapped=1 null=0
2026-03-17 18:08:32,947 - INFO - Page 37: header/footer rows total=1 mapped=1 null=0
2026-03-17 18:08:33,461 - INFO - Page 38: header/footer rows total=1 mapped=1 null=0
2026-03-17 18:08:34,073 - INFO - Page 39: header/footer rows total=1 mapped=1 null=0
2026-03-17 18:08:34,507 - INFO - Page 40: header/footer rows total=1 mapped=1 null=0
2026-03-17 18:08:35,089 - INFO - Page 41: header/footer rows total=1 mapped=1 null=0
2026-03-17 18:08:35,666 - INFO - Page 42: header/footer rows total=1 mapped=1 null=0
2026-03-17 18:08:36,091 - INFO - Page 43: header/footer rows total=1 mapped=1 null=0
2026-03-17 18:08:36,696 - INFO - Page 44: header/footer rows total=1 mapped=1 null=0
2026-03-17 18:08:37,244 - INFO - Page 45: header/footer rows total=1 mapped=1 null=0
2026-03-17 18:08:37,682 - INFO - Page 46: header/footer rows total=1 mapped=1 null=0
2026-03-17 18:08:38,410 - INFO - Page 47: header/footer rows total=1 mapped=1 null=0
2026-03-17 18:08:38,907 - INFO - Page 48: header/footer rows total=1 mapped=1 null=0
2026-03-17 18:08:39,426 - INFO - Page 49: header/footer rows total=1 mapped=1 null=0
2026-03-17 18:08:40,085 - INFO - Page 50: header/footer rows total=1 mapped=1 null=0
2026-03-17 18:08:40,524 - INFO - Page 51: header/footer rows total=1 mapped=1 null=0
2026-03-17 18:08:40,991 - INFO - Page 52: header/footer rows total=1 mapped=1 null=0
2026-03-17 18:08:41,615 - INFO - Page 53: header/footer rows total=1 mapped=1 null=0
2026-03-17 18:08:42,209 - INFO - Page 54: header/footer rows total=1 mapped=1 null=0
2026-03-17 18:08:42,642 - INFO - Page 55: header/footer rows total=1 mapped=1 null=0
2026-03-17 18:08:43,230 - INFO - Page 56: header/footer rows total=1 mapped=1 null=0
2026-03-17 18:08:43,384 - INFO - Page 1: Generated visualizations - ['fused']
2026-03-17 18:08:43,558 - INFO - Page 2: Generated visualizations - ['fused']
2026-03-17 18:08:43,774 - INFO - Page 3: Generated visualizations - ['fused']
2026-03-17 18:08:43,986 - INFO - Page 4: Generated visualizations - ['fused']
2026-03-17 18:08:44,191 - INFO - Page 5: Generated visualizations - ['fused']
2026-03-17 18:08:44,373 - INFO - Page 6: Generated visualizations - ['fused']
2026-03-17 18:08:44,573 - INFO - Page 7: Generated visualizations - ['fused']
2026-03-17 18:08:44,783 - INFO - Page 8: Generated visualizations - ['fused']
2026-03-17 18:08:45,003 - INFO - Page 9: Generated visualizations - ['fused']
2026-03-17 18:08:45,222 - INFO - Page 10: Generated visualizations - ['fused']
2026-03-17 18:08:45,410 - INFO - Page 11: Generated visualizations - ['fused']
2026-03-17 18:08:45,633 - INFO - Page 12: Generated visualizations - ['fused']
2026-03-17 18:08:45,835 - INFO - Page 13: Generated visualizations - ['fused']
2026-03-17 18:08:46,072 - INFO - Page 14: Generated visualizations - ['fused']
2026-03-17 18:08:46,260 - INFO - Page 15: Generated visualizations - ['fused']
2026-03-17 18:08:46,479 - INFO - Page 16: Generated visualizations - ['fused']
2026-03-17 18:08:46,667 - INFO - Page 17: Generated visualizations - ['fused']
2026-03-17 18:08:46,836 - INFO - Page 18: Generated visualizations - ['fused']
2026-03-17 18:08:47,002 - INFO - Page 19: Generated visualizations - ['fused']
2026-03-17 18:08:47,203 - INFO - Page 20: Generated visualizations - ['fused']
2026-03-17 18:08:47,407 - INFO - Page 21: Generated visualizations - ['fused']
2026-03-17 18:08:47,640 - INFO - Page 22: Generated visualizations - ['fused']
2026-03-17 18:08:47,858 - INFO - Page 23: Generated visualizations - ['fused']
2026-03-17 18:08:48,198 - INFO - Page 24: Generated visualizations - ['fused']
2026-03-17 18:08:48,435 - INFO - Page 25: Generated visualizations - ['fused']
2026-03-17 18:08:48,727 - INFO - Page 26: Generated visualizations - ['fused']
2026-03-17 18:08:48,970 - INFO - Page 27: Generated visualizations - ['fused']
2026-03-17 18:08:49,247 - INFO - Page 28: Generated visualizations - ['fused']
2026-03-17 18:08:49,467 - INFO - Page 29: Generated visualizations - ['fused']
2026-03-17 18:08:49,701 - INFO - Page 30: Generated visualizations - ['fused']
2026-03-17 18:08:49,907 - INFO - Page 31: Generated visualizations - ['fused']
2026-03-17 18:08:50,123 - INFO - Page 32: Generated visualizations - ['fused']
2026-03-17 18:08:50,355 - INFO - Page 33: Generated visualizations - ['fused']
2026-03-17 18:08:50,606 - INFO - Page 34: Generated visualizations - ['fused']
2026-03-17 18:08:50,880 - INFO - Page 35: Generated visualizations - ['fused']
2026-03-17 18:08:51,126 - INFO - Page 36: Generated visualizations - ['fused']
2026-03-17 18:08:51,376 - INFO - Page 37: Generated visualizations - ['fused']
2026-03-17 18:08:51,586 - INFO - Page 38: Generated visualizations - ['fused']
2026-03-17 18:08:51,804 - INFO - Page 39: Generated visualizations - ['fused']
2026-03-17 18:08:51,987 - INFO - Page 40: Generated visualizations - ['fused']
2026-03-17 18:08:52,210 - INFO - Page 41: Generated visualizations - ['fused']
2026-03-17 18:08:52,513 - INFO - Page 42: Generated visualizations - ['fused']
2026-03-17 18:08:52,783 - INFO - Page 43: Generated visualizations - ['fused']
2026-03-17 18:08:53,039 - INFO - Page 44: Generated visualizations - ['fused']
2026-03-17 18:08:53,312 - INFO - Page 45: Generated visualizations - ['fused']
2026-03-17 18:08:53,641 - INFO - Page 46: Generated visualizations - ['fused']
2026-03-17 18:08:53,976 - INFO - Page 47: Generated visualizations - ['fused']
2026-03-17 18:08:54,327 - INFO - Page 48: Generated visualizations - ['fused']
2026-03-17 18:08:54,587 - INFO - Page 49: Generated visualizations - ['fused']
2026-03-17 18:08:54,855 - INFO - Page 50: Generated visualizations - ['fused']
2026-03-17 18:08:55,108 - INFO - Page 51: Generated visualizations - ['fused']
2026-03-17 18:08:55,357 - INFO - Page 52: Generated visualizations - ['fused']
2026-03-17 18:08:55,626 - INFO - Page 53: Generated visualizations - ['fused']
2026-03-17 18:08:55,883 - INFO - Page 54: Generated visualizations - ['fused']
2026-03-17 18:08:56,041 - INFO - Page 55: Generated visualizations - ['fused']
2026-03-17 18:08:56,187 - INFO - Page 56: Generated visualizations - ['fused']
2026-03-17 18:08:56,198 - INFO - Committed changes to database for dokumen:824
2026-03-17 18:08:56,214 - INFO - Labeling flow completed for dokumen:824
2026-03-17 18:08:56,228 - INFO - Task 1071 labeling status updated to: completed
2026-03-17 18:08:56,240 - INFO - Task 1071 validation status updated to: in_queue
2026-03-17 18:09:01,251 - INFO - Found labeling task in queue: ID 1072
2026-03-17 18:09:01,291 - INFO - Task 1072 labeling status updated to: processing
2026-03-17 18:09:01,292 - INFO - Processing labeling task ID: 1072, Type: dokumen
2026-03-17 18:09:01,293 - INFO - Reference target: dokumen:825
2026-03-17 18:09:01,322 - INFO - PDF: /app/storage/dokumen/222117032/825/pdf/13. Bab 6 - Uji Coba.pdf
2026-03-17 18:09:01,322 - INFO - Output: /app/storage/dokumen/222117032/825/extraction/13. Bab 6 - Uji Coba
2026-03-17 18:09:01,323 - INFO - Images output directory: /app/storage/dokumen/222117032/825/images
2026-03-17 18:09:13,348 - INFO - Saved 21 page images to: /app/storage/dokumen/222117032/825/images
2026-03-17 18:09:13,369 - INFO - Updated dokumen_images_path: /dokumen/222117032/825/images
2026-03-17 18:09:13,369 - INFO - Delegating to MergingExtractionService...
2026-03-17 18:09:13,375 - INFO - Visual output directory: /app/storage/dokumen/222117032/825/pdf/classification
2026-03-17 18:09:13,379 - INFO - Running Docling for dokumen:825
2026-03-17 18:09:13,405 - INFO - detected formats: [<InputFormat.PDF: 'pdf'>]
2026-03-17 18:09:13,418 - INFO - Going to convert document batch...
2026-03-17 18:09:13,422 - INFO - Initializing pipeline for StandardPdfPipeline with options hash e15bc6f248154cc62f8db15ef18a8ab7
2026-03-17 18:09:13,425 - INFO - rapidocr cannot be used because onnxruntime is not installed.
2026-03-17 18:09:13,426 - INFO - easyocr cannot be used because it is not installed.
2026-03-17 18:09:13,427 - INFO - Accelerator device: 'cpu'
2026-03-17 18:09:14,337 - INFO - Auto OCR model selected rapidocr with torch.
2026-03-17 18:09:14,338 - INFO - Accelerator device: 'cpu'
2026-03-17 18:09:15,352 - INFO - Accelerator device: 'cpu'
2026-03-17 18:09:15,859 - INFO - Processing document 13. Bab 6 - Uji Coba.pdf
2026-03-17 18:10:35,140 - INFO - Finished converting document 13. Bab 6 - Uji Coba.pdf in 81.75 sec.
2026-03-17 18:10:35,254 - INFO - Opened PDF: /app/storage/dokumen/222117032/825/pdf/13. Bab 6 - Uji Coba.pdf (21 pages)
2026-03-17 18:10:35,254 - INFO - Processing 21 pages for dokumen:825
2026-03-17 18:11:01,200 - INFO - Resolved document-level claims for dokumen:825 cleared=0 affected_pages=0
2026-03-17 18:11:02,001 - INFO - Page 1: header/footer rows total=1 mapped=1 null=0
2026-03-17 18:11:02,648 - INFO - Page 2: header/footer rows total=1 mapped=1 null=0
2026-03-17 18:11:03,346 - INFO - Page 3: header/footer rows total=1 mapped=1 null=0
2026-03-17 18:11:04,046 - INFO - Page 4: header/footer rows total=1 mapped=1 null=0
2026-03-17 18:11:04,746 - INFO - Page 5: header/footer rows total=1 mapped=1 null=0
2026-03-17 18:11:05,435 - INFO - Page 6: header/footer rows total=1 mapped=1 null=0
2026-03-17 18:11:06,028 - INFO - Page 7: header/footer rows total=1 mapped=1 null=0
2026-03-17 18:11:06,589 - INFO - Page 8: header/footer rows total=1 mapped=1 null=0
2026-03-17 18:11:07,226 - INFO - Page 9: header/footer rows total=1 mapped=1 null=0
2026-03-17 18:11:07,886 - INFO - Page 10: header/footer rows total=1 mapped=1 null=0
2026-03-17 18:11:08,657 - INFO - Page 11: header/footer rows total=1 mapped=1 null=0
2026-03-17 18:11:09,316 - INFO - Page 12: header/footer rows total=1 mapped=1 null=0
2026-03-17 18:11:09,964 - INFO - Page 13: header/footer rows total=1 mapped=1 null=0
2026-03-17 18:11:10,657 - INFO - Page 14: header/footer rows total=1 mapped=1 null=0
2026-03-17 18:11:11,326 - INFO - Page 15: header/footer rows total=1 mapped=1 null=0
2026-03-17 18:11:12,013 - INFO - Page 16: header/footer rows total=1 mapped=1 null=0
2026-03-17 18:11:12,479 - INFO - Page 17: header/footer rows total=1 mapped=1 null=0
2026-03-17 18:11:13,104 - INFO - Page 18: header/footer rows total=1 mapped=1 null=0
2026-03-17 18:11:13,773 - INFO - Page 19: header/footer rows total=1 mapped=1 null=0
2026-03-17 18:11:14,438 - INFO - Page 20: header/footer rows total=1 mapped=1 null=0
2026-03-17 18:11:15,053 - INFO - Page 21: header/footer rows total=1 mapped=1 null=0
2026-03-17 18:11:15,215 - INFO - Page 1: Generated visualizations - ['fused']
2026-03-17 18:11:15,409 - INFO - Page 2: Generated visualizations - ['fused']
2026-03-17 18:11:15,586 - INFO - Page 3: Generated visualizations - ['fused']
2026-03-17 18:11:15,757 - INFO - Page 4: Generated visualizations - ['fused']
2026-03-17 18:11:15,947 - INFO - Page 5: Generated visualizations - ['fused']
2026-03-17 18:11:16,135 - INFO - Page 6: Generated visualizations - ['fused']
2026-03-17 18:11:16,316 - INFO - Page 7: Generated visualizations - ['fused']
2026-03-17 18:11:16,488 - INFO - Page 8: Generated visualizations - ['fused']
2026-03-17 18:11:16,660 - INFO - Page 9: Generated visualizations - ['fused']
2026-03-17 18:11:16,828 - INFO - Page 10: Generated visualizations - ['fused']
2026-03-17 18:11:16,991 - INFO - Page 11: Generated visualizations - ['fused']
2026-03-17 18:11:17,174 - INFO - Page 12: Generated visualizations - ['fused']
2026-03-17 18:11:17,350 - INFO - Page 13: Generated visualizations - ['fused']
2026-03-17 18:11:17,522 - INFO - Page 14: Generated visualizations - ['fused']
2026-03-17 18:11:17,696 - INFO - Page 15: Generated visualizations - ['fused']
2026-03-17 18:11:17,863 - INFO - Page 16: Generated visualizations - ['fused']
2026-03-17 18:11:18,072 - INFO - Page 17: Generated visualizations - ['fused']
2026-03-17 18:11:18,267 - INFO - Page 18: Generated visualizations - ['fused']
2026-03-17 18:11:18,447 - INFO - Page 19: Generated visualizations - ['fused']
2026-03-17 18:11:18,634 - INFO - Page 20: Generated visualizations - ['fused']
2026-03-17 18:11:18,760 - INFO - Page 21: Generated visualizations - ['fused']
2026-03-17 18:11:18,774 - INFO - Committed changes to database for dokumen:825
2026-03-17 18:11:18,777 - INFO - Labeling flow completed for dokumen:825
2026-03-17 18:11:18,789 - INFO - Task 1072 labeling status updated to: completed
2026-03-17 18:11:18,798 - INFO - Task 1072 validation status updated to: in_queue
2026-03-17 18:11:23,805 - INFO - Found labeling task in queue: ID 1073
2026-03-17 18:11:23,814 - INFO - Task 1073 labeling status updated to: processing
2026-03-17 18:11:23,814 - INFO - Processing labeling task ID: 1073, Type: dokumen
2026-03-17 18:11:23,814 - INFO - Reference target: dokumen:826
2026-03-17 18:11:23,828 - INFO - PDF: /app/storage/dokumen/222117032/826/pdf/9. Bab II - Teori Penunjang.pdf
2026-03-17 18:11:23,828 - INFO - Output: /app/storage/dokumen/222117032/826/extraction/9. Bab II - Teori Penunjang
2026-03-17 18:11:23,829 - INFO - Images output directory: /app/storage/dokumen/222117032/826/images
2026-03-17 18:11:28,489 - INFO - Saved 13 page images to: /app/storage/dokumen/222117032/826/images
2026-03-17 18:11:28,510 - INFO - Updated dokumen_images_path: /dokumen/222117032/826/images
2026-03-17 18:11:28,511 - INFO - Delegating to MergingExtractionService...
2026-03-17 18:11:28,516 - INFO - Visual output directory: /app/storage/dokumen/222117032/826/pdf/classification
2026-03-17 18:11:28,519 - INFO - Running Docling for dokumen:826
2026-03-17 18:11:28,535 - INFO - detected formats: [<InputFormat.PDF: 'pdf'>]
2026-03-17 18:11:28,538 - INFO - Going to convert document batch...
2026-03-17 18:11:28,538 - INFO - Initializing pipeline for StandardPdfPipeline with options hash e15bc6f248154cc62f8db15ef18a8ab7
2026-03-17 18:11:28,539 - INFO - rapidocr cannot be used because onnxruntime is not installed.
2026-03-17 18:11:28,540 - INFO - easyocr cannot be used because it is not installed.
2026-03-17 18:11:28,540 - INFO - Accelerator device: 'cpu'
2026-03-17 18:11:29,044 - INFO - Auto OCR model selected rapidocr with torch.
2026-03-17 18:11:29,045 - INFO - Accelerator device: 'cpu'
2026-03-17 18:11:29,796 - INFO - Accelerator device: 'cpu'
2026-03-17 18:11:30,115 - INFO - Processing document 9. Bab II - Teori Penunjang.pdf
2026-03-17 18:11:32,141 - WARNING - RapidOCR returned empty result!
2026-03-17 18:11:58,680 - INFO - Finished converting document 9. Bab II - Teori Penunjang.pdf in 30.15 sec.
2026-03-17 18:11:58,780 - INFO - Opened PDF: /app/storage/dokumen/222117032/826/pdf/9. Bab II - Teori Penunjang.pdf (13 pages)
2026-03-17 18:11:58,780 - INFO - Processing 13 pages for dokumen:826
2026-03-17 18:12:14,670 - INFO - Resolved document-level claims for dokumen:826 cleared=0 affected_pages=0
2026-03-17 18:12:15,342 - INFO - Page 1: header/footer rows total=1 mapped=1 null=0
2026-03-17 18:12:15,957 - INFO - Page 2: header/footer rows total=1 mapped=1 null=0
2026-03-17 18:12:16,382 - INFO - Page 3: header/footer rows total=1 mapped=1 null=0
2026-03-17 18:12:16,981 - INFO - Page 4: header/footer rows total=1 mapped=1 null=0
2026-03-17 18:12:17,618 - INFO - Page 5: header/footer rows total=1 mapped=1 null=0
2026-03-17 18:12:18,426 - INFO - Page 6: header/footer rows total=1 mapped=1 null=0
2026-03-17 18:12:19,052 - INFO - Page 7: header/footer rows total=1 mapped=1 null=0
2026-03-17 18:12:19,707 - INFO - Page 8: header/footer rows total=1 mapped=1 null=0
2026-03-17 18:12:20,334 - INFO - Page 9: header/footer rows total=1 mapped=1 null=0
2026-03-17 18:12:20,822 - INFO - Page 10: header/footer rows total=1 mapped=1 null=0
2026-03-17 18:12:21,420 - INFO - Page 11: header/footer rows total=1 mapped=1 null=0
2026-03-17 18:12:22,038 - INFO - Page 12: header/footer rows total=1 mapped=1 null=0
2026-03-17 18:12:22,669 - INFO - Page 13: header/footer rows total=1 mapped=1 null=0
2026-03-17 18:12:22,825 - INFO - Page 1: Generated visualizations - ['fused']
2026-03-17 18:12:22,968 - INFO - Page 2: Generated visualizations - ['fused']
2026-03-17 18:12:23,117 - INFO - Page 3: Generated visualizations - ['fused']
2026-03-17 18:12:23,289 - INFO - Page 4: Generated visualizations - ['fused']
2026-03-17 18:12:23,440 - INFO - Page 5: Generated visualizations - ['fused']
2026-03-17 18:12:23,589 - INFO - Page 6: Generated visualizations - ['fused']
2026-03-17 18:12:23,757 - INFO - Page 7: Generated visualizations - ['fused']
2026-03-17 18:12:23,905 - INFO - Page 8: Generated visualizations - ['fused']
2026-03-17 18:12:24,059 - INFO - Page 9: Generated visualizations - ['fused']
2026-03-17 18:12:24,317 - INFO - Page 10: Generated visualizations - ['fused']
2026-03-17 18:12:24,539 - INFO - Page 11: Generated visualizations - ['fused']
2026-03-17 18:12:24,731 - INFO - Page 12: Generated visualizations - ['fused']
2026-03-17 18:12:24,875 - INFO - Page 13: Generated visualizations - ['fused']
2026-03-17 18:12:24,887 - INFO - Committed changes to database for dokumen:826
2026-03-17 18:12:24,890 - INFO - Labeling flow completed for dokumen:826
2026-03-17 18:12:24,902 - INFO - Task 1073 labeling status updated to: completed
2026-03-17 18:12:24,910 - INFO - Task 1073 validation status updated to: in_queue
2026-03-17 18:12:29,913 - INFO - Found labeling task in queue: ID 1074
2026-03-17 18:12:29,929 - INFO - Task 1074 labeling status updated to: processing
2026-03-17 18:12:29,929 - INFO - Processing labeling task ID: 1074, Type: dokumen
2026-03-17 18:12:29,929 - INFO - Reference target: dokumen:827
2026-03-17 18:12:29,943 - INFO - PDF: /app/storage/dokumen/222117032/827/pdf/11. Bab IV - Desain.pdf
2026-03-17 18:12:29,943 - INFO - Output: /app/storage/dokumen/222117032/827/extraction/11. Bab IV - Desain
2026-03-17 18:12:29,943 - INFO - Images output directory: /app/storage/dokumen/222117032/827/images
2026-03-17 18:12:47,695 - INFO - Saved 46 page images to: /app/storage/dokumen/222117032/827/images
2026-03-17 18:12:47,710 - INFO - Updated dokumen_images_path: /dokumen/222117032/827/images
2026-03-17 18:12:47,711 - INFO - Delegating to MergingExtractionService...
2026-03-17 18:12:47,716 - INFO - Visual output directory: /app/storage/dokumen/222117032/827/pdf/classification
2026-03-17 18:12:47,719 - INFO - Running Docling for dokumen:827
2026-03-17 18:12:47,740 - INFO - detected formats: [<InputFormat.PDF: 'pdf'>]
2026-03-17 18:12:47,746 - INFO - Going to convert document batch...
2026-03-17 18:12:47,746 - INFO - Initializing pipeline for StandardPdfPipeline with options hash e15bc6f248154cc62f8db15ef18a8ab7
2026-03-17 18:12:47,747 - INFO - rapidocr cannot be used because onnxruntime is not installed.
2026-03-17 18:12:47,748 - INFO - easyocr cannot be used because it is not installed.
2026-03-17 18:12:47,749 - INFO - Accelerator device: 'cpu'
2026-03-17 18:12:48,653 - INFO - Auto OCR model selected rapidocr with torch.
2026-03-17 18:12:48,654 - INFO - Accelerator device: 'cpu'
2026-03-17 18:12:49,491 - INFO - Accelerator device: 'cpu'
2026-03-17 18:12:49,857 - INFO - Processing document 11. Bab IV - Desain.pdf
2026-03-17 18:14:04,906 - WARNING - RapidOCR returned empty result!
2026-03-17 18:14:12,951 - WARNING - RapidOCR returned empty result!
2026-03-17 18:14:39,045 - INFO - Finished converting document 11. Bab IV - Desain.pdf in 111.32 sec.
2026-03-17 18:14:39,176 - INFO - Opened PDF: /app/storage/dokumen/222117032/827/pdf/11. Bab IV - Desain.pdf (46 pages)
2026-03-17 18:14:39,176 - INFO - Processing 46 pages for dokumen:827
2026-03-17 18:16:17,979 - INFO - Resolved document-level claims for dokumen:827 cleared=0 affected_pages=0
2026-03-17 18:16:18,941 - INFO - Page 1: header/footer rows total=1 mapped=1 null=0
2026-03-17 18:16:19,735 - INFO - Page 2: header/footer rows total=1 mapped=1 null=0
2026-03-17 18:16:20,495 - INFO - Page 3: header/footer rows total=1 mapped=1 null=0
2026-03-17 18:16:21,241 - INFO - Page 4: header/footer rows total=1 mapped=1 null=0
2026-03-17 18:16:21,970 - INFO - Page 5: header/footer rows total=1 mapped=1 null=0
2026-03-17 18:16:22,800 - INFO - Page 6: header/footer rows total=1 mapped=1 null=0
2026-03-17 18:16:23,642 - INFO - Page 7: header/footer rows total=1 mapped=1 null=0
2026-03-17 18:16:24,362 - INFO - Page 8: header/footer rows total=1 mapped=1 null=0
2026-03-17 18:16:25,081 - INFO - Page 9: header/footer rows total=1 mapped=1 null=0
2026-03-17 18:16:25,844 - INFO - Page 10: header/footer rows total=1 mapped=1 null=0
2026-03-17 18:16:27,112 - INFO - Page 11: header/footer rows total=1 mapped=1 null=0
2026-03-17 18:16:28,663 - INFO - Page 12: header/footer rows total=1 mapped=1 null=0
2026-03-17 18:16:29,611 - INFO - Page 13: header/footer rows total=1 mapped=1 null=0
2026-03-17 18:16:30,608 - INFO - Page 14: header/footer rows total=1 mapped=1 null=0
2026-03-17 18:16:31,401 - INFO - Page 15: header/footer rows total=1 mapped=1 null=0
2026-03-17 18:16:32,105 - INFO - Page 16: header/footer rows total=1 mapped=1 null=0
2026-03-17 18:16:32,804 - INFO - Page 17: header/footer rows total=1 mapped=1 null=0
2026-03-17 18:16:33,572 - INFO - Page 18: header/footer rows total=1 mapped=1 null=0
2026-03-17 18:16:34,801 - INFO - Page 19: header/footer rows total=1 mapped=1 null=0
2026-03-17 18:16:35,765 - INFO - Page 20: header/footer rows total=1 mapped=1 null=0
2026-03-17 18:16:36,407 - INFO - Page 21: header/footer rows total=1 mapped=1 null=0
2026-03-17 18:16:36,966 - INFO - Page 22: header/footer rows total=1 mapped=1 null=0
2026-03-17 18:16:37,354 - INFO - Page 23: header/footer rows total=1 mapped=1 null=0
2026-03-17 18:16:37,906 - INFO - Page 24: header/footer rows total=1 mapped=1 null=0
2026-03-17 18:16:38,561 - INFO - Page 25: header/footer rows total=1 mapped=1 null=0
2026-03-17 18:16:38,959 - INFO - Page 26: header/footer rows total=1 mapped=1 null=0
2026-03-17 18:16:39,547 - INFO - Page 27: header/footer rows total=1 mapped=1 null=0
2026-03-17 18:16:39,993 - INFO - Page 28: header/footer rows total=1 mapped=1 null=0
2026-03-17 18:16:40,410 - INFO - Page 29: header/footer rows total=1 mapped=1 null=0
2026-03-17 18:16:41,025 - INFO - Page 30: header/footer rows total=1 mapped=1 null=0
2026-03-17 18:16:41,601 - INFO - Page 31: header/footer rows total=1 mapped=1 null=0
2026-03-17 18:16:42,010 - INFO - Page 32: header/footer rows total=1 mapped=1 null=0
2026-03-17 18:16:42,585 - INFO - Page 33: header/footer rows total=1 mapped=1 null=0
2026-03-17 18:16:43,183 - INFO - Page 34: header/footer rows total=1 mapped=1 null=0
2026-03-17 18:16:43,725 - INFO - Page 35: header/footer rows total=1 mapped=1 null=0
2026-03-17 18:16:44,136 - INFO - Page 36: header/footer rows total=1 mapped=1 null=0
2026-03-17 18:16:44,746 - INFO - Page 37: header/footer rows total=1 mapped=1 null=0
2026-03-17 18:16:45,322 - INFO - Page 38: header/footer rows total=1 mapped=1 null=0
2026-03-17 18:16:45,741 - INFO - Page 39: header/footer rows total=1 mapped=1 null=0
2026-03-17 18:16:46,321 - INFO - Page 40: header/footer rows total=1 mapped=1 null=0
2026-03-17 18:16:46,930 - INFO - Page 41: header/footer rows total=1 mapped=1 null=0
2026-03-17 18:16:47,309 - INFO - Page 42: header/footer rows total=1 mapped=1 null=0
2026-03-17 18:16:47,718 - INFO - Page 43: header/footer rows total=1 mapped=1 null=0
2026-03-17 18:16:48,364 - INFO - Page 44: header/footer rows total=1 mapped=1 null=0
2026-03-17 18:16:49,004 - INFO - Page 45: header/footer rows total=1 mapped=1 null=0
2026-03-17 18:16:49,431 - INFO - Page 46: header/footer rows total=1 mapped=1 null=0
2026-03-17 18:16:49,583 - INFO - Page 1: Generated visualizations - ['fused']
2026-03-17 18:16:49,755 - INFO - Page 2: Generated visualizations - ['fused']
2026-03-17 18:16:49,919 - INFO - Page 3: Generated visualizations - ['fused']
2026-03-17 18:16:50,113 - INFO - Page 4: Generated visualizations - ['fused']
2026-03-17 18:16:50,272 - INFO - Page 5: Generated visualizations - ['fused']
2026-03-17 18:16:50,460 - INFO - Page 6: Generated visualizations - ['fused']
2026-03-17 18:16:50,650 - INFO - Page 7: Generated visualizations - ['fused']
2026-03-17 18:16:50,894 - INFO - Page 8: Generated visualizations - ['fused']
2026-03-17 18:16:51,074 - INFO - Page 9: Generated visualizations - ['fused']
2026-03-17 18:16:51,264 - INFO - Page 10: Generated visualizations - ['fused']
2026-03-17 18:16:51,448 - INFO - Page 11: Generated visualizations - ['fused']
2026-03-17 18:16:51,618 - INFO - Page 12: Generated visualizations - ['fused']
2026-03-17 18:16:51,771 - INFO - Page 13: Generated visualizations - ['fused']
2026-03-17 18:16:51,964 - INFO - Page 14: Generated visualizations - ['fused']
2026-03-17 18:16:52,128 - INFO - Page 15: Generated visualizations - ['fused']
2026-03-17 18:16:52,306 - INFO - Page 16: Generated visualizations - ['fused']
2026-03-17 18:16:52,500 - INFO - Page 17: Generated visualizations - ['fused']
2026-03-17 18:16:52,706 - INFO - Page 18: Generated visualizations - ['fused']
2026-03-17 18:16:52,897 - INFO - Page 19: Generated visualizations - ['fused']
2026-03-17 18:16:53,100 - INFO - Page 20: Generated visualizations - ['fused']
2026-03-17 18:16:53,267 - INFO - Page 21: Generated visualizations - ['fused']
2026-03-17 18:16:53,478 - INFO - Page 22: Generated visualizations - ['fused']
2026-03-17 18:16:53,652 - INFO - Page 23: Generated visualizations - ['fused']
2026-03-17 18:16:53,854 - INFO - Page 24: Generated visualizations - ['fused']
2026-03-17 18:16:54,065 - INFO - Page 25: Generated visualizations - ['fused']
2026-03-17 18:16:54,270 - INFO - Page 26: Generated visualizations - ['fused']
2026-03-17 18:16:54,470 - INFO - Page 27: Generated visualizations - ['fused']
2026-03-17 18:16:54,709 - INFO - Page 28: Generated visualizations - ['fused']
2026-03-17 18:16:54,932 - INFO - Page 29: Generated visualizations - ['fused']
2026-03-17 18:16:55,131 - INFO - Page 30: Generated visualizations - ['fused']
2026-03-17 18:16:55,343 - INFO - Page 31: Generated visualizations - ['fused']
2026-03-17 18:16:55,543 - INFO - Page 32: Generated visualizations - ['fused']
2026-03-17 18:16:55,801 - INFO - Page 33: Generated visualizations - ['fused']
2026-03-17 18:16:56,036 - INFO - Page 34: Generated visualizations - ['fused']
2026-03-17 18:16:56,292 - INFO - Page 35: Generated visualizations - ['fused']
2026-03-17 18:16:56,614 - INFO - Page 36: Generated visualizations - ['fused']
2026-03-17 18:16:56,886 - INFO - Page 37: Generated visualizations - ['fused']
2026-03-17 18:16:57,114 - INFO - Page 38: Generated visualizations - ['fused']
2026-03-17 18:16:57,344 - INFO - Page 39: Generated visualizations - ['fused']
2026-03-17 18:16:57,636 - INFO - Page 40: Generated visualizations - ['fused']
2026-03-17 18:16:57,982 - INFO - Page 41: Generated visualizations - ['fused']
2026-03-17 18:16:58,442 - INFO - Page 42: Generated visualizations - ['fused']
2026-03-17 18:16:58,829 - INFO - Page 43: Generated visualizations - ['fused']
2026-03-17 18:16:59,159 - INFO - Page 44: Generated visualizations - ['fused']
2026-03-17 18:16:59,460 - INFO - Page 45: Generated visualizations - ['fused']
2026-03-17 18:16:59,675 - INFO - Page 46: Generated visualizations - ['fused']
2026-03-17 18:16:59,692 - INFO - Committed changes to database for dokumen:827
2026-03-17 18:16:59,703 - INFO - Labeling flow completed for dokumen:827
2026-03-17 18:16:59,716 - INFO - Task 1074 labeling status updated to: completed
2026-03-17 18:16:59,726 - INFO - Task 1074 validation status updated to: in_queue
2026-03-17 18:17:04,731 - INFO - Found labeling task in queue: ID 1075
2026-03-17 18:17:04,747 - INFO - Task 1075 labeling status updated to: processing
2026-03-17 18:17:04,747 - INFO - Processing labeling task ID: 1075, Type: dokumen
2026-03-17 18:17:04,747 - INFO - Reference target: dokumen:828
2026-03-17 18:17:04,761 - INFO - PDF: /app/storage/dokumen/222117032/828/pdf/10. Bab III - Analisa.pdf
2026-03-17 18:17:04,762 - INFO - Output: /app/storage/dokumen/222117032/828/extraction/10. Bab III - Analisa
2026-03-17 18:17:04,762 - INFO - Images output directory: /app/storage/dokumen/222117032/828/images
2026-03-17 18:17:11,108 - INFO - Saved 16 page images to: /app/storage/dokumen/222117032/828/images
2026-03-17 18:17:11,131 - INFO - Updated dokumen_images_path: /dokumen/222117032/828/images
2026-03-17 18:17:11,131 - INFO - Delegating to MergingExtractionService...
2026-03-17 18:17:11,137 - INFO - Visual output directory: /app/storage/dokumen/222117032/828/pdf/classification
2026-03-17 18:17:11,140 - INFO - Running Docling for dokumen:828
2026-03-17 18:17:11,158 - INFO - detected formats: [<InputFormat.PDF: 'pdf'>]
2026-03-17 18:17:11,162 - INFO - Going to convert document batch...
2026-03-17 18:17:11,163 - INFO - Initializing pipeline for StandardPdfPipeline with options hash e15bc6f248154cc62f8db15ef18a8ab7
2026-03-17 18:17:11,163 - INFO - rapidocr cannot be used because onnxruntime is not installed.
2026-03-17 18:17:11,164 - INFO - easyocr cannot be used because it is not installed.
2026-03-17 18:17:11,164 - INFO - Accelerator device: 'cpu'
2026-03-17 18:17:11,720 - INFO - Auto OCR model selected rapidocr with torch.
2026-03-17 18:17:11,721 - INFO - Accelerator device: 'cpu'
2026-03-17 18:17:12,612 - INFO - Accelerator device: 'cpu'
2026-03-17 18:17:13,091 - INFO - Processing document 10. Bab III - Analisa.pdf
2026-03-17 18:17:45,047 - INFO - Finished converting document 10. Bab III - Analisa.pdf in 33.90 sec.
2026-03-17 18:17:45,146 - INFO - Opened PDF: /app/storage/dokumen/222117032/828/pdf/10. Bab III - Analisa.pdf (16 pages)
2026-03-17 18:17:45,146 - INFO - Processing 16 pages for dokumen:828
2026-03-17 18:18:04,546 - INFO - Resolved document-level claims for dokumen:828 cleared=0 affected_pages=0
2026-03-17 18:18:05,296 - INFO - Page 1: header/footer rows total=1 mapped=1 null=0
2026-03-17 18:18:05,906 - INFO - Page 2: header/footer rows total=1 mapped=1 null=0
2026-03-17 18:18:06,588 - INFO - Page 3: header/footer rows total=1 mapped=1 null=0
2026-03-17 18:18:07,238 - INFO - Page 4: header/footer rows total=1 mapped=1 null=0
2026-03-17 18:18:07,892 - INFO - Page 5: header/footer rows total=1 mapped=1 null=0
2026-03-17 18:18:08,589 - INFO - Page 6: header/footer rows total=1 mapped=1 null=0
2026-03-17 18:18:09,241 - INFO - Page 7: header/footer rows total=1 mapped=1 null=0
2026-03-17 18:18:09,862 - INFO - Page 8: header/footer rows total=1 mapped=1 null=0
2026-03-17 18:18:10,502 - INFO - Page 9: header/footer rows total=1 mapped=1 null=0
2026-03-17 18:18:11,124 - INFO - Page 10: header/footer rows total=1 mapped=1 null=0
2026-03-17 18:18:11,810 - INFO - Page 11: header/footer rows total=1 mapped=1 null=0
2026-03-17 18:18:12,447 - INFO - Page 12: header/footer rows total=1 mapped=1 null=0
2026-03-17 18:18:13,091 - INFO - Page 13: header/footer rows total=1 mapped=1 null=0
2026-03-17 18:18:13,742 - INFO - Page 14: header/footer rows total=1 mapped=1 null=0
2026-03-17 18:18:14,362 - INFO - Page 15: header/footer rows total=1 mapped=1 null=0
2026-03-17 18:18:14,989 - INFO - Page 16: header/footer rows total=1 mapped=1 null=0
2026-03-17 18:18:15,123 - INFO - Page 1: Generated visualizations - ['fused']
2026-03-17 18:18:15,281 - INFO - Page 2: Generated visualizations - ['fused']
2026-03-17 18:18:15,439 - INFO - Page 3: Generated visualizations - ['fused']
2026-03-17 18:18:15,614 - INFO - Page 4: Generated visualizations - ['fused']
2026-03-17 18:18:15,768 - INFO - Page 5: Generated visualizations - ['fused']
2026-03-17 18:18:15,998 - INFO - Page 6: Generated visualizations - ['fused']
2026-03-17 18:18:16,203 - INFO - Page 7: Generated visualizations - ['fused']
2026-03-17 18:18:16,410 - INFO - Page 8: Generated visualizations - ['fused']
2026-03-17 18:18:16,569 - INFO - Page 9: Generated visualizations - ['fused']
2026-03-17 18:18:16,731 - INFO - Page 10: Generated visualizations - ['fused']
2026-03-17 18:18:16,885 - INFO - Page 11: Generated visualizations - ['fused']
2026-03-17 18:18:17,062 - INFO - Page 12: Generated visualizations - ['fused']
2026-03-17 18:18:17,211 - INFO - Page 13: Generated visualizations - ['fused']
2026-03-17 18:18:17,358 - INFO - Page 14: Generated visualizations - ['fused']
2026-03-17 18:18:17,505 - INFO - Page 15: Generated visualizations - ['fused']
2026-03-17 18:18:17,612 - INFO - Page 16: Generated visualizations - ['fused']
2026-03-17 18:18:17,622 - INFO - Committed changes to database for dokumen:828
2026-03-17 18:18:17,625 - INFO - Labeling flow completed for dokumen:828
2026-03-17 18:18:17,637 - INFO - Task 1075 labeling status updated to: completed
2026-03-17 18:18:17,645 - INFO - Task 1075 validation status updated to: in_queue
2026-03-17 18:18:22,652 - INFO - Found labeling task in queue: ID 1076
2026-03-17 18:18:22,664 - INFO - Task 1076 labeling status updated to: processing
2026-03-17 18:18:22,664 - INFO - Processing labeling task ID: 1076, Type: dokumen
2026-03-17 18:18:22,665 - INFO - Reference target: dokumen:829
2026-03-17 18:18:22,678 - INFO - PDF: /app/storage/dokumen/222117032/829/pdf/12. Bab V - Implementasi.pdf
2026-03-17 18:18:22,678 - INFO - Output: /app/storage/dokumen/222117032/829/extraction/12. Bab V - Implementasi
2026-03-17 18:18:22,678 - INFO - Images output directory: /app/storage/dokumen/222117032/829/images
2026-03-17 18:18:29,652 - INFO - Saved 20 page images to: /app/storage/dokumen/222117032/829/images
2026-03-17 18:18:29,685 - INFO - Updated dokumen_images_path: /dokumen/222117032/829/images
2026-03-17 18:18:29,685 - INFO - Delegating to MergingExtractionService...
2026-03-17 18:18:29,691 - INFO - Visual output directory: /app/storage/dokumen/222117032/829/pdf/classification
2026-03-17 18:18:29,695 - INFO - Running Docling for dokumen:829
2026-03-17 18:18:29,716 - INFO - detected formats: [<InputFormat.PDF: 'pdf'>]
2026-03-17 18:18:29,720 - INFO - Going to convert document batch...
2026-03-17 18:18:29,721 - INFO - Initializing pipeline for StandardPdfPipeline with options hash e15bc6f248154cc62f8db15ef18a8ab7
2026-03-17 18:18:29,721 - INFO - rapidocr cannot be used because onnxruntime is not installed.
2026-03-17 18:18:29,722 - INFO - easyocr cannot be used because it is not installed.
2026-03-17 18:18:29,722 - INFO - Accelerator device: 'cpu'
2026-03-17 18:18:30,501 - INFO - Auto OCR model selected rapidocr with torch.
2026-03-17 18:18:30,502 - INFO - Accelerator device: 'cpu'
2026-03-17 18:18:31,288 - INFO - Accelerator device: 'cpu'
2026-03-17 18:18:31,644 - INFO - Processing document 12. Bab V - Implementasi.pdf
2026-03-17 18:19:14,765 - INFO - Finished converting document 12. Bab V - Implementasi.pdf in 45.05 sec.
2026-03-17 18:19:14,907 - INFO - Opened PDF: /app/storage/dokumen/222117032/829/pdf/12. Bab V - Implementasi.pdf (20 pages)
2026-03-17 18:19:14,908 - INFO - Processing 20 pages for dokumen:829
2026-03-17 18:19:57,530 - INFO - Resolved document-level claims for dokumen:829 cleared=0 affected_pages=0
2026-03-17 18:19:58,185 - INFO - Page 1: header/footer rows total=1 mapped=1 null=0
2026-03-17 18:19:58,715 - INFO - Page 2: header/footer rows total=1 mapped=1 null=0
2026-03-17 18:19:59,350 - INFO - Page 3: header/footer rows total=1 mapped=1 null=0
2026-03-17 18:19:59,964 - INFO - Page 4: header/footer rows total=1 mapped=1 null=0
2026-03-17 18:20:00,357 - INFO - Page 5: header/footer rows total=1 mapped=1 null=0
2026-03-17 18:20:01,068 - INFO - Page 6: header/footer rows total=1 mapped=1 null=0
2026-03-17 18:20:01,653 - INFO - Page 7: header/footer rows total=1 mapped=1 null=0
2026-03-17 18:20:02,082 - INFO - Page 8: header/footer rows total=1 mapped=1 null=0
2026-03-17 18:20:02,673 - INFO - Page 9: header/footer rows total=1 mapped=1 null=0
2026-03-17 18:20:03,274 - INFO - Page 10: header/footer rows total=1 mapped=1 null=0
2026-03-17 18:20:03,740 - INFO - Page 11: header/footer rows total=1 mapped=1 null=0
2026-03-17 18:20:04,154 - INFO - Page 12: header/footer rows total=1 mapped=1 null=0
2026-03-17 18:20:04,736 - INFO - Page 13: header/footer rows total=1 mapped=1 null=0
2026-03-17 18:20:05,320 - INFO - Page 14: header/footer rows total=1 mapped=1 null=0
2026-03-17 18:20:05,796 - INFO - Page 15: header/footer rows total=1 mapped=1 null=0
2026-03-17 18:20:06,438 - INFO - Page 16: header/footer rows total=1 mapped=1 null=0
2026-03-17 18:20:07,085 - INFO - Page 17: header/footer rows total=1 mapped=1 null=0
2026-03-17 18:20:07,536 - INFO - Page 18: header/footer rows total=1 mapped=1 null=0
2026-03-17 18:20:08,181 - INFO - Page 19: header/footer rows total=1 mapped=1 null=0
2026-03-17 18:20:08,953 - INFO - Page 20: header/footer rows total=1 mapped=1 null=0
2026-03-17 18:20:09,172 - INFO - Page 1: Generated visualizations - ['fused']
2026-03-17 18:20:09,371 - INFO - Page 2: Generated visualizations - ['fused']
2026-03-17 18:20:09,580 - INFO - Page 3: Generated visualizations - ['fused']
2026-03-17 18:20:09,793 - INFO - Page 4: Generated visualizations - ['fused']
2026-03-17 18:20:09,976 - INFO - Page 5: Generated visualizations - ['fused']
2026-03-17 18:20:10,167 - INFO - Page 6: Generated visualizations - ['fused']
2026-03-17 18:20:10,356 - INFO - Page 7: Generated visualizations - ['fused']
2026-03-17 18:20:10,575 - INFO - Page 8: Generated visualizations - ['fused']
2026-03-17 18:20:10,785 - INFO - Page 9: Generated visualizations - ['fused']
2026-03-17 18:20:10,990 - INFO - Page 10: Generated visualizations - ['fused']
2026-03-17 18:20:11,236 - INFO - Page 11: Generated visualizations - ['fused']
2026-03-17 18:20:11,462 - INFO - Page 12: Generated visualizations - ['fused']
2026-03-17 18:20:11,690 - INFO - Page 13: Generated visualizations - ['fused']
2026-03-17 18:20:11,934 - INFO - Page 14: Generated visualizations - ['fused']
2026-03-17 18:20:12,156 - INFO - Page 15: Generated visualizations - ['fused']
2026-03-17 18:20:12,383 - INFO - Page 16: Generated visualizations - ['fused']
2026-03-17 18:20:12,612 - INFO - Page 17: Generated visualizations - ['fused']
2026-03-17 18:20:12,838 - INFO - Page 18: Generated visualizations - ['fused']
2026-03-17 18:20:13,064 - INFO - Page 19: Generated visualizations - ['fused']
2026-03-17 18:20:13,258 - INFO - Page 20: Generated visualizations - ['fused']
2026-03-17 18:20:13,274 - INFO - Committed changes to database for dokumen:829
2026-03-17 18:20:13,281 - INFO - Labeling flow completed for dokumen:829
2026-03-17 18:20:13,297 - INFO - Task 1076 labeling status updated to: completed
2026-03-17 18:20:13,306 - INFO - Task 1076 validation status updated to: in_queue
2026-03-17 18:20:18,314 - INFO - Found labeling task in queue: ID 1077
2026-03-17 18:20:18,323 - INFO - Task 1077 labeling status updated to: processing
2026-03-17 18:20:18,324 - INFO - Processing labeling task ID: 1077, Type: dokumen
2026-03-17 18:20:18,324 - INFO - Reference target: dokumen:830
2026-03-17 18:20:18,340 - INFO - PDF: /app/storage/dokumen/222117032/830/pdf/13. Bab VI - Uji Coba.pdf
2026-03-17 18:20:18,341 - INFO - Output: /app/storage/dokumen/222117032/830/extraction/13. Bab VI - Uji Coba
2026-03-17 18:20:18,341 - INFO - Images output directory: /app/storage/dokumen/222117032/830/images
2026-03-17 18:20:22,336 - INFO - Saved 10 page images to: /app/storage/dokumen/222117032/830/images
2026-03-17 18:20:22,368 - INFO - Updated dokumen_images_path: /dokumen/222117032/830/images
2026-03-17 18:20:22,368 - INFO - Delegating to MergingExtractionService...
2026-03-17 18:20:22,373 - INFO - Visual output directory: /app/storage/dokumen/222117032/830/pdf/classification
2026-03-17 18:20:22,377 - INFO - Running Docling for dokumen:830
2026-03-17 18:20:22,396 - INFO - detected formats: [<InputFormat.PDF: 'pdf'>]
2026-03-17 18:20:22,399 - INFO - Going to convert document batch...
2026-03-17 18:20:22,400 - INFO - Initializing pipeline for StandardPdfPipeline with options hash e15bc6f248154cc62f8db15ef18a8ab7
2026-03-17 18:20:22,400 - INFO - rapidocr cannot be used because onnxruntime is not installed.
2026-03-17 18:20:22,401 - INFO - easyocr cannot be used because it is not installed.
2026-03-17 18:20:22,401 - INFO - Accelerator device: 'cpu'
2026-03-17 18:20:23,137 - INFO - Auto OCR model selected rapidocr with torch.
2026-03-17 18:20:23,138 - INFO - Accelerator device: 'cpu'
2026-03-17 18:20:24,036 - INFO - Accelerator device: 'cpu'
2026-03-17 18:20:24,492 - INFO - Processing document 13. Bab VI - Uji Coba.pdf
2026-03-17 18:21:27,379 - INFO - Finished converting document 13. Bab VI - Uji Coba.pdf in 64.99 sec.
2026-03-17 18:21:27,525 - INFO - Opened PDF: /app/storage/dokumen/222117032/830/pdf/13. Bab VI - Uji Coba.pdf (10 pages)
2026-03-17 18:21:27,526 - INFO - Processing 10 pages for dokumen:830
2026-03-17 18:21:36,405 - INFO - Resolved document-level claims for dokumen:830 cleared=0 affected_pages=0
2026-03-17 18:21:37,096 - INFO - Page 1: header/footer rows total=1 mapped=1 null=0
2026-03-17 18:21:37,758 - INFO - Page 2: header/footer rows total=1 mapped=1 null=0
2026-03-17 18:21:38,381 - INFO - Page 3: header/footer rows total=1 mapped=1 null=0
2026-03-17 18:21:39,116 - INFO - Page 4: header/footer rows total=1 mapped=1 null=0
2026-03-17 18:21:39,766 - INFO - Page 5: header/footer rows total=1 mapped=1 null=0
2026-03-17 18:21:40,383 - INFO - Page 6: header/footer rows total=1 mapped=1 null=0
2026-03-17 18:21:40,909 - INFO - Page 7: header/footer rows total=1 mapped=1 null=0
2026-03-17 18:21:41,375 - INFO - Page 8: header/footer rows total=1 mapped=1 null=0
2026-03-17 18:21:41,939 - INFO - Page 9: header/footer rows total=1 mapped=1 null=0
2026-03-17 18:21:42,557 - INFO - Page 10: header/footer rows total=1 mapped=1 null=0
2026-03-17 18:21:42,693 - INFO - Page 1: Generated visualizations - ['fused']
2026-03-17 18:21:42,847 - INFO - Page 2: Generated visualizations - ['fused']
2026-03-17 18:21:43,006 - INFO - Page 3: Generated visualizations - ['fused']
2026-03-17 18:21:43,153 - INFO - Page 4: Generated visualizations - ['fused']
2026-03-17 18:21:43,315 - INFO - Page 5: Generated visualizations - ['fused']
2026-03-17 18:21:43,479 - INFO - Page 6: Generated visualizations - ['fused']
2026-03-17 18:21:43,629 - INFO - Page 7: Generated visualizations - ['fused']
2026-03-17 18:21:43,793 - INFO - Page 8: Generated visualizations - ['fused']
2026-03-17 18:21:43,939 - INFO - Page 9: Generated visualizations - ['fused']
2026-03-17 18:21:44,069 - INFO - Page 10: Generated visualizations - ['fused']
2026-03-17 18:21:44,082 - INFO - Committed changes to database for dokumen:830
2026-03-17 18:21:44,084 - INFO - Labeling flow completed for dokumen:830
2026-03-17 18:21:44,096 - INFO - Task 1077 labeling status updated to: completed
2026-03-17 18:21:44,109 - INFO - Task 1077 validation status updated to: in_queue
2026-03-18 02:23:15,806 - INFO - Starting labeling worker (check every 5 seconds)
2026-03-18 02:23:15,807 - INFO - Flow: Labeling (Extraction+Alignment+Docling) -> Validation
2026-03-18 02:38:41,971 - INFO - Found labeling task in queue: ID 1078
2026-03-18 02:38:41,985 - INFO - Task 1078 labeling status updated to: processing
2026-03-18 02:38:41,985 - INFO - Processing labeling task ID: 1078, Type: buku
2026-03-18 02:38:41,985 - INFO - Reference target: bab:6232
2026-03-18 02:38:41,999 - INFO - PDF: /app/storage/buku/222117032/6618/pdf/6. Kata Pengantar.pdf
2026-03-18 02:38:42,000 - INFO - Output: /app/storage/buku/222117032/6618/extraction/6. Kata Pengantar
2026-03-18 02:38:42,004 - INFO - Images output directory: /app/storage/buku/222117032/6618/images/1
2026-03-18 02:38:42,502 - INFO - Saved 1 page images to: /app/storage/buku/222117032/6618/images/1
2026-03-18 02:38:42,515 - INFO - Updated bab_images_path: /buku/222117032/6618/images/1
2026-03-18 02:38:42,515 - INFO - Delegating to MergingExtractionService...
2026-03-18 02:38:42,520 - INFO - Visual output directory: /app/storage/buku/222117032/6618/pdf/classification
2026-03-18 02:38:42,525 - INFO - Running Docling for bab:6232
2026-03-18 02:38:42,537 - INFO - detected formats: [<InputFormat.PDF: 'pdf'>]
2026-03-18 02:38:42,612 - INFO - Going to convert document batch...
2026-03-18 02:38:42,613 - INFO - Initializing pipeline for StandardPdfPipeline with options hash e15bc6f248154cc62f8db15ef18a8ab7
2026-03-18 02:38:42,628 - INFO - Loading plugin 'docling_defaults'
2026-03-18 02:38:42,632 - INFO - Registered picture descriptions: ['vlm', 'api']
2026-03-18 02:38:42,636 - INFO - Loading plugin 'docling_defaults'
2026-03-18 02:38:42,643 - INFO - Registered ocr engines: ['auto', 'easyocr', 'ocrmac', 'rapidocr', 'tesserocr', 'tesseract']
2026-03-18 02:38:42,884 - INFO - rapidocr cannot be used because onnxruntime is not installed.
2026-03-18 02:38:42,884 - INFO - easyocr cannot be used because it is not installed.
2026-03-18 02:38:43,291 - INFO - Accelerator device: 'cpu'
2026-03-18 02:38:44,098 - INFO - Auto OCR model selected rapidocr with torch.
2026-03-18 02:38:44,102 - INFO - Loading plugin 'docling_defaults'
2026-03-18 02:38:44,109 - INFO - Registered layout engines: ['docling_layout_default', 'docling_experimental_table_crops_layout']
2026-03-18 02:38:47,027 - INFO - Accelerator device: 'cpu'
2026-03-18 02:38:48,610 - INFO - Loading plugin 'docling_defaults'
2026-03-18 02:38:48,612 - INFO - Registered table structure engines: ['docling_tableformer']
2026-03-18 02:38:48,912 - INFO - Accelerator device: 'cpu'
2026-03-18 02:38:49,632 - INFO - Processing document 6. Kata Pengantar.pdf
2026-03-18 02:38:51,114 - INFO - Finished converting document 6. Kata Pengantar.pdf in 8.58 sec.
2026-03-18 02:38:51,172 - INFO - Opened PDF: /app/storage/buku/222117032/6618/pdf/6. Kata Pengantar.pdf (1 pages)
2026-03-18 02:38:51,172 - INFO - Processing 1 pages for bab:6232
2026-03-18 02:38:52,608 - INFO - Resolved document-level claims for bab:6232 cleared=0 affected_pages=0
2026-03-18 02:38:53,276 - INFO - Page 1: header/footer rows total=1 mapped=1 null=0
2026-03-18 02:38:53,411 - INFO - Page 1: Generated visualizations - ['fused']
2026-03-18 02:38:53,428 - INFO - Committed changes to database for bab:6232
2026-03-18 02:38:53,430 - INFO - Labeling flow completed for bab:6232
2026-03-18 02:38:53,442 - INFO - Task 1078 labeling status updated to: completed
2026-03-18 02:38:53,450 - INFO - Task 1078 validation status updated to: in_queue
2026-03-18 02:38:58,455 - INFO - Found labeling task in queue: ID 1079
2026-03-18 02:38:58,463 - INFO - Task 1079 labeling status updated to: processing
2026-03-18 02:38:58,463 - INFO - Processing labeling task ID: 1079, Type: buku
2026-03-18 02:38:58,463 - INFO - Reference target: bab:6233
2026-03-18 02:38:58,470 - INFO - PDF: /app/storage/buku/222117032/6618/pdf/8. Bab 1 - Pendahuluan.pdf
2026-03-18 02:38:58,471 - INFO - Output: /app/storage/buku/222117032/6618/extraction/8. Bab 1 - Pendahuluan
2026-03-18 02:38:58,473 - INFO - Images output directory: /app/storage/buku/222117032/6618/images/2
2026-03-18 02:39:00,178 - INFO - Saved 5 page images to: /app/storage/buku/222117032/6618/images/2
2026-03-18 02:39:00,189 - INFO - Updated bab_images_path: /buku/222117032/6618/images/2
2026-03-18 02:39:00,189 - INFO - Delegating to MergingExtractionService...
2026-03-18 02:39:00,196 - INFO - Visual output directory: /app/storage/buku/222117032/6618/pdf/classification
2026-03-18 02:39:00,199 - INFO - Running Docling for bab:6233
2026-03-18 02:39:00,212 - INFO - detected formats: [<InputFormat.PDF: 'pdf'>]
2026-03-18 02:39:00,214 - INFO - Going to convert document batch...
2026-03-18 02:39:00,215 - INFO - Initializing pipeline for StandardPdfPipeline with options hash e15bc6f248154cc62f8db15ef18a8ab7
2026-03-18 02:39:00,215 - INFO - rapidocr cannot be used because onnxruntime is not installed.
2026-03-18 02:39:00,216 - INFO - easyocr cannot be used because it is not installed.
2026-03-18 02:39:00,216 - INFO - Accelerator device: 'cpu'
2026-03-18 02:39:00,874 - INFO - Auto OCR model selected rapidocr with torch.
2026-03-18 02:39:00,875 - INFO - Accelerator device: 'cpu'
2026-03-18 02:39:01,607 - INFO - Accelerator device: 'cpu'
2026-03-18 02:39:01,867 - INFO - Processing document 8. Bab 1 - Pendahuluan.pdf
2026-03-18 02:39:08,714 - INFO - Finished converting document 8. Bab 1 - Pendahuluan.pdf in 8.51 sec.
2026-03-18 02:39:08,786 - INFO - Opened PDF: /app/storage/buku/222117032/6618/pdf/8. Bab 1 - Pendahuluan.pdf (5 pages)
2026-03-18 02:39:08,786 - INFO - Processing 5 pages for bab:6233
2026-03-18 02:39:12,718 - INFO - Resolved document-level claims for bab:6233 cleared=0 affected_pages=0
2026-03-18 02:39:13,275 - INFO - Page 1: header/footer rows total=1 mapped=1 null=0
2026-03-18 02:39:13,770 - INFO - Page 2: header/footer rows total=1 mapped=1 null=0
2026-03-18 02:39:14,351 - INFO - Page 3: header/footer rows total=1 mapped=1 null=0
2026-03-18 02:39:14,833 - INFO - Page 4: header/footer rows total=1 mapped=1 null=0
2026-03-18 02:39:15,380 - INFO - Page 5: header/footer rows total=1 mapped=1 null=0
2026-03-18 02:39:15,505 - INFO - Page 1: Generated visualizations - ['fused']
2026-03-18 02:39:15,654 - INFO - Page 2: Generated visualizations - ['fused']
2026-03-18 02:39:15,827 - INFO - Page 3: Generated visualizations - ['fused']
2026-03-18 02:39:16,020 - INFO - Page 4: Generated visualizations - ['fused']
2026-03-18 02:39:16,147 - INFO - Page 5: Generated visualizations - ['fused']
2026-03-18 02:39:16,159 - INFO - Committed changes to database for bab:6233
2026-03-18 02:39:16,160 - INFO - Labeling flow completed for bab:6233
2026-03-18 02:39:16,169 - INFO - Task 1079 labeling status updated to: completed
2026-03-18 02:39:16,188 - INFO - Task 1079 validation status updated to: in_queue
2026-03-18 02:39:21,194 - INFO - Found labeling task in queue: ID 1080
2026-03-18 02:39:21,208 - INFO - Task 1080 labeling status updated to: processing
2026-03-18 02:39:21,208 - INFO - Processing labeling task ID: 1080, Type: buku
2026-03-18 02:39:21,209 - INFO - Reference target: bab:6234
2026-03-18 02:39:21,217 - INFO - PDF: /app/storage/buku/222117032/6618/pdf/9. Bab 2 - Landasan Teori.pdf
2026-03-18 02:39:21,217 - INFO - Output: /app/storage/buku/222117032/6618/extraction/9. Bab 2 - Landasan Teori
2026-03-18 02:39:21,220 - INFO - Images output directory: /app/storage/buku/222117032/6618/images/3
2026-03-18 02:39:24,031 - INFO - Saved 8 page images to: /app/storage/buku/222117032/6618/images/3
2026-03-18 02:39:24,053 - INFO - Updated bab_images_path: /buku/222117032/6618/images/3
2026-03-18 02:39:24,053 - INFO - Delegating to MergingExtractionService...
2026-03-18 02:39:24,062 - INFO - Visual output directory: /app/storage/buku/222117032/6618/pdf/classification
2026-03-18 02:39:24,065 - INFO - Running Docling for bab:6234
2026-03-18 02:39:24,079 - INFO - detected formats: [<InputFormat.PDF: 'pdf'>]
2026-03-18 02:39:24,081 - INFO - Going to convert document batch...
2026-03-18 02:39:24,081 - INFO - Initializing pipeline for StandardPdfPipeline with options hash e15bc6f248154cc62f8db15ef18a8ab7
2026-03-18 02:39:24,082 - INFO - rapidocr cannot be used because onnxruntime is not installed.
2026-03-18 02:39:24,082 - INFO - easyocr cannot be used because it is not installed.
2026-03-18 02:39:24,083 - INFO - Accelerator device: 'cpu'
2026-03-18 02:39:24,523 - INFO - Auto OCR model selected rapidocr with torch.
2026-03-18 02:39:24,523 - INFO - Accelerator device: 'cpu'
2026-03-18 02:39:25,452 - INFO - Accelerator device: 'cpu'
2026-03-18 02:39:25,726 - INFO - Processing document 9. Bab 2 - Landasan Teori.pdf
2026-03-18 02:39:36,082 - INFO - Finished converting document 9. Bab 2 - Landasan Teori.pdf in 12.01 sec.
2026-03-18 02:39:36,145 - INFO - Opened PDF: /app/storage/buku/222117032/6618/pdf/9. Bab 2 - Landasan Teori.pdf (8 pages)
2026-03-18 02:39:36,145 - INFO - Processing 8 pages for bab:6234
2026-03-18 02:39:44,565 - INFO - Resolved document-level claims for bab:6234 cleared=0 affected_pages=0
2026-03-18 02:39:45,380 - INFO - Page 1: header/footer rows total=1 mapped=1 null=0
2026-03-18 02:39:46,133 - INFO - Page 2: header/footer rows total=1 mapped=1 null=0
2026-03-18 02:39:46,881 - INFO - Page 3: header/footer rows total=1 mapped=1 null=0
2026-03-18 02:39:47,586 - INFO - Page 4: header/footer rows total=1 mapped=1 null=0
2026-03-18 02:39:48,318 - INFO - Page 5: header/footer rows total=1 mapped=1 null=0
2026-03-18 02:39:49,026 - INFO - Page 6: header/footer rows total=1 mapped=1 null=0
2026-03-18 02:39:49,757 - INFO - Page 7: header/footer rows total=1 mapped=1 null=0
2026-03-18 02:39:50,481 - INFO - Page 8: header/footer rows total=1 mapped=1 null=0
2026-03-18 02:39:50,624 - INFO - Page 1: Generated visualizations - ['fused']
2026-03-18 02:39:50,779 - INFO - Page 2: Generated visualizations - ['fused']
2026-03-18 02:39:50,928 - INFO - Page 3: Generated visualizations - ['fused']
2026-03-18 02:39:51,077 - INFO - Page 4: Generated visualizations - ['fused']
2026-03-18 02:39:51,223 - INFO - Page 5: Generated visualizations - ['fused']
2026-03-18 02:39:51,377 - INFO - Page 6: Generated visualizations - ['fused']
2026-03-18 02:39:51,527 - INFO - Page 7: Generated visualizations - ['fused']
2026-03-18 02:39:51,645 - INFO - Page 8: Generated visualizations - ['fused']
2026-03-18 02:39:51,658 - INFO - Committed changes to database for bab:6234
2026-03-18 02:39:51,660 - INFO - Labeling flow completed for bab:6234
2026-03-18 02:39:51,670 - INFO - Task 1080 labeling status updated to: completed
2026-03-18 02:39:51,678 - INFO - Task 1080 validation status updated to: in_queue
2026-03-18 02:39:56,683 - INFO - Found labeling task in queue: ID 1081
2026-03-18 02:39:56,690 - INFO - Task 1081 labeling status updated to: processing
2026-03-18 02:39:56,691 - INFO - Processing labeling task ID: 1081, Type: buku
2026-03-18 02:39:56,691 - INFO - Reference target: bab:6235
2026-03-18 02:39:56,699 - INFO - PDF: /app/storage/buku/222117032/6618/pdf/10. Bab 3 - Analisa Sistem.pdf
2026-03-18 02:39:56,699 - INFO - Output: /app/storage/buku/222117032/6618/extraction/10. Bab 3 - Analisa Sistem
2026-03-18 02:39:56,701 - INFO - Images output directory: /app/storage/buku/222117032/6618/images/4
2026-03-18 02:40:00,151 - INFO - Saved 10 page images to: /app/storage/buku/222117032/6618/images/4
2026-03-18 02:40:00,161 - INFO - Updated bab_images_path: /buku/222117032/6618/images/4
2026-03-18 02:40:00,161 - INFO - Delegating to MergingExtractionService...
2026-03-18 02:40:00,168 - INFO - Visual output directory: /app/storage/buku/222117032/6618/pdf/classification
2026-03-18 02:40:00,170 - INFO - Running Docling for bab:6235
2026-03-18 02:40:00,183 - INFO - detected formats: [<InputFormat.PDF: 'pdf'>]
2026-03-18 02:40:00,185 - INFO - Going to convert document batch...
2026-03-18 02:40:00,186 - INFO - Initializing pipeline for StandardPdfPipeline with options hash e15bc6f248154cc62f8db15ef18a8ab7
2026-03-18 02:40:00,186 - INFO - rapidocr cannot be used because onnxruntime is not installed.
2026-03-18 02:40:00,187 - INFO - easyocr cannot be used because it is not installed.
2026-03-18 02:40:00,187 - INFO - Accelerator device: 'cpu'
2026-03-18 02:40:00,916 - INFO - Auto OCR model selected rapidocr with torch.
2026-03-18 02:40:00,916 - INFO - Accelerator device: 'cpu'
2026-03-18 02:40:01,665 - INFO - Accelerator device: 'cpu'
2026-03-18 02:40:01,928 - INFO - Processing document 10. Bab 3 - Analisa Sistem.pdf
2026-03-18 02:40:22,393 - INFO - Finished converting document 10. Bab 3 - Analisa Sistem.pdf in 22.22 sec.
2026-03-18 02:40:22,488 - INFO - Opened PDF: /app/storage/buku/222117032/6618/pdf/10. Bab 3 - Analisa Sistem.pdf (10 pages)
2026-03-18 02:40:22,488 - INFO - Processing 10 pages for bab:6235
2026-03-18 02:40:34,662 - INFO - Resolved document-level claims for bab:6235 cleared=0 affected_pages=0
2026-03-18 02:40:35,358 - INFO - Page 1: header/footer rows total=1 mapped=1 null=0
2026-03-18 02:40:36,011 - INFO - Page 2: header/footer rows total=1 mapped=1 null=0
2026-03-18 02:40:36,688 - INFO - Page 3: header/footer rows total=1 mapped=1 null=0
2026-03-18 02:40:37,323 - INFO - Page 4: header/footer rows total=1 mapped=1 null=0
2026-03-18 02:40:38,041 - INFO - Page 5: header/footer rows total=1 mapped=1 null=0
2026-03-18 02:40:38,755 - INFO - Page 6: header/footer rows total=1 mapped=1 null=0
2026-03-18 02:40:39,408 - INFO - Page 7: header/footer rows total=1 mapped=1 null=0
2026-03-18 02:40:40,202 - INFO - Page 8: header/footer rows total=1 mapped=1 null=0
2026-03-18 02:40:40,964 - INFO - Page 9: header/footer rows total=1 mapped=1 null=0
2026-03-18 02:40:41,614 - INFO - Page 10: header/footer rows total=1 mapped=1 null=0
2026-03-18 02:40:41,741 - INFO - Page 1: Generated visualizations - ['fused']
2026-03-18 02:40:41,914 - INFO - Page 2: Generated visualizations - ['fused']
2026-03-18 02:40:42,386 - INFO - Page 3: Generated visualizations - ['fused']
2026-03-18 02:40:42,511 - INFO - Page 4: Generated visualizations - ['fused']
2026-03-18 02:40:42,668 - INFO - Page 5: Generated visualizations - ['fused']
2026-03-18 02:40:42,818 - INFO - Page 6: Generated visualizations - ['fused']
2026-03-18 02:40:42,947 - INFO - Page 7: Generated visualizations - ['fused']
2026-03-18 02:40:43,078 - INFO - Page 8: Generated visualizations - ['fused']
2026-03-18 02:40:43,203 - INFO - Page 9: Generated visualizations - ['fused']
2026-03-18 02:40:43,328 - INFO - Page 10: Generated visualizations - ['fused']
2026-03-18 02:40:43,340 - INFO - Committed changes to database for bab:6235
2026-03-18 02:40:43,342 - INFO - Labeling flow completed for bab:6235
2026-03-18 02:40:43,364 - INFO - Task 1081 labeling status updated to: completed
2026-03-18 02:40:43,384 - INFO - Task 1081 validation status updated to: in_queue
2026-03-18 02:40:48,390 - INFO - Found labeling task in queue: ID 1082
2026-03-18 02:40:48,405 - INFO - Task 1082 labeling status updated to: processing
2026-03-18 02:40:48,405 - INFO - Processing labeling task ID: 1082, Type: buku
2026-03-18 02:40:48,405 - INFO - Reference target: bab:6236
2026-03-18 02:40:48,419 - INFO - PDF: /app/storage/buku/222117032/6618/pdf/11. Bab 4 - Desain Sistem.pdf
2026-03-18 02:40:48,421 - INFO - Output: /app/storage/buku/222117032/6618/extraction/11. Bab 4 - Desain Sistem
2026-03-18 02:40:48,424 - INFO - Images output directory: /app/storage/buku/222117032/6618/images/5
2026-03-18 02:40:51,076 - INFO - Saved 8 page images to: /app/storage/buku/222117032/6618/images/5
2026-03-18 02:40:51,092 - INFO - Updated bab_images_path: /buku/222117032/6618/images/5
2026-03-18 02:40:51,093 - INFO - Delegating to MergingExtractionService...
2026-03-18 02:40:51,098 - INFO - Visual output directory: /app/storage/buku/222117032/6618/pdf/classification
2026-03-18 02:40:51,101 - INFO - Running Docling for bab:6236
2026-03-18 02:40:51,113 - INFO - detected formats: [<InputFormat.PDF: 'pdf'>]
2026-03-18 02:40:51,115 - INFO - Going to convert document batch...
2026-03-18 02:40:51,115 - INFO - Initializing pipeline for StandardPdfPipeline with options hash e15bc6f248154cc62f8db15ef18a8ab7
2026-03-18 02:40:51,116 - INFO - rapidocr cannot be used because onnxruntime is not installed.
2026-03-18 02:40:51,117 - INFO - easyocr cannot be used because it is not installed.
2026-03-18 02:40:51,117 - INFO - Accelerator device: 'cpu'
2026-03-18 02:40:51,774 - INFO - Auto OCR model selected rapidocr with torch.
2026-03-18 02:40:51,774 - INFO - Accelerator device: 'cpu'
2026-03-18 02:40:52,494 - INFO - Accelerator device: 'cpu'
2026-03-18 02:40:52,766 - INFO - Processing document 11. Bab 4 - Desain Sistem.pdf
2026-03-18 02:41:13,189 - INFO - Finished converting document 11. Bab 4 - Desain Sistem.pdf in 22.08 sec.
2026-03-18 02:41:13,266 - INFO - Opened PDF: /app/storage/buku/222117032/6618/pdf/11. Bab 4 - Desain Sistem.pdf (8 pages)
2026-03-18 02:41:13,266 - INFO - Processing 8 pages for bab:6236
2026-03-18 02:41:18,648 - INFO - Resolved document-level claims for bab:6236 cleared=0 affected_pages=0
2026-03-18 02:41:19,476 - INFO - Page 1: header/footer rows total=1 mapped=1 null=0
2026-03-18 02:41:20,156 - INFO - Page 2: header/footer rows total=1 mapped=1 null=0
2026-03-18 02:41:20,896 - INFO - Page 3: header/footer rows total=1 mapped=1 null=0
2026-03-18 02:41:21,566 - INFO - Page 4: header/footer rows total=1 mapped=1 null=0
2026-03-18 02:41:22,252 - INFO - Page 5: header/footer rows total=1 mapped=1 null=0
2026-03-18 02:41:22,956 - INFO - Page 6: header/footer rows total=1 mapped=1 null=0
2026-03-18 02:41:23,638 - INFO - Page 7: header/footer rows total=1 mapped=1 null=0
2026-03-18 02:41:24,319 - INFO - Page 8: header/footer rows total=1 mapped=1 null=0
2026-03-18 02:41:24,456 - INFO - Page 1: Generated visualizations - ['fused']
2026-03-18 02:41:24,637 - INFO - Page 2: Generated visualizations - ['fused']
2026-03-18 02:41:24,802 - INFO - Page 3: Generated visualizations - ['fused']
2026-03-18 02:41:24,964 - INFO - Page 4: Generated visualizations - ['fused']
2026-03-18 02:41:25,119 - INFO - Page 5: Generated visualizations - ['fused']
2026-03-18 02:41:25,268 - INFO - Page 6: Generated visualizations - ['fused']
2026-03-18 02:41:25,458 - INFO - Page 7: Generated visualizations - ['fused']
2026-03-18 02:41:25,600 - INFO - Page 8: Generated visualizations - ['fused']
2026-03-18 02:41:25,632 - INFO - Committed changes to database for bab:6236
2026-03-18 02:41:25,634 - INFO - Labeling flow completed for bab:6236
2026-03-18 02:41:25,645 - INFO - Task 1082 labeling status updated to: completed
2026-03-18 02:41:25,653 - INFO - Task 1082 validation status updated to: in_queue
2026-03-18 02:41:30,658 - INFO - Found labeling task in queue: ID 1083
2026-03-18 02:41:30,667 - INFO - Task 1083 labeling status updated to: processing
2026-03-18 02:41:30,668 - INFO - Processing labeling task ID: 1083, Type: buku
2026-03-18 02:41:30,668 - INFO - Reference target: bab:6237
2026-03-18 02:41:30,677 - INFO - PDF: /app/storage/buku/222117032/6618/pdf/12. Bab 5 - Implementasi.pdf
2026-03-18 02:41:30,677 - INFO - Output: /app/storage/buku/222117032/6618/extraction/12. Bab 5 - Implementasi
2026-03-18 02:41:30,680 - INFO - Images output directory: /app/storage/buku/222117032/6618/images/6
2026-03-18 02:41:48,394 - INFO - Saved 56 page images to: /app/storage/buku/222117032/6618/images/6
2026-03-18 02:41:48,407 - INFO - Updated bab_images_path: /buku/222117032/6618/images/6
2026-03-18 02:41:48,407 - INFO - Delegating to MergingExtractionService...
2026-03-18 02:41:48,414 - INFO - Visual output directory: /app/storage/buku/222117032/6618/pdf/classification
2026-03-18 02:41:48,417 - INFO - Running Docling for bab:6237
2026-03-18 02:41:48,432 - INFO - detected formats: [<InputFormat.PDF: 'pdf'>]
2026-03-18 02:41:48,436 - INFO - Going to convert document batch...
2026-03-18 02:41:48,437 - INFO - Initializing pipeline for StandardPdfPipeline with options hash e15bc6f248154cc62f8db15ef18a8ab7
2026-03-18 02:41:48,437 - INFO - rapidocr cannot be used because onnxruntime is not installed.
2026-03-18 02:41:48,438 - INFO - easyocr cannot be used because it is not installed.
2026-03-18 02:41:48,439 - INFO - Accelerator device: 'cpu'
2026-03-18 02:41:48,895 - INFO - Auto OCR model selected rapidocr with torch.
2026-03-18 02:41:48,895 - INFO - Accelerator device: 'cpu'
2026-03-18 02:41:49,844 - INFO - Accelerator device: 'cpu'
2026-03-18 02:41:50,086 - INFO - Processing document 12. Bab 5 - Implementasi.pdf
2026-03-18 02:43:11,090 - INFO - Finished converting document 12. Bab 5 - Implementasi.pdf in 82.67 sec.
2026-03-18 02:43:11,188 - INFO - Opened PDF: /app/storage/buku/222117032/6618/pdf/12. Bab 5 - Implementasi.pdf (56 pages)
2026-03-18 02:43:11,188 - INFO - Processing 56 pages for bab:6237
2026-03-18 02:45:42,463 - INFO - Resolved document-level claims for bab:6237 cleared=0 affected_pages=0
2026-03-18 02:45:43,138 - INFO - Page 1: header/footer rows total=1 mapped=1 null=0
2026-03-18 02:45:43,779 - INFO - Page 2: header/footer rows total=1 mapped=1 null=0
2026-03-18 02:45:44,456 - INFO - Page 3: header/footer rows total=1 mapped=1 null=0
2026-03-18 02:45:45,069 - INFO - Page 4: header/footer rows total=1 mapped=1 null=0
2026-03-18 02:45:45,699 - INFO - Page 5: header/footer rows total=1 mapped=1 null=0
2026-03-18 02:45:46,353 - INFO - Page 6: header/footer rows total=1 mapped=1 null=0
2026-03-18 02:45:46,960 - INFO - Page 7: header/footer rows total=1 mapped=1 null=0
2026-03-18 02:45:47,567 - INFO - Page 8: header/footer rows total=1 mapped=1 null=0
2026-03-18 02:45:48,269 - INFO - Page 9: header/footer rows total=1 mapped=1 null=0
2026-03-18 02:45:48,950 - INFO - Page 10: header/footer rows total=1 mapped=1 null=0
2026-03-18 02:45:49,594 - INFO - Page 11: header/footer rows total=1 mapped=1 null=0
2026-03-18 02:45:50,217 - INFO - Page 12: header/footer rows total=1 mapped=1 null=0
2026-03-18 02:45:50,841 - INFO - Page 13: header/footer rows total=1 mapped=1 null=0
2026-03-18 02:45:51,477 - INFO - Page 14: header/footer rows total=1 mapped=1 null=0
2026-03-18 02:45:52,093 - INFO - Page 15: header/footer rows total=1 mapped=1 null=0
2026-03-18 02:45:52,718 - INFO - Page 16: header/footer rows total=1 mapped=1 null=0
2026-03-18 02:45:53,330 - INFO - Page 17: header/footer rows total=1 mapped=1 null=0
2026-03-18 02:45:53,935 - INFO - Page 18: header/footer rows total=1 mapped=1 null=0
2026-03-18 02:45:54,561 - INFO - Page 19: header/footer rows total=1 mapped=1 null=0
2026-03-18 02:45:55,184 - INFO - Page 20: header/footer rows total=1 mapped=1 null=0
2026-03-18 02:45:55,834 - INFO - Page 21: header/footer rows total=1 mapped=1 null=0
2026-03-18 02:45:56,493 - INFO - Page 22: header/footer rows total=1 mapped=1 null=0
2026-03-18 02:45:57,093 - INFO - Page 23: header/footer rows total=1 mapped=1 null=0
2026-03-18 02:45:57,698 - INFO - Page 24: header/footer rows total=1 mapped=1 null=0
2026-03-18 02:45:58,298 - INFO - Page 25: header/footer rows total=1 mapped=1 null=0
2026-03-18 02:45:58,902 - INFO - Page 26: header/footer rows total=1 mapped=1 null=0
2026-03-18 02:45:59,500 - INFO - Page 27: header/footer rows total=1 mapped=1 null=0
2026-03-18 02:46:00,105 - INFO - Page 28: header/footer rows total=1 mapped=1 null=0
2026-03-18 02:46:00,703 - INFO - Page 29: header/footer rows total=1 mapped=1 null=0
2026-03-18 02:46:01,291 - INFO - Page 30: header/footer rows total=1 mapped=1 null=0
2026-03-18 02:46:01,878 - INFO - Page 31: header/footer rows total=1 mapped=1 null=0
2026-03-18 02:46:02,481 - INFO - Page 32: header/footer rows total=1 mapped=1 null=0
2026-03-18 02:46:03,083 - INFO - Page 33: header/footer rows total=1 mapped=1 null=0
2026-03-18 02:46:03,688 - INFO - Page 34: header/footer rows total=1 mapped=1 null=0
2026-03-18 02:46:04,284 - INFO - Page 35: header/footer rows total=1 mapped=1 null=0
2026-03-18 02:46:04,886 - INFO - Page 36: header/footer rows total=1 mapped=1 null=0
2026-03-18 02:46:05,492 - INFO - Page 37: header/footer rows total=1 mapped=1 null=0
2026-03-18 02:46:06,121 - INFO - Page 38: header/footer rows total=1 mapped=1 null=0
2026-03-18 02:46:06,750 - INFO - Page 39: header/footer rows total=1 mapped=1 null=0
2026-03-18 02:46:07,345 - INFO - Page 40: header/footer rows total=1 mapped=1 null=0
2026-03-18 02:46:07,958 - INFO - Page 41: header/footer rows total=1 mapped=1 null=0
2026-03-18 02:46:08,575 - INFO - Page 42: header/footer rows total=1 mapped=1 null=0
2026-03-18 02:46:09,189 - INFO - Page 43: header/footer rows total=1 mapped=1 null=0
2026-03-18 02:46:09,791 - INFO - Page 44: header/footer rows total=1 mapped=1 null=0
2026-03-18 02:46:10,391 - INFO - Page 45: header/footer rows total=1 mapped=1 null=0
2026-03-18 02:46:10,998 - INFO - Page 46: header/footer rows total=1 mapped=1 null=0
2026-03-18 02:46:11,604 - INFO - Page 47: header/footer rows total=1 mapped=1 null=0
2026-03-18 02:46:12,209 - INFO - Page 48: header/footer rows total=1 mapped=1 null=0
2026-03-18 02:46:12,814 - INFO - Page 49: header/footer rows total=1 mapped=1 null=0
2026-03-18 02:46:13,409 - INFO - Page 50: header/footer rows total=1 mapped=1 null=0
2026-03-18 02:46:14,018 - INFO - Page 51: header/footer rows total=1 mapped=1 null=0
2026-03-18 02:46:14,627 - INFO - Page 52: header/footer rows total=1 mapped=1 null=0
2026-03-18 02:46:15,234 - INFO - Page 53: header/footer rows total=1 mapped=1 null=0
2026-03-18 02:46:15,840 - INFO - Page 54: header/footer rows total=1 mapped=1 null=0
2026-03-18 02:46:16,491 - INFO - Page 55: header/footer rows total=1 mapped=1 null=0
2026-03-18 02:46:17,088 - INFO - Page 56: header/footer rows total=1 mapped=1 null=0
2026-03-18 02:46:17,230 - INFO - Page 1: Generated visualizations - ['fused']
2026-03-18 02:46:17,394 - INFO - Page 2: Generated visualizations - ['fused']
2026-03-18 02:46:17,582 - INFO - Page 3: Generated visualizations - ['fused']
2026-03-18 02:46:17,768 - INFO - Page 4: Generated visualizations - ['fused']
2026-03-18 02:46:17,962 - INFO - Page 5: Generated visualizations - ['fused']
2026-03-18 02:46:18,138 - INFO - Page 6: Generated visualizations - ['fused']
2026-03-18 02:46:18,324 - INFO - Page 7: Generated visualizations - ['fused']
2026-03-18 02:46:18,510 - INFO - Page 8: Generated visualizations - ['fused']
2026-03-18 02:46:18,710 - INFO - Page 9: Generated visualizations - ['fused']
2026-03-18 02:46:18,927 - INFO - Page 10: Generated visualizations - ['fused']
2026-03-18 02:46:19,109 - INFO - Page 11: Generated visualizations - ['fused']
2026-03-18 02:46:19,312 - INFO - Page 12: Generated visualizations - ['fused']
2026-03-18 02:46:19,508 - INFO - Page 13: Generated visualizations - ['fused']
2026-03-18 02:46:19,712 - INFO - Page 14: Generated visualizations - ['fused']
2026-03-18 02:46:19,895 - INFO - Page 15: Generated visualizations - ['fused']
2026-03-18 02:46:20,081 - INFO - Page 16: Generated visualizations - ['fused']
2026-03-18 02:46:20,258 - INFO - Page 17: Generated visualizations - ['fused']
2026-03-18 02:46:20,423 - INFO - Page 18: Generated visualizations - ['fused']
2026-03-18 02:46:20,579 - INFO - Page 19: Generated visualizations - ['fused']
2026-03-18 02:46:20,766 - INFO - Page 20: Generated visualizations - ['fused']
2026-03-18 02:46:20,961 - INFO - Page 21: Generated visualizations - ['fused']
2026-03-18 02:46:21,157 - INFO - Page 22: Generated visualizations - ['fused']
2026-03-18 02:46:21,339 - INFO - Page 23: Generated visualizations - ['fused']
2026-03-18 02:46:21,514 - INFO - Page 24: Generated visualizations - ['fused']
2026-03-18 02:46:21,703 - INFO - Page 25: Generated visualizations - ['fused']
2026-03-18 02:46:21,888 - INFO - Page 26: Generated visualizations - ['fused']
2026-03-18 02:46:22,061 - INFO - Page 27: Generated visualizations - ['fused']
2026-03-18 02:46:22,261 - INFO - Page 28: Generated visualizations - ['fused']
2026-03-18 02:46:22,435 - INFO - Page 29: Generated visualizations - ['fused']
2026-03-18 02:46:22,620 - INFO - Page 30: Generated visualizations - ['fused']
2026-03-18 02:46:22,796 - INFO - Page 31: Generated visualizations - ['fused']
2026-03-18 02:46:22,980 - INFO - Page 32: Generated visualizations - ['fused']
2026-03-18 02:46:23,166 - INFO - Page 33: Generated visualizations - ['fused']
2026-03-18 02:46:23,333 - INFO - Page 34: Generated visualizations - ['fused']
2026-03-18 02:46:23,527 - INFO - Page 35: Generated visualizations - ['fused']
2026-03-18 02:46:23,713 - INFO - Page 36: Generated visualizations - ['fused']
2026-03-18 02:46:23,919 - INFO - Page 37: Generated visualizations - ['fused']
2026-03-18 02:46:24,102 - INFO - Page 38: Generated visualizations - ['fused']
2026-03-18 02:46:24,283 - INFO - Page 39: Generated visualizations - ['fused']
2026-03-18 02:46:24,452 - INFO - Page 40: Generated visualizations - ['fused']
2026-03-18 02:46:24,599 - INFO - Page 41: Generated visualizations - ['fused']
2026-03-18 02:46:24,819 - INFO - Page 42: Generated visualizations - ['fused']
2026-03-18 02:46:24,986 - INFO - Page 43: Generated visualizations - ['fused']
2026-03-18 02:46:25,169 - INFO - Page 44: Generated visualizations - ['fused']
2026-03-18 02:46:25,355 - INFO - Page 45: Generated visualizations - ['fused']
2026-03-18 02:46:25,519 - INFO - Page 46: Generated visualizations - ['fused']
2026-03-18 02:46:25,708 - INFO - Page 47: Generated visualizations - ['fused']
2026-03-18 02:46:25,912 - INFO - Page 48: Generated visualizations - ['fused']
2026-03-18 02:46:26,108 - INFO - Page 49: Generated visualizations - ['fused']
2026-03-18 02:46:26,336 - INFO - Page 50: Generated visualizations - ['fused']
2026-03-18 02:46:26,520 - INFO - Page 51: Generated visualizations - ['fused']
2026-03-18 02:46:26,701 - INFO - Page 52: Generated visualizations - ['fused']
2026-03-18 02:46:26,899 - INFO - Page 53: Generated visualizations - ['fused']
2026-03-18 02:46:27,082 - INFO - Page 54: Generated visualizations - ['fused']
2026-03-18 02:46:27,210 - INFO - Page 55: Generated visualizations - ['fused']
2026-03-18 02:46:27,321 - INFO - Page 56: Generated visualizations - ['fused']
2026-03-18 02:46:27,329 - INFO - Committed changes to database for bab:6237
2026-03-18 02:46:27,339 - INFO - Labeling flow completed for bab:6237
2026-03-18 02:46:27,349 - INFO - Task 1083 labeling status updated to: completed
2026-03-18 02:46:27,357 - INFO - Task 1083 validation status updated to: in_queue
2026-03-18 02:46:32,361 - INFO - Found labeling task in queue: ID 1084
2026-03-18 02:46:32,368 - INFO - Task 1084 labeling status updated to: processing
2026-03-18 02:46:32,368 - INFO - Processing labeling task ID: 1084, Type: buku
2026-03-18 02:46:32,369 - INFO - Reference target: bab:6238
2026-03-18 02:46:32,377 - INFO - PDF: /app/storage/buku/222117032/6618/pdf/15. Daftar Pustaka.pdf
2026-03-18 02:46:32,377 - INFO - Output: /app/storage/buku/222117032/6618/extraction/15. Daftar Pustaka
2026-03-18 02:46:32,380 - INFO - Images output directory: /app/storage/buku/222117032/6618/images/7
2026-03-18 02:46:33,100 - INFO - Saved 2 page images to: /app/storage/buku/222117032/6618/images/7
2026-03-18 02:46:33,110 - INFO - Updated bab_images_path: /buku/222117032/6618/images/7
2026-03-18 02:46:33,110 - INFO - Delegating to MergingExtractionService...
2026-03-18 02:46:33,117 - INFO - Visual output directory: /app/storage/buku/222117032/6618/pdf/classification
2026-03-18 02:46:33,120 - INFO - Running Docling for bab:6238
2026-03-18 02:46:33,132 - INFO - detected formats: [<InputFormat.PDF: 'pdf'>]
2026-03-18 02:46:33,134 - INFO - Going to convert document batch...
2026-03-18 02:46:33,134 - INFO - Initializing pipeline for StandardPdfPipeline with options hash e15bc6f248154cc62f8db15ef18a8ab7
2026-03-18 02:46:33,135 - INFO - rapidocr cannot be used because onnxruntime is not installed.
2026-03-18 02:46:33,135 - INFO - easyocr cannot be used because it is not installed.
2026-03-18 02:46:33,136 - INFO - Accelerator device: 'cpu'
2026-03-18 02:46:33,645 - INFO - Auto OCR model selected rapidocr with torch.
2026-03-18 02:46:33,646 - INFO - Accelerator device: 'cpu'
2026-03-18 02:46:34,500 - INFO - Accelerator device: 'cpu'
2026-03-18 02:46:34,762 - INFO - Processing document 15. Daftar Pustaka.pdf
2026-03-18 02:46:37,359 - INFO - Finished converting document 15. Daftar Pustaka.pdf in 4.23 sec.
2026-03-18 02:46:37,423 - INFO - Opened PDF: /app/storage/buku/222117032/6618/pdf/15. Daftar Pustaka.pdf (2 pages)
2026-03-18 02:46:37,424 - INFO - Processing 2 pages for bab:6238
2026-03-18 02:46:41,069 - INFO - Resolved document-level claims for bab:6238 cleared=0 affected_pages=0
2026-03-18 02:46:41,455 - INFO - Page 1: header/footer rows total=1 mapped=1 null=0
2026-03-18 02:46:42,050 - INFO - Page 2: header/footer rows total=1 mapped=1 null=0
2026-03-18 02:46:42,222 - INFO - Page 1: Generated visualizations - ['fused']
2026-03-18 02:46:42,379 - INFO - Page 2: Generated visualizations - ['fused']
2026-03-18 02:46:42,394 - INFO - Committed changes to database for bab:6238
2026-03-18 02:46:42,395 - INFO - Labeling flow completed for bab:6238
2026-03-18 02:46:42,407 - INFO - Task 1084 labeling status updated to: completed
2026-03-18 02:46:42,415 - INFO - Task 1084 validation status updated to: in_queue
2026-03-18 03:48:21,420 - INFO - Found labeling task in queue: ID 1085
2026-03-18 03:48:21,466 - INFO - Task 1085 labeling status updated to: processing
2026-03-18 03:48:21,467 - INFO - Processing labeling task ID: 1085, Type: dokumen
2026-03-18 03:48:21,468 - INFO - Reference target: dokumen:831
2026-03-18 03:48:21,510 - INFO - PDF: /app/storage/dokumen/222117032/831/pdf/14. Bab III Penjelasan Teori.pdf
2026-03-18 03:48:21,511 - INFO - Output: /app/storage/dokumen/222117032/831/extraction/14. Bab III Penjelasan Teori
2026-03-18 03:48:21,511 - INFO - Images output directory: /app/storage/dokumen/222117032/831/images
2026-03-18 03:48:29,039 - INFO - Saved 16 page images to: /app/storage/dokumen/222117032/831/images
2026-03-18 03:48:29,076 - INFO - Updated dokumen_images_path: /dokumen/222117032/831/images
2026-03-18 03:48:29,077 - INFO - Delegating to MergingExtractionService...
2026-03-18 03:48:29,084 - INFO - Visual output directory: /app/storage/dokumen/222117032/831/pdf/classification
2026-03-18 03:48:29,090 - INFO - Running Docling for dokumen:831
2026-03-18 03:48:29,136 - INFO - detected formats: [<InputFormat.PDF: 'pdf'>]
2026-03-18 03:48:29,155 - INFO - Going to convert document batch...
2026-03-18 03:48:29,157 - INFO - Initializing pipeline for StandardPdfPipeline with options hash e15bc6f248154cc62f8db15ef18a8ab7
2026-03-18 03:48:29,162 - INFO - rapidocr cannot be used because onnxruntime is not installed.
2026-03-18 03:48:29,163 - INFO - easyocr cannot be used because it is not installed.
2026-03-18 03:48:29,166 - INFO - Accelerator device: 'cpu'
2026-03-18 03:48:31,335 - INFO - Auto OCR model selected rapidocr with torch.
2026-03-18 03:48:31,336 - INFO - Accelerator device: 'cpu'
2026-03-18 03:48:32,930 - INFO - Accelerator device: 'cpu'
2026-03-18 03:48:34,019 - INFO - Processing document 14. Bab III Penjelasan Teori.pdf
2026-03-18 03:49:08,261 - INFO - Finished converting document 14. Bab III Penjelasan Teori.pdf in 39.15 sec.
2026-03-18 03:49:08,417 - INFO - Opened PDF: /app/storage/dokumen/222117032/831/pdf/14. Bab III Penjelasan Teori.pdf (16 pages)
2026-03-18 03:49:08,417 - INFO - Processing 16 pages for dokumen:831
2026-03-18 03:49:33,206 - INFO - Resolved document-level claims for dokumen:831 cleared=0 affected_pages=0
2026-03-18 03:49:34,480 - INFO - Page 1: header/footer rows total=1 mapped=1 null=0
2026-03-18 03:49:35,389 - INFO - Page 2: header/footer rows total=1 mapped=1 null=0
2026-03-18 03:49:36,601 - INFO - Page 3: header/footer rows total=1 mapped=1 null=0
2026-03-18 03:49:38,078 - INFO - Page 4: header/footer rows total=1 mapped=1 null=0
2026-03-18 03:49:39,500 - INFO - Page 5: header/footer rows total=1 mapped=1 null=0
2026-03-18 03:49:40,819 - INFO - Page 6: header/footer rows total=1 mapped=1 null=0
2026-03-18 03:49:42,225 - INFO - Page 7: header/footer rows total=1 mapped=1 null=0
2026-03-18 03:49:43,693 - INFO - Page 8: header/footer rows total=1 mapped=1 null=0
2026-03-18 03:49:45,150 - INFO - Page 9: header/footer rows total=1 mapped=1 null=0
2026-03-18 03:49:46,498 - INFO - Page 10: header/footer rows total=1 mapped=1 null=0
2026-03-18 03:49:47,907 - INFO - Page 11: header/footer rows total=1 mapped=1 null=0
2026-03-18 03:49:49,370 - INFO - Page 12: header/footer rows total=1 mapped=1 null=0
2026-03-18 03:49:50,811 - INFO - Page 13: header/footer rows total=1 mapped=1 null=0
2026-03-18 03:49:52,261 - INFO - Page 14: header/footer rows total=1 mapped=1 null=0
2026-03-18 03:49:53,725 - INFO - Page 15: header/footer rows total=1 mapped=1 null=0
2026-03-18 03:49:55,203 - INFO - Page 16: header/footer rows total=1 mapped=1 null=0
2026-03-18 03:49:55,530 - INFO - Page 1: Generated visualizations - ['fused']
2026-03-18 03:49:55,867 - INFO - Page 2: Generated visualizations - ['fused']
2026-03-18 03:49:56,231 - INFO - Page 3: Generated visualizations - ['fused']
2026-03-18 03:49:56,607 - INFO - Page 4: Generated visualizations - ['fused']
2026-03-18 03:49:57,002 - INFO - Page 5: Generated visualizations - ['fused']
2026-03-18 03:49:57,403 - INFO - Page 6: Generated visualizations - ['fused']
2026-03-18 03:49:57,800 - INFO - Page 7: Generated visualizations - ['fused']
2026-03-18 03:49:58,197 - INFO - Page 8: Generated visualizations - ['fused']
2026-03-18 03:49:58,560 - INFO - Page 9: Generated visualizations - ['fused']
2026-03-18 03:49:58,909 - INFO - Page 10: Generated visualizations - ['fused']
2026-03-18 03:49:59,270 - INFO - Page 11: Generated visualizations - ['fused']
2026-03-18 03:49:59,663 - INFO - Page 12: Generated visualizations - ['fused']
2026-03-18 03:50:00,108 - INFO - Page 13: Generated visualizations - ['fused']
2026-03-18 03:50:00,467 - INFO - Page 14: Generated visualizations - ['fused']
2026-03-18 03:50:00,804 - INFO - Page 15: Generated visualizations - ['fused']
2026-03-18 03:50:01,213 - INFO - Page 16: Generated visualizations - ['fused']
2026-03-18 03:50:01,257 - INFO - Committed changes to database for dokumen:831
2026-03-18 03:50:01,265 - INFO - Labeling flow completed for dokumen:831
2026-03-18 03:50:01,288 - INFO - Task 1085 labeling status updated to: completed
2026-03-18 03:50:01,305 - INFO - Task 1085 validation status updated to: in_queue
2026-03-18 04:19:35,117 - INFO - Found labeling task in queue: ID 1086
2026-03-18 04:19:35,140 - INFO - Task 1086 labeling status updated to: processing
2026-03-18 04:19:35,141 - INFO - Processing labeling task ID: 1086, Type: dokumen
2026-03-18 04:19:35,142 - INFO - Reference target: dokumen:832
2026-03-18 04:19:35,183 - INFO - PDF: /app/storage/dokumen/222117032/832/pdf/17 Januari 22 bab 1.pdf
2026-03-18 04:19:35,184 - INFO - Output: /app/storage/dokumen/222117032/832/extraction/17 Januari 22 bab 1
2026-03-18 04:19:35,184 - INFO - Images output directory: /app/storage/dokumen/222117032/832/images
2026-03-18 04:19:40,611 - INFO - Saved 7 page images to: /app/storage/dokumen/222117032/832/images
2026-03-18 04:19:40,641 - INFO - Updated dokumen_images_path: /dokumen/222117032/832/images
2026-03-18 04:19:40,641 - INFO - Delegating to MergingExtractionService...
2026-03-18 04:19:40,656 - INFO - Visual output directory: /app/storage/dokumen/222117032/832/pdf/classification
2026-03-18 04:19:40,663 - INFO - Running Docling for dokumen:832
2026-03-18 04:19:40,716 - INFO - detected formats: [<InputFormat.PDF: 'pdf'>]
2026-03-18 04:19:40,730 - INFO - Going to convert document batch...
2026-03-18 04:19:40,732 - INFO - Initializing pipeline for StandardPdfPipeline with options hash e15bc6f248154cc62f8db15ef18a8ab7
2026-03-18 04:19:40,735 - INFO - rapidocr cannot be used because onnxruntime is not installed.
2026-03-18 04:19:40,737 - INFO - easyocr cannot be used because it is not installed.
2026-03-18 04:19:40,739 - INFO - Accelerator device: 'cpu'
2026-03-18 04:19:42,498 - INFO - Auto OCR model selected rapidocr with torch.
2026-03-18 04:19:42,500 - INFO - Accelerator device: 'cpu'
2026-03-18 04:19:45,000 - INFO - Accelerator device: 'cpu'
2026-03-18 04:19:46,212 - INFO - Processing document 17 Januari 22 bab 1.pdf
2026-03-18 04:20:09,894 - INFO - Finished converting document 17 Januari 22 bab 1.pdf in 29.20 sec.
2026-03-18 04:20:10,215 - INFO - Opened PDF: /app/storage/dokumen/222117032/832/pdf/17 Januari 22 bab 1.pdf (7 pages)
2026-03-18 04:20:10,216 - INFO - Processing 7 pages for dokumen:832
2026-03-18 04:20:22,390 - INFO - Resolved document-level claims for dokumen:832 cleared=0 affected_pages=0
2026-03-18 04:20:24,885 - INFO - Page 1: header/footer rows total=1 mapped=1 null=0
2026-03-18 04:20:27,178 - INFO - Page 2: header/footer rows total=1 mapped=0 null=1
2026-03-18 04:20:29,284 - INFO - Page 3: header/footer rows total=1 mapped=0 null=1
2026-03-18 04:20:31,332 - INFO - Page 4: header/footer rows total=1 mapped=0 null=1
2026-03-18 04:20:33,411 - INFO - Page 5: header/footer rows total=1 mapped=0 null=1
2026-03-18 04:20:35,589 - INFO - Page 6: header/footer rows total=1 mapped=0 null=1
2026-03-18 04:20:36,476 - INFO - Page 1: Generated visualizations - ['fused']
2026-03-18 04:20:36,846 - INFO - Page 2: Generated visualizations - ['fused']
2026-03-18 04:20:37,299 - INFO - Page 3: Generated visualizations - ['fused']
2026-03-18 04:20:37,787 - INFO - Page 4: Generated visualizations - ['fused']
2026-03-18 04:20:38,243 - INFO - Page 5: Generated visualizations - ['fused']
2026-03-18 04:20:38,564 - INFO - Page 6: Generated visualizations - ['fused']
2026-03-18 04:20:38,727 - INFO - Page 7: Generated visualizations - []
2026-03-18 04:20:38,759 - INFO - Committed changes to database for dokumen:832
2026-03-18 04:20:38,761 - INFO - Labeling flow completed for dokumen:832
2026-03-18 04:20:38,788 - INFO - Task 1086 labeling status updated to: completed
2026-03-18 04:20:38,809 - INFO - Task 1086 validation status updated to: in_queue
2026-03-18 04:35:51,190 - INFO - Found labeling task in queue: ID 1087
2026-03-18 04:35:51,212 - INFO - Task 1087 labeling status updated to: processing
2026-03-18 04:35:51,213 - INFO - Processing labeling task ID: 1087, Type: dokumen
2026-03-18 04:35:51,214 - INFO - Reference target: dokumen:833
2026-03-18 04:35:51,254 - INFO - PDF: /app/storage/dokumen/222117032/833/pdf/2. BAB II TINJAUAN PUSTAKA MEI.pdf
2026-03-18 04:35:51,254 - INFO - Output: /app/storage/dokumen/222117032/833/extraction/2. BAB II TINJAUAN PUSTAKA MEI
2026-03-18 04:35:51,255 - INFO - Images output directory: /app/storage/dokumen/222117032/833/images
2026-03-18 04:36:08,098 - INFO - Saved 22 page images to: /app/storage/dokumen/222117032/833/images
2026-03-18 04:36:08,127 - INFO - Updated dokumen_images_path: /dokumen/222117032/833/images
2026-03-18 04:36:08,128 - INFO - Delegating to MergingExtractionService...
2026-03-18 04:36:08,142 - INFO - Visual output directory: /app/storage/dokumen/222117032/833/pdf/classification
2026-03-18 04:36:08,149 - INFO - Running Docling for dokumen:833
2026-03-18 04:36:08,200 - INFO - detected formats: [<InputFormat.PDF: 'pdf'>]
2026-03-18 04:36:08,211 - INFO - Going to convert document batch...
2026-03-18 04:36:08,213 - INFO - Initializing pipeline for StandardPdfPipeline with options hash e15bc6f248154cc62f8db15ef18a8ab7
2026-03-18 04:36:08,216 - INFO - rapidocr cannot be used because onnxruntime is not installed.
2026-03-18 04:36:08,217 - INFO - easyocr cannot be used because it is not installed.
2026-03-18 04:36:08,218 - INFO - Accelerator device: 'cpu'
2026-03-18 04:36:09,578 - INFO - Auto OCR model selected rapidocr with torch.
2026-03-18 04:36:09,579 - INFO - Accelerator device: 'cpu'
2026-03-18 04:36:10,941 - INFO - Accelerator device: 'cpu'
2026-03-18 04:36:11,726 - INFO - Processing document 2. BAB II TINJAUAN PUSTAKA MEI.pdf
2026-03-18 04:38:10,079 - INFO - Finished converting document 2. BAB II TINJAUAN PUSTAKA MEI.pdf in 121.91 sec.
2026-03-18 04:38:10,388 - INFO - Opened PDF: /app/storage/dokumen/222117032/833/pdf/2. BAB II TINJAUAN PUSTAKA MEI.pdf (22 pages)
2026-03-18 04:38:10,389 - INFO - Processing 22 pages for dokumen:833
2026-03-18 04:38:57,059 - INFO - Resolved document-level claims for dokumen:833 cleared=1 affected_pages=1
2026-03-18 04:38:57,622 - INFO - Page 1: header/footer rows total=1 mapped=1 null=0
2026-03-18 04:38:58,174 - INFO - Page 2: header/footer rows total=1 mapped=1 null=0
2026-03-18 04:38:58,697 - INFO - Page 3: header/footer rows total=1 mapped=1 null=0
2026-03-18 04:38:59,249 - INFO - Page 4: header/footer rows total=1 mapped=1 null=0
2026-03-18 04:38:59,762 - INFO - Page 5: header/footer rows total=1 mapped=1 null=0
2026-03-18 04:39:00,351 - INFO - Page 6: header/footer rows total=1 mapped=1 null=0
2026-03-18 04:39:00,850 - INFO - Page 7: header/footer rows total=1 mapped=1 null=0
2026-03-18 04:39:01,411 - INFO - Page 8: header/footer rows total=1 mapped=1 null=0
2026-03-18 04:39:01,992 - INFO - Page 9: header/footer rows total=1 mapped=1 null=0
2026-03-18 04:39:02,516 - INFO - Page 10: header/footer rows total=1 mapped=1 null=0
2026-03-18 04:39:03,103 - INFO - Page 11: header/footer rows total=1 mapped=1 null=0
2026-03-18 04:39:03,692 - INFO - Page 12: header/footer rows total=1 mapped=1 null=0
2026-03-18 04:39:04,202 - INFO - Page 13: header/footer rows total=1 mapped=1 null=0
2026-03-18 04:39:04,752 - INFO - Page 14: header/footer rows total=1 mapped=1 null=0
2026-03-18 04:39:05,267 - INFO - Page 15: header/footer rows total=1 mapped=1 null=0
2026-03-18 04:39:05,837 - INFO - Page 16: header/footer rows total=1 mapped=1 null=0
2026-03-18 04:39:06,408 - INFO - Page 17: header/footer rows total=1 mapped=1 null=0
2026-03-18 04:39:06,918 - INFO - Page 18: header/footer rows total=1 mapped=1 null=0
2026-03-18 04:39:07,467 - INFO - Page 19: header/footer rows total=1 mapped=1 null=0
2026-03-18 04:39:07,986 - INFO - Page 20: header/footer rows total=1 mapped=1 null=0
2026-03-18 04:39:08,565 - INFO - Page 21: header/footer rows total=1 mapped=1 null=0
2026-03-18 04:39:09,127 - INFO - Page 22: header/footer rows total=1 mapped=1 null=0
2026-03-18 04:39:09,292 - INFO - Page 1: Generated visualizations - ['fused']
2026-03-18 04:39:09,448 - INFO - Page 2: Generated visualizations - ['fused']
2026-03-18 04:39:09,611 - INFO - Page 3: Generated visualizations - ['fused']
2026-03-18 04:39:09,778 - INFO - Page 4: Generated visualizations - ['fused']
2026-03-18 04:39:09,942 - INFO - Page 5: Generated visualizations - ['fused']
2026-03-18 04:39:10,101 - INFO - Page 6: Generated visualizations - ['fused']
2026-03-18 04:39:10,259 - INFO - Page 7: Generated visualizations - ['fused']
2026-03-18 04:39:10,472 - INFO - Page 8: Generated visualizations - ['fused']
2026-03-18 04:39:10,631 - INFO - Page 9: Generated visualizations - ['fused']
2026-03-18 04:39:10,780 - INFO - Page 10: Generated visualizations - ['fused']
2026-03-18 04:39:10,928 - INFO - Page 11: Generated visualizations - ['fused']
2026-03-18 04:39:11,088 - INFO - Page 12: Generated visualizations - ['fused']
2026-03-18 04:39:11,235 - INFO - Page 13: Generated visualizations - ['fused']
2026-03-18 04:39:11,390 - INFO - Page 14: Generated visualizations - ['fused']
2026-03-18 04:39:11,540 - INFO - Page 15: Generated visualizations - ['fused']
2026-03-18 04:39:11,692 - INFO - Page 16: Generated visualizations - ['fused']
2026-03-18 04:39:11,852 - INFO - Page 17: Generated visualizations - ['fused']
2026-03-18 04:39:12,004 - INFO - Page 18: Generated visualizations - ['fused']
2026-03-18 04:39:12,204 - INFO - Page 19: Generated visualizations - ['fused']
2026-03-18 04:39:12,406 - INFO - Page 20: Generated visualizations - ['fused']
2026-03-18 04:39:12,560 - INFO - Page 21: Generated visualizations - ['fused']
2026-03-18 04:39:12,881 - INFO - Page 22: Generated visualizations - ['fused']
2026-03-18 04:39:12,923 - INFO - Committed changes to database for dokumen:833
2026-03-18 04:39:12,929 - INFO - Labeling flow completed for dokumen:833
2026-03-18 04:39:12,940 - INFO - Task 1087 labeling status updated to: completed
2026-03-18 04:39:12,949 - INFO - Task 1087 validation status updated to: in_queue
2026-03-18 14:40:44,285 - INFO - Found labeling task in queue: ID 1088
2026-03-18 14:40:44,315 - INFO - Task 1088 labeling status updated to: processing
2026-03-18 14:40:44,316 - INFO - Processing labeling task ID: 1088, Type: dokumen
2026-03-18 14:40:44,317 - INFO - Reference target: dokumen:834
2026-03-18 14:40:44,346 - INFO - PDF: /app/storage/dokumen/222117032/834/pdf/8. Bab 1 - Pendahuluan.pdf
2026-03-18 14:40:44,346 - INFO - Output: /app/storage/dokumen/222117032/834/extraction/8. Bab 1 - Pendahuluan
2026-03-18 14:40:44,347 - INFO - Images output directory: /app/storage/dokumen/222117032/834/images
2026-03-18 14:40:47,182 - INFO - Saved 7 page images to: /app/storage/dokumen/222117032/834/images
2026-03-18 14:40:47,213 - INFO - Updated dokumen_images_path: /dokumen/222117032/834/images
2026-03-18 14:40:47,213 - INFO - Delegating to MergingExtractionService...
2026-03-18 14:40:47,219 - INFO - Visual output directory: /app/storage/dokumen/222117032/834/pdf/classification
2026-03-18 14:40:47,226 - INFO - Running Docling for dokumen:834
2026-03-18 14:40:47,300 - INFO - detected formats: [<InputFormat.PDF: 'pdf'>]
2026-03-18 14:40:47,334 - INFO - Going to convert document batch...
2026-03-18 14:40:47,336 - INFO - Initializing pipeline for StandardPdfPipeline with options hash e15bc6f248154cc62f8db15ef18a8ab7
2026-03-18 14:40:47,342 - INFO - rapidocr cannot be used because onnxruntime is not installed.
2026-03-18 14:40:47,343 - INFO - easyocr cannot be used because it is not installed.
2026-03-18 14:40:47,346 - INFO - Accelerator device: 'cpu'
2026-03-18 14:40:49,764 - INFO - Auto OCR model selected rapidocr with torch.
2026-03-18 14:40:49,765 - INFO - Accelerator device: 'cpu'
2026-03-18 14:40:50,921 - INFO - Accelerator device: 'cpu'
2026-03-18 14:40:51,762 - INFO - Processing document 8. Bab 1 - Pendahuluan.pdf
2026-03-18 14:41:06,999 - INFO - Finished converting document 8. Bab 1 - Pendahuluan.pdf in 19.74 sec.
2026-03-18 14:41:07,114 - INFO - Opened PDF: /app/storage/dokumen/222117032/834/pdf/8. Bab 1 - Pendahuluan.pdf (7 pages)
2026-03-18 14:41:07,114 - INFO - Processing 7 pages for dokumen:834
2026-03-18 14:41:18,128 - INFO - Resolved document-level claims for dokumen:834 cleared=0 affected_pages=0
2026-03-18 14:41:19,118 - INFO - Page 1: header/footer rows total=1 mapped=1 null=0
2026-03-18 14:41:19,836 - INFO - Page 2: header/footer rows total=1 mapped=1 null=0
2026-03-18 14:41:20,460 - INFO - Page 3: header/footer rows total=1 mapped=1 null=0
2026-03-18 14:41:21,087 - INFO - Page 4: header/footer rows total=1 mapped=1 null=0
2026-03-18 14:41:21,735 - INFO - Page 5: header/footer rows total=1 mapped=1 null=0
2026-03-18 14:41:22,386 - INFO - Page 6: header/footer rows total=1 mapped=1 null=0
2026-03-18 14:41:23,099 - INFO - Page 7: header/footer rows total=1 mapped=1 null=0
2026-03-18 14:41:23,258 - INFO - Page 1: Generated visualizations - ['fused']
2026-03-18 14:41:23,415 - INFO - Page 2: Generated visualizations - ['fused']
2026-03-18 14:41:23,597 - INFO - Page 3: Generated visualizations - ['fused']
2026-03-18 14:41:23,757 - INFO - Page 4: Generated visualizations - ['fused']
2026-03-18 14:41:23,937 - INFO - Page 5: Generated visualizations - ['fused']
2026-03-18 14:41:24,109 - INFO - Page 6: Generated visualizations - ['fused']
2026-03-18 14:41:24,255 - INFO - Page 7: Generated visualizations - ['fused']
2026-03-18 14:41:24,270 - INFO - Committed changes to database for dokumen:834
2026-03-18 14:41:24,272 - INFO - Labeling flow completed for dokumen:834
2026-03-18 14:41:24,283 - INFO - Task 1088 labeling status updated to: completed
2026-03-18 14:41:24,290 - INFO - Task 1088 validation status updated to: in_queue
2026-03-18 14:41:29,296 - INFO - Found labeling task in queue: ID 1089
2026-03-18 14:41:29,305 - INFO - Task 1089 labeling status updated to: processing
2026-03-18 14:41:29,305 - INFO - Processing labeling task ID: 1089, Type: dokumen
2026-03-18 14:41:29,305 - INFO - Reference target: dokumen:835
2026-03-18 14:41:29,320 - INFO - PDF: /app/storage/dokumen/222117032/835/pdf/08. Bab 1.pdf
2026-03-18 14:41:29,321 - INFO - Output: /app/storage/dokumen/222117032/835/extraction/08. Bab 1
2026-03-18 14:41:29,321 - INFO - Images output directory: /app/storage/dokumen/222117032/835/images
2026-03-18 14:41:31,915 - INFO - Saved 7 page images to: /app/storage/dokumen/222117032/835/images
2026-03-18 14:41:31,928 - INFO - Updated dokumen_images_path: /dokumen/222117032/835/images
2026-03-18 14:41:31,929 - INFO - Delegating to MergingExtractionService...
2026-03-18 14:41:31,934 - INFO - Visual output directory: /app/storage/dokumen/222117032/835/pdf/classification
2026-03-18 14:41:31,938 - INFO - Running Docling for dokumen:835
2026-03-18 14:41:31,956 - INFO - detected formats: [<InputFormat.PDF: 'pdf'>]
2026-03-18 14:41:31,960 - INFO - Going to convert document batch...
2026-03-18 14:41:31,960 - INFO - Initializing pipeline for StandardPdfPipeline with options hash e15bc6f248154cc62f8db15ef18a8ab7
2026-03-18 14:41:31,961 - INFO - rapidocr cannot be used because onnxruntime is not installed.
2026-03-18 14:41:31,962 - INFO - easyocr cannot be used because it is not installed.
2026-03-18 14:41:31,963 - INFO - Accelerator device: 'cpu'
2026-03-18 14:41:32,933 - INFO - Auto OCR model selected rapidocr with torch.
2026-03-18 14:41:32,933 - INFO - Accelerator device: 'cpu'
2026-03-18 14:41:33,706 - INFO - Accelerator device: 'cpu'
2026-03-18 14:41:34,097 - INFO - Processing document 08. Bab 1.pdf
2026-03-18 14:41:48,365 - INFO - Finished converting document 08. Bab 1.pdf in 16.42 sec.
2026-03-18 14:41:48,472 - INFO - Opened PDF: /app/storage/dokumen/222117032/835/pdf/08. Bab 1.pdf (7 pages)
2026-03-18 14:41:48,472 - INFO - Processing 7 pages for dokumen:835
2026-03-18 14:41:56,867 - INFO - Resolved document-level claims for dokumen:835 cleared=0 affected_pages=0
2026-03-18 14:41:57,508 - INFO - Page 1: header/footer rows total=1 mapped=1 null=0
2026-03-18 14:41:58,187 - INFO - Page 2: header/footer rows total=1 mapped=1 null=0
2026-03-18 14:41:58,824 - INFO - Page 3: header/footer rows total=1 mapped=1 null=0
2026-03-18 14:41:59,549 - INFO - Page 4: header/footer rows total=1 mapped=1 null=0
2026-03-18 14:42:00,149 - INFO - Page 5: header/footer rows total=1 mapped=1 null=0
2026-03-18 14:42:00,738 - INFO - Page 6: header/footer rows total=1 mapped=1 null=0
2026-03-18 14:42:01,336 - INFO - Page 7: header/footer rows total=1 mapped=1 null=0
2026-03-18 14:42:01,470 - INFO - Page 1: Generated visualizations - ['fused']
2026-03-18 14:42:01,613 - INFO - Page 2: Generated visualizations - ['fused']
2026-03-18 14:42:01,763 - INFO - Page 3: Generated visualizations - ['fused']
2026-03-18 14:42:01,904 - INFO - Page 4: Generated visualizations - ['fused']
2026-03-18 14:42:02,055 - INFO - Page 5: Generated visualizations - ['fused']
2026-03-18 14:42:02,212 - INFO - Page 6: Generated visualizations - ['fused']
2026-03-18 14:42:02,343 - INFO - Page 7: Generated visualizations - ['fused']
2026-03-18 14:42:02,357 - INFO - Committed changes to database for dokumen:835
2026-03-18 14:42:02,360 - INFO - Labeling flow completed for dokumen:835
2026-03-18 14:42:02,371 - INFO - Task 1089 labeling status updated to: completed
2026-03-18 14:42:02,378 - INFO - Task 1089 validation status updated to: in_queue
2026-03-18 16:59:11,204 - INFO - Found labeling task in queue: ID 1090
2026-03-18 16:59:11,231 - INFO - Task 1090 labeling status updated to: processing
2026-03-18 16:59:11,232 - INFO - Processing labeling task ID: 1090, Type: dokumen
2026-03-18 16:59:11,232 - INFO - Reference target: dokumen:836
2026-03-18 16:59:11,241 - ERROR - Visual task 1090 failed: (pymysql.err.OperationalError) (1054, "Unknown column 'dokumen.dokumen_tipe' in 'SELECT'")
[SQL: SELECT dokumen.dokumen_id AS dokumen_dokumen_id, dokumen.mhs_nrp AS dokumen_mhs_nrp, dokumen.dokumen_tipe AS dokumen_dokumen_tipe, dokumen.dokumen_filename AS dokumen_dokumen_filename, dokumen.dokumen_filesize_bytes AS dokumen_dokumen_filesize_bytes, dokumen.dokumen_status AS dokumen_dokumen_status, dokumen.dokumen_skor AS dokumen_dokumen_skor, dokumen.dokumen_jumlah_kesalahan AS dokumen_dokumen_jumlah_kesalahan, dokumen.dokumen_docx_path AS dokumen_dokumen_docx_path, dokumen.dokumen_pdf_path AS dokumen_dokumen_pdf_path, dokumen.dokumen_images_path AS dokumen_dokumen_images_path, dokumen.dokumen_created_at AS dokumen_dokumen_created_at, dokumen.dokumen_updated_at AS dokumen_dokumen_updated_at 
FROM dokumen 
WHERE dokumen.dokumen_id = %(dokumen_id_1)s 
 LIMIT %(param_1)s]
[parameters: {'dokumen_id_1': 836, 'param_1': 1}]
(Background on this error at: https://sqlalche.me/e/20/e3q8)
Traceback (most recent call last):
  File "/usr/local/lib/python3.11/site-packages/sqlalchemy/engine/base.py", line 1967, in _exec_single_context
    self.dialect.do_execute(
  File "/usr/local/lib/python3.11/site-packages/sqlalchemy/engine/default.py", line 951, in do_execute
    cursor.execute(statement, parameters)
  File "/usr/local/lib/python3.11/site-packages/pymysql/cursors.py", line 153, in execute
    result = self._query(query)
             ^^^^^^^^^^^^^^^^^^
  File "/usr/local/lib/python3.11/site-packages/pymysql/cursors.py", line 322, in _query
    conn.query(q)
  File "/usr/local/lib/python3.11/site-packages/pymysql/connections.py", line 575, in query
    self._affected_rows = self._read_query_result(unbuffered=unbuffered)
                          ^^^^^^^^^^^^^^^^^^^^^^^^^^^^^^^^^^^^^^^^^^^^^^
  File "/usr/local/lib/python3.11/site-packages/pymysql/connections.py", line 826, in _read_query_result
    result.read()
  File "/usr/local/lib/python3.11/site-packages/pymysql/connections.py", line 1203, in read
    first_packet = self.connection._read_packet()
                   ^^^^^^^^^^^^^^^^^^^^^^^^^^^^^^
  File "/usr/local/lib/python3.11/site-packages/pymysql/connections.py", line 782, in _read_packet
    packet.raise_for_error()
  File "/usr/local/lib/python3.11/site-packages/pymysql/protocol.py", line 219, in raise_for_error
    err.raise_mysql_exception(self._data)
  File "/usr/local/lib/python3.11/site-packages/pymysql/err.py", line 150, in raise_mysql_exception
    raise errorclass(errno, errval)
pymysql.err.OperationalError: (1054, "Unknown column 'dokumen.dokumen_tipe' in 'SELECT'")

The above exception was the direct cause of the following exception:

Traceback (most recent call last):
  File "/app/src/workers/visual_worker.py", line 100, in process_visual_task
  File "/app/src/services/antrian_service.py", line 160, in get_full_pdf_path
  File "/app/src/services/antrian_service.py", line 134, in get_pdf_path
    def get_output_directory(self, task: Antrian) -> str:
              ^^^^^^^
  File "/usr/local/lib/python3.11/site-packages/sqlalchemy/orm/query.py", line 2759, in first
    return self.limit(1)._iter().first()  # type: ignore
           ^^^^^^^^^^^^^^^^^^^^^
  File "/usr/local/lib/python3.11/site-packages/sqlalchemy/orm/query.py", line 2857, in _iter
    result: Union[ScalarResult[_T], Result[_T]] = self.session.execute(
                                                  ^^^^^^^^^^^^^^^^^^^^^
  File "/usr/local/lib/python3.11/site-packages/sqlalchemy/orm/session.py", line 2351, in execute
    return self._execute_internal(
           ^^^^^^^^^^^^^^^^^^^^^^^
  File "/usr/local/lib/python3.11/site-packages/sqlalchemy/orm/session.py", line 2249, in _execute_internal
    result: Result[Any] = compile_state_cls.orm_execute_statement(
                          ^^^^^^^^^^^^^^^^^^^^^^^^^^^^^^^^^^^^^^^^
  File "/usr/local/lib/python3.11/site-packages/sqlalchemy/orm/context.py", line 306, in orm_execute_statement
    result = conn.execute(
             ^^^^^^^^^^^^^
  File "/usr/local/lib/python3.11/site-packages/sqlalchemy/engine/base.py", line 1419, in execute
    return meth(
           ^^^^^
  File "/usr/local/lib/python3.11/site-packages/sqlalchemy/sql/elements.py", line 526, in _execute_on_connection
    return connection._execute_clauseelement(
           ^^^^^^^^^^^^^^^^^^^^^^^^^^^^^^^^^^
  File "/usr/local/lib/python3.11/site-packages/sqlalchemy/engine/base.py", line 1641, in _execute_clauseelement
    ret = self._execute_context(
          ^^^^^^^^^^^^^^^^^^^^^^
  File "/usr/local/lib/python3.11/site-packages/sqlalchemy/engine/base.py", line 1846, in _execute_context
    return self._exec_single_context(
           ^^^^^^^^^^^^^^^^^^^^^^^^^^
  File "/usr/local/lib/python3.11/site-packages/sqlalchemy/engine/base.py", line 1986, in _exec_single_context
    self._handle_dbapi_exception(
  File "/usr/local/lib/python3.11/site-packages/sqlalchemy/engine/base.py", line 2355, in _handle_dbapi_exception
    raise sqlalchemy_exception.with_traceback(exc_info[2]) from e
  File "/usr/local/lib/python3.11/site-packages/sqlalchemy/engine/base.py", line 1967, in _exec_single_context
    self.dialect.do_execute(
  File "/usr/local/lib/python3.11/site-packages/sqlalchemy/engine/default.py", line 951, in do_execute
    cursor.execute(statement, parameters)
  File "/usr/local/lib/python3.11/site-packages/pymysql/cursors.py", line 153, in execute
    result = self._query(query)
             ^^^^^^^^^^^^^^^^^^
  File "/usr/local/lib/python3.11/site-packages/pymysql/cursors.py", line 322, in _query
    conn.query(q)
  File "/usr/local/lib/python3.11/site-packages/pymysql/connections.py", line 575, in query
    self._affected_rows = self._read_query_result(unbuffered=unbuffered)
                          ^^^^^^^^^^^^^^^^^^^^^^^^^^^^^^^^^^^^^^^^^^^^^^
  File "/usr/local/lib/python3.11/site-packages/pymysql/connections.py", line 826, in _read_query_result
    result.read()
  File "/usr/local/lib/python3.11/site-packages/pymysql/connections.py", line 1203, in read
    first_packet = self.connection._read_packet()
                   ^^^^^^^^^^^^^^^^^^^^^^^^^^^^^^
  File "/usr/local/lib/python3.11/site-packages/pymysql/connections.py", line 782, in _read_packet
    packet.raise_for_error()
  File "/usr/local/lib/python3.11/site-packages/pymysql/protocol.py", line 219, in raise_for_error
    err.raise_mysql_exception(self._data)
  File "/usr/local/lib/python3.11/site-packages/pymysql/err.py", line 150, in raise_mysql_exception
    raise errorclass(errno, errval)
sqlalchemy.exc.OperationalError: (pymysql.err.OperationalError) (1054, "Unknown column 'dokumen.dokumen_tipe' in 'SELECT'")
[SQL: SELECT dokumen.dokumen_id AS dokumen_dokumen_id, dokumen.mhs_nrp AS dokumen_mhs_nrp, dokumen.dokumen_tipe AS dokumen_dokumen_tipe, dokumen.dokumen_filename AS dokumen_dokumen_filename, dokumen.dokumen_filesize_bytes AS dokumen_dokumen_filesize_bytes, dokumen.dokumen_status AS dokumen_dokumen_status, dokumen.dokumen_skor AS dokumen_dokumen_skor, dokumen.dokumen_jumlah_kesalahan AS dokumen_dokumen_jumlah_kesalahan, dokumen.dokumen_docx_path AS dokumen_dokumen_docx_path, dokumen.dokumen_pdf_path AS dokumen_dokumen_pdf_path, dokumen.dokumen_images_path AS dokumen_dokumen_images_path, dokumen.dokumen_created_at AS dokumen_dokumen_created_at, dokumen.dokumen_updated_at AS dokumen_dokumen_updated_at 
FROM dokumen 
WHERE dokumen.dokumen_id = %(dokumen_id_1)s 
 LIMIT %(param_1)s]
[parameters: {'dokumen_id_1': 836, 'param_1': 1}]
(Background on this error at: https://sqlalche.me/e/20/e3q8)
2026-03-18 16:59:11,331 - INFO - Task 1090 labeling status updated to: failed
2026-03-18 16:59:26,350 - INFO - Found labeling task in queue: ID 1091
2026-03-18 16:59:26,370 - INFO - Task 1091 labeling status updated to: processing
2026-03-18 16:59:26,371 - INFO - Processing labeling task ID: 1091, Type: dokumen
2026-03-18 16:59:26,371 - INFO - Reference target: dokumen:837
2026-03-18 16:59:26,374 - ERROR - Visual task 1091 failed: (pymysql.err.OperationalError) (1054, "Unknown column 'dokumen.dokumen_tipe' in 'SELECT'")
[SQL: SELECT dokumen.dokumen_id AS dokumen_dokumen_id, dokumen.mhs_nrp AS dokumen_mhs_nrp, dokumen.dokumen_tipe AS dokumen_dokumen_tipe, dokumen.dokumen_filename AS dokumen_dokumen_filename, dokumen.dokumen_filesize_bytes AS dokumen_dokumen_filesize_bytes, dokumen.dokumen_status AS dokumen_dokumen_status, dokumen.dokumen_skor AS dokumen_dokumen_skor, dokumen.dokumen_jumlah_kesalahan AS dokumen_dokumen_jumlah_kesalahan, dokumen.dokumen_docx_path AS dokumen_dokumen_docx_path, dokumen.dokumen_pdf_path AS dokumen_dokumen_pdf_path, dokumen.dokumen_images_path AS dokumen_dokumen_images_path, dokumen.dokumen_created_at AS dokumen_dokumen_created_at, dokumen.dokumen_updated_at AS dokumen_dokumen_updated_at 
FROM dokumen 
WHERE dokumen.dokumen_id = %(dokumen_id_1)s 
 LIMIT %(param_1)s]
[parameters: {'dokumen_id_1': 837, 'param_1': 1}]
(Background on this error at: https://sqlalche.me/e/20/e3q8)
Traceback (most recent call last):
  File "/usr/local/lib/python3.11/site-packages/sqlalchemy/engine/base.py", line 1967, in _exec_single_context
    self.dialect.do_execute(
  File "/usr/local/lib/python3.11/site-packages/sqlalchemy/engine/default.py", line 951, in do_execute
    cursor.execute(statement, parameters)
  File "/usr/local/lib/python3.11/site-packages/pymysql/cursors.py", line 153, in execute
    result = self._query(query)
             ^^^^^^^^^^^^^^^^^^
  File "/usr/local/lib/python3.11/site-packages/pymysql/cursors.py", line 322, in _query
    conn.query(q)
  File "/usr/local/lib/python3.11/site-packages/pymysql/connections.py", line 575, in query
    self._affected_rows = self._read_query_result(unbuffered=unbuffered)
                          ^^^^^^^^^^^^^^^^^^^^^^^^^^^^^^^^^^^^^^^^^^^^^^
  File "/usr/local/lib/python3.11/site-packages/pymysql/connections.py", line 826, in _read_query_result
    result.read()
  File "/usr/local/lib/python3.11/site-packages/pymysql/connections.py", line 1203, in read
    first_packet = self.connection._read_packet()
                   ^^^^^^^^^^^^^^^^^^^^^^^^^^^^^^
  File "/usr/local/lib/python3.11/site-packages/pymysql/connections.py", line 782, in _read_packet
    packet.raise_for_error()
  File "/usr/local/lib/python3.11/site-packages/pymysql/protocol.py", line 219, in raise_for_error
    err.raise_mysql_exception(self._data)
  File "/usr/local/lib/python3.11/site-packages/pymysql/err.py", line 150, in raise_mysql_exception
    raise errorclass(errno, errval)
pymysql.err.OperationalError: (1054, "Unknown column 'dokumen.dokumen_tipe' in 'SELECT'")

The above exception was the direct cause of the following exception:

Traceback (most recent call last):
  File "/app/src/workers/visual_worker.py", line 100, in process_visual_task
  File "/app/src/services/antrian_service.py", line 160, in get_full_pdf_path
  File "/app/src/services/antrian_service.py", line 134, in get_pdf_path
    def get_output_directory(self, task: Antrian) -> str:
              ^^^^^^^
  File "/usr/local/lib/python3.11/site-packages/sqlalchemy/orm/query.py", line 2759, in first
    return self.limit(1)._iter().first()  # type: ignore
           ^^^^^^^^^^^^^^^^^^^^^
  File "/usr/local/lib/python3.11/site-packages/sqlalchemy/orm/query.py", line 2857, in _iter
    result: Union[ScalarResult[_T], Result[_T]] = self.session.execute(
                                                  ^^^^^^^^^^^^^^^^^^^^^
  File "/usr/local/lib/python3.11/site-packages/sqlalchemy/orm/session.py", line 2351, in execute
    return self._execute_internal(
           ^^^^^^^^^^^^^^^^^^^^^^^
  File "/usr/local/lib/python3.11/site-packages/sqlalchemy/orm/session.py", line 2249, in _execute_internal
    result: Result[Any] = compile_state_cls.orm_execute_statement(
                          ^^^^^^^^^^^^^^^^^^^^^^^^^^^^^^^^^^^^^^^^
  File "/usr/local/lib/python3.11/site-packages/sqlalchemy/orm/context.py", line 306, in orm_execute_statement
    result = conn.execute(
             ^^^^^^^^^^^^^
  File "/usr/local/lib/python3.11/site-packages/sqlalchemy/engine/base.py", line 1419, in execute
    return meth(
           ^^^^^
  File "/usr/local/lib/python3.11/site-packages/sqlalchemy/sql/elements.py", line 526, in _execute_on_connection
    return connection._execute_clauseelement(
           ^^^^^^^^^^^^^^^^^^^^^^^^^^^^^^^^^^
  File "/usr/local/lib/python3.11/site-packages/sqlalchemy/engine/base.py", line 1641, in _execute_clauseelement
    ret = self._execute_context(
          ^^^^^^^^^^^^^^^^^^^^^^
  File "/usr/local/lib/python3.11/site-packages/sqlalchemy/engine/base.py", line 1846, in _execute_context
    return self._exec_single_context(
           ^^^^^^^^^^^^^^^^^^^^^^^^^^
  File "/usr/local/lib/python3.11/site-packages/sqlalchemy/engine/base.py", line 1986, in _exec_single_context
    self._handle_dbapi_exception(
  File "/usr/local/lib/python3.11/site-packages/sqlalchemy/engine/base.py", line 2355, in _handle_dbapi_exception
    raise sqlalchemy_exception.with_traceback(exc_info[2]) from e
  File "/usr/local/lib/python3.11/site-packages/sqlalchemy/engine/base.py", line 1967, in _exec_single_context
    self.dialect.do_execute(
  File "/usr/local/lib/python3.11/site-packages/sqlalchemy/engine/default.py", line 951, in do_execute
    cursor.execute(statement, parameters)
  File "/usr/local/lib/python3.11/site-packages/pymysql/cursors.py", line 153, in execute
    result = self._query(query)
             ^^^^^^^^^^^^^^^^^^
  File "/usr/local/lib/python3.11/site-packages/pymysql/cursors.py", line 322, in _query
    conn.query(q)
  File "/usr/local/lib/python3.11/site-packages/pymysql/connections.py", line 575, in query
    self._affected_rows = self._read_query_result(unbuffered=unbuffered)
                          ^^^^^^^^^^^^^^^^^^^^^^^^^^^^^^^^^^^^^^^^^^^^^^
  File "/usr/local/lib/python3.11/site-packages/pymysql/connections.py", line 826, in _read_query_result
    result.read()
  File "/usr/local/lib/python3.11/site-packages/pymysql/connections.py", line 1203, in read
    first_packet = self.connection._read_packet()
                   ^^^^^^^^^^^^^^^^^^^^^^^^^^^^^^
  File "/usr/local/lib/python3.11/site-packages/pymysql/connections.py", line 782, in _read_packet
    packet.raise_for_error()
  File "/usr/local/lib/python3.11/site-packages/pymysql/protocol.py", line 219, in raise_for_error
    err.raise_mysql_exception(self._data)
  File "/usr/local/lib/python3.11/site-packages/pymysql/err.py", line 150, in raise_mysql_exception
    raise errorclass(errno, errval)
sqlalchemy.exc.OperationalError: (pymysql.err.OperationalError) (1054, "Unknown column 'dokumen.dokumen_tipe' in 'SELECT'")
[SQL: SELECT dokumen.dokumen_id AS dokumen_dokumen_id, dokumen.mhs_nrp AS dokumen_mhs_nrp, dokumen.dokumen_tipe AS dokumen_dokumen_tipe, dokumen.dokumen_filename AS dokumen_dokumen_filename, dokumen.dokumen_filesize_bytes AS dokumen_dokumen_filesize_bytes, dokumen.dokumen_status AS dokumen_dokumen_status, dokumen.dokumen_skor AS dokumen_dokumen_skor, dokumen.dokumen_jumlah_kesalahan AS dokumen_dokumen_jumlah_kesalahan, dokumen.dokumen_docx_path AS dokumen_dokumen_docx_path, dokumen.dokumen_pdf_path AS dokumen_dokumen_pdf_path, dokumen.dokumen_images_path AS dokumen_dokumen_images_path, dokumen.dokumen_created_at AS dokumen_dokumen_created_at, dokumen.dokumen_updated_at AS dokumen_dokumen_updated_at 
FROM dokumen 
WHERE dokumen.dokumen_id = %(dokumen_id_1)s 
 LIMIT %(param_1)s]
[parameters: {'dokumen_id_1': 837, 'param_1': 1}]
(Background on this error at: https://sqlalche.me/e/20/e3q8)
2026-03-18 16:59:26,395 - INFO - Task 1091 labeling status updated to: failed
2026-03-18 17:00:51,485 - INFO - Found labeling task in queue: ID 1092
2026-03-18 17:00:51,499 - INFO - Task 1092 labeling status updated to: processing
2026-03-18 17:00:51,499 - INFO - Processing labeling task ID: 1092, Type: dokumen
2026-03-18 17:00:51,500 - INFO - Reference target: dokumen:838
2026-03-18 17:00:51,503 - ERROR - Visual task 1092 failed: (pymysql.err.OperationalError) (1054, "Unknown column 'dokumen.dokumen_tipe' in 'SELECT'")
[SQL: SELECT dokumen.dokumen_id AS dokumen_dokumen_id, dokumen.mhs_nrp AS dokumen_mhs_nrp, dokumen.dokumen_tipe AS dokumen_dokumen_tipe, dokumen.dokumen_filename AS dokumen_dokumen_filename, dokumen.dokumen_filesize_bytes AS dokumen_dokumen_filesize_bytes, dokumen.dokumen_status AS dokumen_dokumen_status, dokumen.dokumen_skor AS dokumen_dokumen_skor, dokumen.dokumen_jumlah_kesalahan AS dokumen_dokumen_jumlah_kesalahan, dokumen.dokumen_docx_path AS dokumen_dokumen_docx_path, dokumen.dokumen_pdf_path AS dokumen_dokumen_pdf_path, dokumen.dokumen_images_path AS dokumen_dokumen_images_path, dokumen.dokumen_created_at AS dokumen_dokumen_created_at, dokumen.dokumen_updated_at AS dokumen_dokumen_updated_at 
FROM dokumen 
WHERE dokumen.dokumen_id = %(dokumen_id_1)s 
 LIMIT %(param_1)s]
[parameters: {'dokumen_id_1': 838, 'param_1': 1}]
(Background on this error at: https://sqlalche.me/e/20/e3q8)
Traceback (most recent call last):
  File "/usr/local/lib/python3.11/site-packages/sqlalchemy/engine/base.py", line 1967, in _exec_single_context
    self.dialect.do_execute(
  File "/usr/local/lib/python3.11/site-packages/sqlalchemy/engine/default.py", line 951, in do_execute
    cursor.execute(statement, parameters)
  File "/usr/local/lib/python3.11/site-packages/pymysql/cursors.py", line 153, in execute
    result = self._query(query)
             ^^^^^^^^^^^^^^^^^^
  File "/usr/local/lib/python3.11/site-packages/pymysql/cursors.py", line 322, in _query
    conn.query(q)
  File "/usr/local/lib/python3.11/site-packages/pymysql/connections.py", line 575, in query
    self._affected_rows = self._read_query_result(unbuffered=unbuffered)
                          ^^^^^^^^^^^^^^^^^^^^^^^^^^^^^^^^^^^^^^^^^^^^^^
  File "/usr/local/lib/python3.11/site-packages/pymysql/connections.py", line 826, in _read_query_result
    result.read()
  File "/usr/local/lib/python3.11/site-packages/pymysql/connections.py", line 1203, in read
    first_packet = self.connection._read_packet()
                   ^^^^^^^^^^^^^^^^^^^^^^^^^^^^^^
  File "/usr/local/lib/python3.11/site-packages/pymysql/connections.py", line 782, in _read_packet
    packet.raise_for_error()
  File "/usr/local/lib/python3.11/site-packages/pymysql/protocol.py", line 219, in raise_for_error
    err.raise_mysql_exception(self._data)
  File "/usr/local/lib/python3.11/site-packages/pymysql/err.py", line 150, in raise_mysql_exception
    raise errorclass(errno, errval)
pymysql.err.OperationalError: (1054, "Unknown column 'dokumen.dokumen_tipe' in 'SELECT'")

The above exception was the direct cause of the following exception:

Traceback (most recent call last):
  File "/app/src/workers/visual_worker.py", line 100, in process_visual_task
  File "/app/src/services/antrian_service.py", line 160, in get_full_pdf_path
  File "/app/src/services/antrian_service.py", line 134, in get_pdf_path
    def get_output_directory(self, task: Antrian) -> str:
              ^^^^^^^
  File "/usr/local/lib/python3.11/site-packages/sqlalchemy/orm/query.py", line 2759, in first
    return self.limit(1)._iter().first()  # type: ignore
           ^^^^^^^^^^^^^^^^^^^^^
  File "/usr/local/lib/python3.11/site-packages/sqlalchemy/orm/query.py", line 2857, in _iter
    result: Union[ScalarResult[_T], Result[_T]] = self.session.execute(
                                                  ^^^^^^^^^^^^^^^^^^^^^
  File "/usr/local/lib/python3.11/site-packages/sqlalchemy/orm/session.py", line 2351, in execute
    return self._execute_internal(
           ^^^^^^^^^^^^^^^^^^^^^^^
  File "/usr/local/lib/python3.11/site-packages/sqlalchemy/orm/session.py", line 2249, in _execute_internal
    result: Result[Any] = compile_state_cls.orm_execute_statement(
                          ^^^^^^^^^^^^^^^^^^^^^^^^^^^^^^^^^^^^^^^^
  File "/usr/local/lib/python3.11/site-packages/sqlalchemy/orm/context.py", line 306, in orm_execute_statement
    result = conn.execute(
             ^^^^^^^^^^^^^
  File "/usr/local/lib/python3.11/site-packages/sqlalchemy/engine/base.py", line 1419, in execute
    return meth(
           ^^^^^
  File "/usr/local/lib/python3.11/site-packages/sqlalchemy/sql/elements.py", line 526, in _execute_on_connection
    return connection._execute_clauseelement(
           ^^^^^^^^^^^^^^^^^^^^^^^^^^^^^^^^^^
  File "/usr/local/lib/python3.11/site-packages/sqlalchemy/engine/base.py", line 1641, in _execute_clauseelement
    ret = self._execute_context(
          ^^^^^^^^^^^^^^^^^^^^^^
  File "/usr/local/lib/python3.11/site-packages/sqlalchemy/engine/base.py", line 1846, in _execute_context
    return self._exec_single_context(
           ^^^^^^^^^^^^^^^^^^^^^^^^^^
  File "/usr/local/lib/python3.11/site-packages/sqlalchemy/engine/base.py", line 1986, in _exec_single_context
    self._handle_dbapi_exception(
  File "/usr/local/lib/python3.11/site-packages/sqlalchemy/engine/base.py", line 2355, in _handle_dbapi_exception
    raise sqlalchemy_exception.with_traceback(exc_info[2]) from e
  File "/usr/local/lib/python3.11/site-packages/sqlalchemy/engine/base.py", line 1967, in _exec_single_context
    self.dialect.do_execute(
  File "/usr/local/lib/python3.11/site-packages/sqlalchemy/engine/default.py", line 951, in do_execute
    cursor.execute(statement, parameters)
  File "/usr/local/lib/python3.11/site-packages/pymysql/cursors.py", line 153, in execute
    result = self._query(query)
             ^^^^^^^^^^^^^^^^^^
  File "/usr/local/lib/python3.11/site-packages/pymysql/cursors.py", line 322, in _query
    conn.query(q)
  File "/usr/local/lib/python3.11/site-packages/pymysql/connections.py", line 575, in query
    self._affected_rows = self._read_query_result(unbuffered=unbuffered)
                          ^^^^^^^^^^^^^^^^^^^^^^^^^^^^^^^^^^^^^^^^^^^^^^
  File "/usr/local/lib/python3.11/site-packages/pymysql/connections.py", line 826, in _read_query_result
    result.read()
  File "/usr/local/lib/python3.11/site-packages/pymysql/connections.py", line 1203, in read
    first_packet = self.connection._read_packet()
                   ^^^^^^^^^^^^^^^^^^^^^^^^^^^^^^
  File "/usr/local/lib/python3.11/site-packages/pymysql/connections.py", line 782, in _read_packet
    packet.raise_for_error()
  File "/usr/local/lib/python3.11/site-packages/pymysql/protocol.py", line 219, in raise_for_error
    err.raise_mysql_exception(self._data)
  File "/usr/local/lib/python3.11/site-packages/pymysql/err.py", line 150, in raise_mysql_exception
    raise errorclass(errno, errval)
sqlalchemy.exc.OperationalError: (pymysql.err.OperationalError) (1054, "Unknown column 'dokumen.dokumen_tipe' in 'SELECT'")
[SQL: SELECT dokumen.dokumen_id AS dokumen_dokumen_id, dokumen.mhs_nrp AS dokumen_mhs_nrp, dokumen.dokumen_tipe AS dokumen_dokumen_tipe, dokumen.dokumen_filename AS dokumen_dokumen_filename, dokumen.dokumen_filesize_bytes AS dokumen_dokumen_filesize_bytes, dokumen.dokumen_status AS dokumen_dokumen_status, dokumen.dokumen_skor AS dokumen_dokumen_skor, dokumen.dokumen_jumlah_kesalahan AS dokumen_dokumen_jumlah_kesalahan, dokumen.dokumen_docx_path AS dokumen_dokumen_docx_path, dokumen.dokumen_pdf_path AS dokumen_dokumen_pdf_path, dokumen.dokumen_images_path AS dokumen_dokumen_images_path, dokumen.dokumen_created_at AS dokumen_dokumen_created_at, dokumen.dokumen_updated_at AS dokumen_dokumen_updated_at 
FROM dokumen 
WHERE dokumen.dokumen_id = %(dokumen_id_1)s 
 LIMIT %(param_1)s]
[parameters: {'dokumen_id_1': 838, 'param_1': 1}]
(Background on this error at: https://sqlalche.me/e/20/e3q8)
2026-03-18 17:00:51,533 - INFO - Task 1092 labeling status updated to: failed
2026-03-18 17:01:21,568 - INFO - Found labeling task in queue: ID 1093
2026-03-18 17:01:21,577 - INFO - Task 1093 labeling status updated to: processing
2026-03-18 17:01:21,578 - INFO - Processing labeling task ID: 1093, Type: dokumen
2026-03-18 17:01:21,578 - INFO - Reference target: dokumen:839
2026-03-18 17:01:21,580 - ERROR - Visual task 1093 failed: (pymysql.err.OperationalError) (1054, "Unknown column 'dokumen.dokumen_tipe' in 'SELECT'")
[SQL: SELECT dokumen.dokumen_id AS dokumen_dokumen_id, dokumen.mhs_nrp AS dokumen_mhs_nrp, dokumen.dokumen_tipe AS dokumen_dokumen_tipe, dokumen.dokumen_filename AS dokumen_dokumen_filename, dokumen.dokumen_filesize_bytes AS dokumen_dokumen_filesize_bytes, dokumen.dokumen_status AS dokumen_dokumen_status, dokumen.dokumen_skor AS dokumen_dokumen_skor, dokumen.dokumen_jumlah_kesalahan AS dokumen_dokumen_jumlah_kesalahan, dokumen.dokumen_docx_path AS dokumen_dokumen_docx_path, dokumen.dokumen_pdf_path AS dokumen_dokumen_pdf_path, dokumen.dokumen_images_path AS dokumen_dokumen_images_path, dokumen.dokumen_created_at AS dokumen_dokumen_created_at, dokumen.dokumen_updated_at AS dokumen_dokumen_updated_at 
FROM dokumen 
WHERE dokumen.dokumen_id = %(dokumen_id_1)s 
 LIMIT %(param_1)s]
[parameters: {'dokumen_id_1': 839, 'param_1': 1}]
(Background on this error at: https://sqlalche.me/e/20/e3q8)
Traceback (most recent call last):
  File "/usr/local/lib/python3.11/site-packages/sqlalchemy/engine/base.py", line 1967, in _exec_single_context
    self.dialect.do_execute(
  File "/usr/local/lib/python3.11/site-packages/sqlalchemy/engine/default.py", line 951, in do_execute
    cursor.execute(statement, parameters)
  File "/usr/local/lib/python3.11/site-packages/pymysql/cursors.py", line 153, in execute
    result = self._query(query)
             ^^^^^^^^^^^^^^^^^^
  File "/usr/local/lib/python3.11/site-packages/pymysql/cursors.py", line 322, in _query
    conn.query(q)
  File "/usr/local/lib/python3.11/site-packages/pymysql/connections.py", line 575, in query
    self._affected_rows = self._read_query_result(unbuffered=unbuffered)
                          ^^^^^^^^^^^^^^^^^^^^^^^^^^^^^^^^^^^^^^^^^^^^^^
  File "/usr/local/lib/python3.11/site-packages/pymysql/connections.py", line 826, in _read_query_result
    result.read()
  File "/usr/local/lib/python3.11/site-packages/pymysql/connections.py", line 1203, in read
    first_packet = self.connection._read_packet()
                   ^^^^^^^^^^^^^^^^^^^^^^^^^^^^^^
  File "/usr/local/lib/python3.11/site-packages/pymysql/connections.py", line 782, in _read_packet
    packet.raise_for_error()
  File "/usr/local/lib/python3.11/site-packages/pymysql/protocol.py", line 219, in raise_for_error
    err.raise_mysql_exception(self._data)
  File "/usr/local/lib/python3.11/site-packages/pymysql/err.py", line 150, in raise_mysql_exception
    raise errorclass(errno, errval)
pymysql.err.OperationalError: (1054, "Unknown column 'dokumen.dokumen_tipe' in 'SELECT'")

The above exception was the direct cause of the following exception:

Traceback (most recent call last):
  File "/app/src/workers/visual_worker.py", line 100, in process_visual_task
  File "/app/src/services/antrian_service.py", line 160, in get_full_pdf_path
  File "/app/src/services/antrian_service.py", line 134, in get_pdf_path
    def get_output_directory(self, task: Antrian) -> str:
              ^^^^^^^
  File "/usr/local/lib/python3.11/site-packages/sqlalchemy/orm/query.py", line 2759, in first
    return self.limit(1)._iter().first()  # type: ignore
           ^^^^^^^^^^^^^^^^^^^^^
  File "/usr/local/lib/python3.11/site-packages/sqlalchemy/orm/query.py", line 2857, in _iter
    result: Union[ScalarResult[_T], Result[_T]] = self.session.execute(
                                                  ^^^^^^^^^^^^^^^^^^^^^
  File "/usr/local/lib/python3.11/site-packages/sqlalchemy/orm/session.py", line 2351, in execute
    return self._execute_internal(
           ^^^^^^^^^^^^^^^^^^^^^^^
  File "/usr/local/lib/python3.11/site-packages/sqlalchemy/orm/session.py", line 2249, in _execute_internal
    result: Result[Any] = compile_state_cls.orm_execute_statement(
                          ^^^^^^^^^^^^^^^^^^^^^^^^^^^^^^^^^^^^^^^^
  File "/usr/local/lib/python3.11/site-packages/sqlalchemy/orm/context.py", line 306, in orm_execute_statement
    result = conn.execute(
             ^^^^^^^^^^^^^
  File "/usr/local/lib/python3.11/site-packages/sqlalchemy/engine/base.py", line 1419, in execute
    return meth(
           ^^^^^
  File "/usr/local/lib/python3.11/site-packages/sqlalchemy/sql/elements.py", line 526, in _execute_on_connection
    return connection._execute_clauseelement(
           ^^^^^^^^^^^^^^^^^^^^^^^^^^^^^^^^^^
  File "/usr/local/lib/python3.11/site-packages/sqlalchemy/engine/base.py", line 1641, in _execute_clauseelement
    ret = self._execute_context(
          ^^^^^^^^^^^^^^^^^^^^^^
  File "/usr/local/lib/python3.11/site-packages/sqlalchemy/engine/base.py", line 1846, in _execute_context
    return self._exec_single_context(
           ^^^^^^^^^^^^^^^^^^^^^^^^^^
  File "/usr/local/lib/python3.11/site-packages/sqlalchemy/engine/base.py", line 1986, in _exec_single_context
    self._handle_dbapi_exception(
  File "/usr/local/lib/python3.11/site-packages/sqlalchemy/engine/base.py", line 2355, in _handle_dbapi_exception
    raise sqlalchemy_exception.with_traceback(exc_info[2]) from e
  File "/usr/local/lib/python3.11/site-packages/sqlalchemy/engine/base.py", line 1967, in _exec_single_context
    self.dialect.do_execute(
  File "/usr/local/lib/python3.11/site-packages/sqlalchemy/engine/default.py", line 951, in do_execute
    cursor.execute(statement, parameters)
  File "/usr/local/lib/python3.11/site-packages/pymysql/cursors.py", line 153, in execute
    result = self._query(query)
             ^^^^^^^^^^^^^^^^^^
  File "/usr/local/lib/python3.11/site-packages/pymysql/cursors.py", line 322, in _query
    conn.query(q)
  File "/usr/local/lib/python3.11/site-packages/pymysql/connections.py", line 575, in query
    self._affected_rows = self._read_query_result(unbuffered=unbuffered)
                          ^^^^^^^^^^^^^^^^^^^^^^^^^^^^^^^^^^^^^^^^^^^^^^
  File "/usr/local/lib/python3.11/site-packages/pymysql/connections.py", line 826, in _read_query_result
    result.read()
  File "/usr/local/lib/python3.11/site-packages/pymysql/connections.py", line 1203, in read
    first_packet = self.connection._read_packet()
                   ^^^^^^^^^^^^^^^^^^^^^^^^^^^^^^
  File "/usr/local/lib/python3.11/site-packages/pymysql/connections.py", line 782, in _read_packet
    packet.raise_for_error()
  File "/usr/local/lib/python3.11/site-packages/pymysql/protocol.py", line 219, in raise_for_error
    err.raise_mysql_exception(self._data)
  File "/usr/local/lib/python3.11/site-packages/pymysql/err.py", line 150, in raise_mysql_exception
    raise errorclass(errno, errval)
sqlalchemy.exc.OperationalError: (pymysql.err.OperationalError) (1054, "Unknown column 'dokumen.dokumen_tipe' in 'SELECT'")
[SQL: SELECT dokumen.dokumen_id AS dokumen_dokumen_id, dokumen.mhs_nrp AS dokumen_mhs_nrp, dokumen.dokumen_tipe AS dokumen_dokumen_tipe, dokumen.dokumen_filename AS dokumen_dokumen_filename, dokumen.dokumen_filesize_bytes AS dokumen_dokumen_filesize_bytes, dokumen.dokumen_status AS dokumen_dokumen_status, dokumen.dokumen_skor AS dokumen_dokumen_skor, dokumen.dokumen_jumlah_kesalahan AS dokumen_dokumen_jumlah_kesalahan, dokumen.dokumen_docx_path AS dokumen_dokumen_docx_path, dokumen.dokumen_pdf_path AS dokumen_dokumen_pdf_path, dokumen.dokumen_images_path AS dokumen_dokumen_images_path, dokumen.dokumen_created_at AS dokumen_dokumen_created_at, dokumen.dokumen_updated_at AS dokumen_dokumen_updated_at 
FROM dokumen 
WHERE dokumen.dokumen_id = %(dokumen_id_1)s 
 LIMIT %(param_1)s]
[parameters: {'dokumen_id_1': 839, 'param_1': 1}]
(Background on this error at: https://sqlalche.me/e/20/e3q8)
2026-03-18 17:01:21,598 - INFO - Task 1093 labeling status updated to: failed
2026-03-18 17:01:46,625 - INFO - Found labeling task in queue: ID 1094
2026-03-18 17:01:46,639 - INFO - Task 1094 labeling status updated to: processing
2026-03-18 17:01:46,640 - INFO - Processing labeling task ID: 1094, Type: dokumen
2026-03-18 17:01:46,640 - INFO - Reference target: dokumen:840
2026-03-18 17:01:46,642 - ERROR - Visual task 1094 failed: (pymysql.err.OperationalError) (1054, "Unknown column 'dokumen.dokumen_tipe' in 'SELECT'")
[SQL: SELECT dokumen.dokumen_id AS dokumen_dokumen_id, dokumen.mhs_nrp AS dokumen_mhs_nrp, dokumen.dokumen_tipe AS dokumen_dokumen_tipe, dokumen.dokumen_filename AS dokumen_dokumen_filename, dokumen.dokumen_filesize_bytes AS dokumen_dokumen_filesize_bytes, dokumen.dokumen_status AS dokumen_dokumen_status, dokumen.dokumen_skor AS dokumen_dokumen_skor, dokumen.dokumen_jumlah_kesalahan AS dokumen_dokumen_jumlah_kesalahan, dokumen.dokumen_docx_path AS dokumen_dokumen_docx_path, dokumen.dokumen_pdf_path AS dokumen_dokumen_pdf_path, dokumen.dokumen_images_path AS dokumen_dokumen_images_path, dokumen.dokumen_created_at AS dokumen_dokumen_created_at, dokumen.dokumen_updated_at AS dokumen_dokumen_updated_at 
FROM dokumen 
WHERE dokumen.dokumen_id = %(dokumen_id_1)s 
 LIMIT %(param_1)s]
[parameters: {'dokumen_id_1': 840, 'param_1': 1}]
(Background on this error at: https://sqlalche.me/e/20/e3q8)
Traceback (most recent call last):
  File "/usr/local/lib/python3.11/site-packages/sqlalchemy/engine/base.py", line 1967, in _exec_single_context
    self.dialect.do_execute(
  File "/usr/local/lib/python3.11/site-packages/sqlalchemy/engine/default.py", line 951, in do_execute
    cursor.execute(statement, parameters)
  File "/usr/local/lib/python3.11/site-packages/pymysql/cursors.py", line 153, in execute
    result = self._query(query)
             ^^^^^^^^^^^^^^^^^^
  File "/usr/local/lib/python3.11/site-packages/pymysql/cursors.py", line 322, in _query
    conn.query(q)
  File "/usr/local/lib/python3.11/site-packages/pymysql/connections.py", line 575, in query
    self._affected_rows = self._read_query_result(unbuffered=unbuffered)
                          ^^^^^^^^^^^^^^^^^^^^^^^^^^^^^^^^^^^^^^^^^^^^^^
  File "/usr/local/lib/python3.11/site-packages/pymysql/connections.py", line 826, in _read_query_result
    result.read()
  File "/usr/local/lib/python3.11/site-packages/pymysql/connections.py", line 1203, in read
    first_packet = self.connection._read_packet()
                   ^^^^^^^^^^^^^^^^^^^^^^^^^^^^^^
  File "/usr/local/lib/python3.11/site-packages/pymysql/connections.py", line 782, in _read_packet
    packet.raise_for_error()
  File "/usr/local/lib/python3.11/site-packages/pymysql/protocol.py", line 219, in raise_for_error
    err.raise_mysql_exception(self._data)
  File "/usr/local/lib/python3.11/site-packages/pymysql/err.py", line 150, in raise_mysql_exception
    raise errorclass(errno, errval)
pymysql.err.OperationalError: (1054, "Unknown column 'dokumen.dokumen_tipe' in 'SELECT'")

The above exception was the direct cause of the following exception:

Traceback (most recent call last):
  File "/app/src/workers/visual_worker.py", line 100, in process_visual_task
  File "/app/src/services/antrian_service.py", line 160, in get_full_pdf_path
  File "/app/src/services/antrian_service.py", line 134, in get_pdf_path
    def get_output_directory(self, task: Antrian) -> str:
              ^^^^^^^
  File "/usr/local/lib/python3.11/site-packages/sqlalchemy/orm/query.py", line 2759, in first
    return self.limit(1)._iter().first()  # type: ignore
           ^^^^^^^^^^^^^^^^^^^^^
  File "/usr/local/lib/python3.11/site-packages/sqlalchemy/orm/query.py", line 2857, in _iter
    result: Union[ScalarResult[_T], Result[_T]] = self.session.execute(
                                                  ^^^^^^^^^^^^^^^^^^^^^
  File "/usr/local/lib/python3.11/site-packages/sqlalchemy/orm/session.py", line 2351, in execute
    return self._execute_internal(
           ^^^^^^^^^^^^^^^^^^^^^^^
  File "/usr/local/lib/python3.11/site-packages/sqlalchemy/orm/session.py", line 2249, in _execute_internal
    result: Result[Any] = compile_state_cls.orm_execute_statement(
                          ^^^^^^^^^^^^^^^^^^^^^^^^^^^^^^^^^^^^^^^^
  File "/usr/local/lib/python3.11/site-packages/sqlalchemy/orm/context.py", line 306, in orm_execute_statement
    result = conn.execute(
             ^^^^^^^^^^^^^
  File "/usr/local/lib/python3.11/site-packages/sqlalchemy/engine/base.py", line 1419, in execute
    return meth(
           ^^^^^
  File "/usr/local/lib/python3.11/site-packages/sqlalchemy/sql/elements.py", line 526, in _execute_on_connection
    return connection._execute_clauseelement(
           ^^^^^^^^^^^^^^^^^^^^^^^^^^^^^^^^^^
  File "/usr/local/lib/python3.11/site-packages/sqlalchemy/engine/base.py", line 1641, in _execute_clauseelement
    ret = self._execute_context(
          ^^^^^^^^^^^^^^^^^^^^^^
  File "/usr/local/lib/python3.11/site-packages/sqlalchemy/engine/base.py", line 1846, in _execute_context
    return self._exec_single_context(
           ^^^^^^^^^^^^^^^^^^^^^^^^^^
  File "/usr/local/lib/python3.11/site-packages/sqlalchemy/engine/base.py", line 1986, in _exec_single_context
    self._handle_dbapi_exception(
  File "/usr/local/lib/python3.11/site-packages/sqlalchemy/engine/base.py", line 2355, in _handle_dbapi_exception
    raise sqlalchemy_exception.with_traceback(exc_info[2]) from e
  File "/usr/local/lib/python3.11/site-packages/sqlalchemy/engine/base.py", line 1967, in _exec_single_context
    self.dialect.do_execute(
  File "/usr/local/lib/python3.11/site-packages/sqlalchemy/engine/default.py", line 951, in do_execute
    cursor.execute(statement, parameters)
  File "/usr/local/lib/python3.11/site-packages/pymysql/cursors.py", line 153, in execute
    result = self._query(query)
             ^^^^^^^^^^^^^^^^^^
  File "/usr/local/lib/python3.11/site-packages/pymysql/cursors.py", line 322, in _query
    conn.query(q)
  File "/usr/local/lib/python3.11/site-packages/pymysql/connections.py", line 575, in query
    self._affected_rows = self._read_query_result(unbuffered=unbuffered)
                          ^^^^^^^^^^^^^^^^^^^^^^^^^^^^^^^^^^^^^^^^^^^^^^
  File "/usr/local/lib/python3.11/site-packages/pymysql/connections.py", line 826, in _read_query_result
    result.read()
  File "/usr/local/lib/python3.11/site-packages/pymysql/connections.py", line 1203, in read
    first_packet = self.connection._read_packet()
                   ^^^^^^^^^^^^^^^^^^^^^^^^^^^^^^
  File "/usr/local/lib/python3.11/site-packages/pymysql/connections.py", line 782, in _read_packet
    packet.raise_for_error()
  File "/usr/local/lib/python3.11/site-packages/pymysql/protocol.py", line 219, in raise_for_error
    err.raise_mysql_exception(self._data)
  File "/usr/local/lib/python3.11/site-packages/pymysql/err.py", line 150, in raise_mysql_exception
    raise errorclass(errno, errval)
sqlalchemy.exc.OperationalError: (pymysql.err.OperationalError) (1054, "Unknown column 'dokumen.dokumen_tipe' in 'SELECT'")
[SQL: SELECT dokumen.dokumen_id AS dokumen_dokumen_id, dokumen.mhs_nrp AS dokumen_mhs_nrp, dokumen.dokumen_tipe AS dokumen_dokumen_tipe, dokumen.dokumen_filename AS dokumen_dokumen_filename, dokumen.dokumen_filesize_bytes AS dokumen_dokumen_filesize_bytes, dokumen.dokumen_status AS dokumen_dokumen_status, dokumen.dokumen_skor AS dokumen_dokumen_skor, dokumen.dokumen_jumlah_kesalahan AS dokumen_dokumen_jumlah_kesalahan, dokumen.dokumen_docx_path AS dokumen_dokumen_docx_path, dokumen.dokumen_pdf_path AS dokumen_dokumen_pdf_path, dokumen.dokumen_images_path AS dokumen_dokumen_images_path, dokumen.dokumen_created_at AS dokumen_dokumen_created_at, dokumen.dokumen_updated_at AS dokumen_dokumen_updated_at 
FROM dokumen 
WHERE dokumen.dokumen_id = %(dokumen_id_1)s 
 LIMIT %(param_1)s]
[parameters: {'dokumen_id_1': 840, 'param_1': 1}]
(Background on this error at: https://sqlalche.me/e/20/e3q8)
2026-03-18 17:01:46,658 - INFO - Task 1094 labeling status updated to: failed
2026-03-18 17:02:01,675 - INFO - Found labeling task in queue: ID 1095
2026-03-18 17:02:01,690 - INFO - Task 1095 labeling status updated to: processing
2026-03-18 17:02:01,691 - INFO - Processing labeling task ID: 1095, Type: dokumen
2026-03-18 17:02:01,691 - INFO - Reference target: dokumen:841
2026-03-18 17:02:01,694 - ERROR - Visual task 1095 failed: (pymysql.err.OperationalError) (1054, "Unknown column 'dokumen.dokumen_tipe' in 'SELECT'")
[SQL: SELECT dokumen.dokumen_id AS dokumen_dokumen_id, dokumen.mhs_nrp AS dokumen_mhs_nrp, dokumen.dokumen_tipe AS dokumen_dokumen_tipe, dokumen.dokumen_filename AS dokumen_dokumen_filename, dokumen.dokumen_filesize_bytes AS dokumen_dokumen_filesize_bytes, dokumen.dokumen_status AS dokumen_dokumen_status, dokumen.dokumen_skor AS dokumen_dokumen_skor, dokumen.dokumen_jumlah_kesalahan AS dokumen_dokumen_jumlah_kesalahan, dokumen.dokumen_docx_path AS dokumen_dokumen_docx_path, dokumen.dokumen_pdf_path AS dokumen_dokumen_pdf_path, dokumen.dokumen_images_path AS dokumen_dokumen_images_path, dokumen.dokumen_created_at AS dokumen_dokumen_created_at, dokumen.dokumen_updated_at AS dokumen_dokumen_updated_at 
FROM dokumen 
WHERE dokumen.dokumen_id = %(dokumen_id_1)s 
 LIMIT %(param_1)s]
[parameters: {'dokumen_id_1': 841, 'param_1': 1}]
(Background on this error at: https://sqlalche.me/e/20/e3q8)
Traceback (most recent call last):
  File "/usr/local/lib/python3.11/site-packages/sqlalchemy/engine/base.py", line 1967, in _exec_single_context
    self.dialect.do_execute(
  File "/usr/local/lib/python3.11/site-packages/sqlalchemy/engine/default.py", line 951, in do_execute
    cursor.execute(statement, parameters)
  File "/usr/local/lib/python3.11/site-packages/pymysql/cursors.py", line 153, in execute
    result = self._query(query)
             ^^^^^^^^^^^^^^^^^^
  File "/usr/local/lib/python3.11/site-packages/pymysql/cursors.py", line 322, in _query
    conn.query(q)
  File "/usr/local/lib/python3.11/site-packages/pymysql/connections.py", line 575, in query
    self._affected_rows = self._read_query_result(unbuffered=unbuffered)
                          ^^^^^^^^^^^^^^^^^^^^^^^^^^^^^^^^^^^^^^^^^^^^^^
  File "/usr/local/lib/python3.11/site-packages/pymysql/connections.py", line 826, in _read_query_result
    result.read()
  File "/usr/local/lib/python3.11/site-packages/pymysql/connections.py", line 1203, in read
    first_packet = self.connection._read_packet()
                   ^^^^^^^^^^^^^^^^^^^^^^^^^^^^^^
  File "/usr/local/lib/python3.11/site-packages/pymysql/connections.py", line 782, in _read_packet
    packet.raise_for_error()
  File "/usr/local/lib/python3.11/site-packages/pymysql/protocol.py", line 219, in raise_for_error
    err.raise_mysql_exception(self._data)
  File "/usr/local/lib/python3.11/site-packages/pymysql/err.py", line 150, in raise_mysql_exception
    raise errorclass(errno, errval)
pymysql.err.OperationalError: (1054, "Unknown column 'dokumen.dokumen_tipe' in 'SELECT'")

The above exception was the direct cause of the following exception:

Traceback (most recent call last):
  File "/app/src/workers/visual_worker.py", line 100, in process_visual_task
  File "/app/src/services/antrian_service.py", line 160, in get_full_pdf_path
  File "/app/src/services/antrian_service.py", line 134, in get_pdf_path
    def get_output_directory(self, task: Antrian) -> str:
              ^^^^^^^
  File "/usr/local/lib/python3.11/site-packages/sqlalchemy/orm/query.py", line 2759, in first
    return self.limit(1)._iter().first()  # type: ignore
           ^^^^^^^^^^^^^^^^^^^^^
  File "/usr/local/lib/python3.11/site-packages/sqlalchemy/orm/query.py", line 2857, in _iter
    result: Union[ScalarResult[_T], Result[_T]] = self.session.execute(
                                                  ^^^^^^^^^^^^^^^^^^^^^
  File "/usr/local/lib/python3.11/site-packages/sqlalchemy/orm/session.py", line 2351, in execute
    return self._execute_internal(
           ^^^^^^^^^^^^^^^^^^^^^^^
  File "/usr/local/lib/python3.11/site-packages/sqlalchemy/orm/session.py", line 2249, in _execute_internal
    result: Result[Any] = compile_state_cls.orm_execute_statement(
                          ^^^^^^^^^^^^^^^^^^^^^^^^^^^^^^^^^^^^^^^^
  File "/usr/local/lib/python3.11/site-packages/sqlalchemy/orm/context.py", line 306, in orm_execute_statement
    result = conn.execute(
             ^^^^^^^^^^^^^
  File "/usr/local/lib/python3.11/site-packages/sqlalchemy/engine/base.py", line 1419, in execute
    return meth(
           ^^^^^
  File "/usr/local/lib/python3.11/site-packages/sqlalchemy/sql/elements.py", line 526, in _execute_on_connection
    return connection._execute_clauseelement(
           ^^^^^^^^^^^^^^^^^^^^^^^^^^^^^^^^^^
  File "/usr/local/lib/python3.11/site-packages/sqlalchemy/engine/base.py", line 1641, in _execute_clauseelement
    ret = self._execute_context(
          ^^^^^^^^^^^^^^^^^^^^^^
  File "/usr/local/lib/python3.11/site-packages/sqlalchemy/engine/base.py", line 1846, in _execute_context
    return self._exec_single_context(
           ^^^^^^^^^^^^^^^^^^^^^^^^^^
  File "/usr/local/lib/python3.11/site-packages/sqlalchemy/engine/base.py", line 1986, in _exec_single_context
    self._handle_dbapi_exception(
  File "/usr/local/lib/python3.11/site-packages/sqlalchemy/engine/base.py", line 2355, in _handle_dbapi_exception
    raise sqlalchemy_exception.with_traceback(exc_info[2]) from e
  File "/usr/local/lib/python3.11/site-packages/sqlalchemy/engine/base.py", line 1967, in _exec_single_context
    self.dialect.do_execute(
  File "/usr/local/lib/python3.11/site-packages/sqlalchemy/engine/default.py", line 951, in do_execute
    cursor.execute(statement, parameters)
  File "/usr/local/lib/python3.11/site-packages/pymysql/cursors.py", line 153, in execute
    result = self._query(query)
             ^^^^^^^^^^^^^^^^^^
  File "/usr/local/lib/python3.11/site-packages/pymysql/cursors.py", line 322, in _query
    conn.query(q)
  File "/usr/local/lib/python3.11/site-packages/pymysql/connections.py", line 575, in query
    self._affected_rows = self._read_query_result(unbuffered=unbuffered)
                          ^^^^^^^^^^^^^^^^^^^^^^^^^^^^^^^^^^^^^^^^^^^^^^
  File "/usr/local/lib/python3.11/site-packages/pymysql/connections.py", line 826, in _read_query_result
    result.read()
  File "/usr/local/lib/python3.11/site-packages/pymysql/connections.py", line 1203, in read
    first_packet = self.connection._read_packet()
                   ^^^^^^^^^^^^^^^^^^^^^^^^^^^^^^
  File "/usr/local/lib/python3.11/site-packages/pymysql/connections.py", line 782, in _read_packet
    packet.raise_for_error()
  File "/usr/local/lib/python3.11/site-packages/pymysql/protocol.py", line 219, in raise_for_error
    err.raise_mysql_exception(self._data)
  File "/usr/local/lib/python3.11/site-packages/pymysql/err.py", line 150, in raise_mysql_exception
    raise errorclass(errno, errval)
sqlalchemy.exc.OperationalError: (pymysql.err.OperationalError) (1054, "Unknown column 'dokumen.dokumen_tipe' in 'SELECT'")
[SQL: SELECT dokumen.dokumen_id AS dokumen_dokumen_id, dokumen.mhs_nrp AS dokumen_mhs_nrp, dokumen.dokumen_tipe AS dokumen_dokumen_tipe, dokumen.dokumen_filename AS dokumen_dokumen_filename, dokumen.dokumen_filesize_bytes AS dokumen_dokumen_filesize_bytes, dokumen.dokumen_status AS dokumen_dokumen_status, dokumen.dokumen_skor AS dokumen_dokumen_skor, dokumen.dokumen_jumlah_kesalahan AS dokumen_dokumen_jumlah_kesalahan, dokumen.dokumen_docx_path AS dokumen_dokumen_docx_path, dokumen.dokumen_pdf_path AS dokumen_dokumen_pdf_path, dokumen.dokumen_images_path AS dokumen_dokumen_images_path, dokumen.dokumen_created_at AS dokumen_dokumen_created_at, dokumen.dokumen_updated_at AS dokumen_dokumen_updated_at 
FROM dokumen 
WHERE dokumen.dokumen_id = %(dokumen_id_1)s 
 LIMIT %(param_1)s]
[parameters: {'dokumen_id_1': 841, 'param_1': 1}]
(Background on this error at: https://sqlalche.me/e/20/e3q8)
2026-03-18 17:02:01,709 - INFO - Task 1095 labeling status updated to: failed
2026-03-18 17:02:16,742 - INFO - Found labeling task in queue: ID 1096
2026-03-18 17:02:16,758 - INFO - Task 1096 labeling status updated to: processing
2026-03-18 17:02:16,758 - INFO - Processing labeling task ID: 1096, Type: dokumen
2026-03-18 17:02:16,759 - INFO - Reference target: dokumen:842
2026-03-18 17:02:16,761 - ERROR - Visual task 1096 failed: (pymysql.err.OperationalError) (1054, "Unknown column 'dokumen.dokumen_tipe' in 'SELECT'")
[SQL: SELECT dokumen.dokumen_id AS dokumen_dokumen_id, dokumen.mhs_nrp AS dokumen_mhs_nrp, dokumen.dokumen_tipe AS dokumen_dokumen_tipe, dokumen.dokumen_filename AS dokumen_dokumen_filename, dokumen.dokumen_filesize_bytes AS dokumen_dokumen_filesize_bytes, dokumen.dokumen_status AS dokumen_dokumen_status, dokumen.dokumen_skor AS dokumen_dokumen_skor, dokumen.dokumen_jumlah_kesalahan AS dokumen_dokumen_jumlah_kesalahan, dokumen.dokumen_docx_path AS dokumen_dokumen_docx_path, dokumen.dokumen_pdf_path AS dokumen_dokumen_pdf_path, dokumen.dokumen_images_path AS dokumen_dokumen_images_path, dokumen.dokumen_created_at AS dokumen_dokumen_created_at, dokumen.dokumen_updated_at AS dokumen_dokumen_updated_at 
FROM dokumen 
WHERE dokumen.dokumen_id = %(dokumen_id_1)s 
 LIMIT %(param_1)s]
[parameters: {'dokumen_id_1': 842, 'param_1': 1}]
(Background on this error at: https://sqlalche.me/e/20/e3q8)
Traceback (most recent call last):
  File "/usr/local/lib/python3.11/site-packages/sqlalchemy/engine/base.py", line 1967, in _exec_single_context
    self.dialect.do_execute(
  File "/usr/local/lib/python3.11/site-packages/sqlalchemy/engine/default.py", line 951, in do_execute
    cursor.execute(statement, parameters)
  File "/usr/local/lib/python3.11/site-packages/pymysql/cursors.py", line 153, in execute
    result = self._query(query)
             ^^^^^^^^^^^^^^^^^^
  File "/usr/local/lib/python3.11/site-packages/pymysql/cursors.py", line 322, in _query
    conn.query(q)
  File "/usr/local/lib/python3.11/site-packages/pymysql/connections.py", line 575, in query
    self._affected_rows = self._read_query_result(unbuffered=unbuffered)
                          ^^^^^^^^^^^^^^^^^^^^^^^^^^^^^^^^^^^^^^^^^^^^^^
  File "/usr/local/lib/python3.11/site-packages/pymysql/connections.py", line 826, in _read_query_result
    result.read()
  File "/usr/local/lib/python3.11/site-packages/pymysql/connections.py", line 1203, in read
    first_packet = self.connection._read_packet()
                   ^^^^^^^^^^^^^^^^^^^^^^^^^^^^^^
  File "/usr/local/lib/python3.11/site-packages/pymysql/connections.py", line 782, in _read_packet
    packet.raise_for_error()
  File "/usr/local/lib/python3.11/site-packages/pymysql/protocol.py", line 219, in raise_for_error
    err.raise_mysql_exception(self._data)
  File "/usr/local/lib/python3.11/site-packages/pymysql/err.py", line 150, in raise_mysql_exception
    raise errorclass(errno, errval)
pymysql.err.OperationalError: (1054, "Unknown column 'dokumen.dokumen_tipe' in 'SELECT'")

The above exception was the direct cause of the following exception:

Traceback (most recent call last):
  File "/app/src/workers/visual_worker.py", line 100, in process_visual_task
  File "/app/src/services/antrian_service.py", line 160, in get_full_pdf_path
  File "/app/src/services/antrian_service.py", line 134, in get_pdf_path
    def get_output_directory(self, task: Antrian) -> str:
              ^^^^^^^
  File "/usr/local/lib/python3.11/site-packages/sqlalchemy/orm/query.py", line 2759, in first
    return self.limit(1)._iter().first()  # type: ignore
           ^^^^^^^^^^^^^^^^^^^^^
  File "/usr/local/lib/python3.11/site-packages/sqlalchemy/orm/query.py", line 2857, in _iter
    result: Union[ScalarResult[_T], Result[_T]] = self.session.execute(
                                                  ^^^^^^^^^^^^^^^^^^^^^
  File "/usr/local/lib/python3.11/site-packages/sqlalchemy/orm/session.py", line 2351, in execute
    return self._execute_internal(
           ^^^^^^^^^^^^^^^^^^^^^^^
  File "/usr/local/lib/python3.11/site-packages/sqlalchemy/orm/session.py", line 2249, in _execute_internal
    result: Result[Any] = compile_state_cls.orm_execute_statement(
                          ^^^^^^^^^^^^^^^^^^^^^^^^^^^^^^^^^^^^^^^^
  File "/usr/local/lib/python3.11/site-packages/sqlalchemy/orm/context.py", line 306, in orm_execute_statement
    result = conn.execute(
             ^^^^^^^^^^^^^
  File "/usr/local/lib/python3.11/site-packages/sqlalchemy/engine/base.py", line 1419, in execute
    return meth(
           ^^^^^
  File "/usr/local/lib/python3.11/site-packages/sqlalchemy/sql/elements.py", line 526, in _execute_on_connection
    return connection._execute_clauseelement(
           ^^^^^^^^^^^^^^^^^^^^^^^^^^^^^^^^^^
  File "/usr/local/lib/python3.11/site-packages/sqlalchemy/engine/base.py", line 1641, in _execute_clauseelement
    ret = self._execute_context(
          ^^^^^^^^^^^^^^^^^^^^^^
  File "/usr/local/lib/python3.11/site-packages/sqlalchemy/engine/base.py", line 1846, in _execute_context
    return self._exec_single_context(
           ^^^^^^^^^^^^^^^^^^^^^^^^^^
  File "/usr/local/lib/python3.11/site-packages/sqlalchemy/engine/base.py", line 1986, in _exec_single_context
    self._handle_dbapi_exception(
  File "/usr/local/lib/python3.11/site-packages/sqlalchemy/engine/base.py", line 2355, in _handle_dbapi_exception
    raise sqlalchemy_exception.with_traceback(exc_info[2]) from e
  File "/usr/local/lib/python3.11/site-packages/sqlalchemy/engine/base.py", line 1967, in _exec_single_context
    self.dialect.do_execute(
  File "/usr/local/lib/python3.11/site-packages/sqlalchemy/engine/default.py", line 951, in do_execute
    cursor.execute(statement, parameters)
  File "/usr/local/lib/python3.11/site-packages/pymysql/cursors.py", line 153, in execute
    result = self._query(query)
             ^^^^^^^^^^^^^^^^^^
  File "/usr/local/lib/python3.11/site-packages/pymysql/cursors.py", line 322, in _query
    conn.query(q)
  File "/usr/local/lib/python3.11/site-packages/pymysql/connections.py", line 575, in query
    self._affected_rows = self._read_query_result(unbuffered=unbuffered)
                          ^^^^^^^^^^^^^^^^^^^^^^^^^^^^^^^^^^^^^^^^^^^^^^
  File "/usr/local/lib/python3.11/site-packages/pymysql/connections.py", line 826, in _read_query_result
    result.read()
  File "/usr/local/lib/python3.11/site-packages/pymysql/connections.py", line 1203, in read
    first_packet = self.connection._read_packet()
                   ^^^^^^^^^^^^^^^^^^^^^^^^^^^^^^
  File "/usr/local/lib/python3.11/site-packages/pymysql/connections.py", line 782, in _read_packet
    packet.raise_for_error()
  File "/usr/local/lib/python3.11/site-packages/pymysql/protocol.py", line 219, in raise_for_error
    err.raise_mysql_exception(self._data)
  File "/usr/local/lib/python3.11/site-packages/pymysql/err.py", line 150, in raise_mysql_exception
    raise errorclass(errno, errval)
sqlalchemy.exc.OperationalError: (pymysql.err.OperationalError) (1054, "Unknown column 'dokumen.dokumen_tipe' in 'SELECT'")
[SQL: SELECT dokumen.dokumen_id AS dokumen_dokumen_id, dokumen.mhs_nrp AS dokumen_mhs_nrp, dokumen.dokumen_tipe AS dokumen_dokumen_tipe, dokumen.dokumen_filename AS dokumen_dokumen_filename, dokumen.dokumen_filesize_bytes AS dokumen_dokumen_filesize_bytes, dokumen.dokumen_status AS dokumen_dokumen_status, dokumen.dokumen_skor AS dokumen_dokumen_skor, dokumen.dokumen_jumlah_kesalahan AS dokumen_dokumen_jumlah_kesalahan, dokumen.dokumen_docx_path AS dokumen_dokumen_docx_path, dokumen.dokumen_pdf_path AS dokumen_dokumen_pdf_path, dokumen.dokumen_images_path AS dokumen_dokumen_images_path, dokumen.dokumen_created_at AS dokumen_dokumen_created_at, dokumen.dokumen_updated_at AS dokumen_dokumen_updated_at 
FROM dokumen 
WHERE dokumen.dokumen_id = %(dokumen_id_1)s 
 LIMIT %(param_1)s]
[parameters: {'dokumen_id_1': 842, 'param_1': 1}]
(Background on this error at: https://sqlalche.me/e/20/e3q8)
2026-03-18 17:02:16,779 - INFO - Task 1096 labeling status updated to: failed
2026-03-18 17:03:01,828 - INFO - Found labeling task in queue: ID 1097
2026-03-18 17:03:01,840 - INFO - Task 1097 labeling status updated to: processing
2026-03-18 17:03:01,840 - INFO - Processing labeling task ID: 1097, Type: dokumen
2026-03-18 17:03:01,841 - INFO - Reference target: dokumen:843
2026-03-18 17:03:01,844 - ERROR - Visual task 1097 failed: (pymysql.err.OperationalError) (1054, "Unknown column 'dokumen.dokumen_tipe' in 'SELECT'")
[SQL: SELECT dokumen.dokumen_id AS dokumen_dokumen_id, dokumen.mhs_nrp AS dokumen_mhs_nrp, dokumen.dokumen_tipe AS dokumen_dokumen_tipe, dokumen.dokumen_filename AS dokumen_dokumen_filename, dokumen.dokumen_filesize_bytes AS dokumen_dokumen_filesize_bytes, dokumen.dokumen_status AS dokumen_dokumen_status, dokumen.dokumen_skor AS dokumen_dokumen_skor, dokumen.dokumen_jumlah_kesalahan AS dokumen_dokumen_jumlah_kesalahan, dokumen.dokumen_docx_path AS dokumen_dokumen_docx_path, dokumen.dokumen_pdf_path AS dokumen_dokumen_pdf_path, dokumen.dokumen_images_path AS dokumen_dokumen_images_path, dokumen.dokumen_created_at AS dokumen_dokumen_created_at, dokumen.dokumen_updated_at AS dokumen_dokumen_updated_at 
FROM dokumen 
WHERE dokumen.dokumen_id = %(dokumen_id_1)s 
 LIMIT %(param_1)s]
[parameters: {'dokumen_id_1': 843, 'param_1': 1}]
(Background on this error at: https://sqlalche.me/e/20/e3q8)
Traceback (most recent call last):
  File "/usr/local/lib/python3.11/site-packages/sqlalchemy/engine/base.py", line 1967, in _exec_single_context
    self.dialect.do_execute(
  File "/usr/local/lib/python3.11/site-packages/sqlalchemy/engine/default.py", line 951, in do_execute
    cursor.execute(statement, parameters)
  File "/usr/local/lib/python3.11/site-packages/pymysql/cursors.py", line 153, in execute
    result = self._query(query)
             ^^^^^^^^^^^^^^^^^^
  File "/usr/local/lib/python3.11/site-packages/pymysql/cursors.py", line 322, in _query
    conn.query(q)
  File "/usr/local/lib/python3.11/site-packages/pymysql/connections.py", line 575, in query
    self._affected_rows = self._read_query_result(unbuffered=unbuffered)
                          ^^^^^^^^^^^^^^^^^^^^^^^^^^^^^^^^^^^^^^^^^^^^^^
  File "/usr/local/lib/python3.11/site-packages/pymysql/connections.py", line 826, in _read_query_result
    result.read()
  File "/usr/local/lib/python3.11/site-packages/pymysql/connections.py", line 1203, in read
    first_packet = self.connection._read_packet()
                   ^^^^^^^^^^^^^^^^^^^^^^^^^^^^^^
  File "/usr/local/lib/python3.11/site-packages/pymysql/connections.py", line 782, in _read_packet
    packet.raise_for_error()
  File "/usr/local/lib/python3.11/site-packages/pymysql/protocol.py", line 219, in raise_for_error
    err.raise_mysql_exception(self._data)
  File "/usr/local/lib/python3.11/site-packages/pymysql/err.py", line 150, in raise_mysql_exception
    raise errorclass(errno, errval)
pymysql.err.OperationalError: (1054, "Unknown column 'dokumen.dokumen_tipe' in 'SELECT'")

The above exception was the direct cause of the following exception:

Traceback (most recent call last):
  File "/app/src/workers/visual_worker.py", line 100, in process_visual_task
  File "/app/src/services/antrian_service.py", line 160, in get_full_pdf_path
  File "/app/src/services/antrian_service.py", line 134, in get_pdf_path
    def get_output_directory(self, task: Antrian) -> str:
              ^^^^^^^
  File "/usr/local/lib/python3.11/site-packages/sqlalchemy/orm/query.py", line 2759, in first
    return self.limit(1)._iter().first()  # type: ignore
           ^^^^^^^^^^^^^^^^^^^^^
  File "/usr/local/lib/python3.11/site-packages/sqlalchemy/orm/query.py", line 2857, in _iter
    result: Union[ScalarResult[_T], Result[_T]] = self.session.execute(
                                                  ^^^^^^^^^^^^^^^^^^^^^
  File "/usr/local/lib/python3.11/site-packages/sqlalchemy/orm/session.py", line 2351, in execute
    return self._execute_internal(
           ^^^^^^^^^^^^^^^^^^^^^^^
  File "/usr/local/lib/python3.11/site-packages/sqlalchemy/orm/session.py", line 2249, in _execute_internal
    result: Result[Any] = compile_state_cls.orm_execute_statement(
                          ^^^^^^^^^^^^^^^^^^^^^^^^^^^^^^^^^^^^^^^^
  File "/usr/local/lib/python3.11/site-packages/sqlalchemy/orm/context.py", line 306, in orm_execute_statement
    result = conn.execute(
             ^^^^^^^^^^^^^
  File "/usr/local/lib/python3.11/site-packages/sqlalchemy/engine/base.py", line 1419, in execute
    return meth(
           ^^^^^
  File "/usr/local/lib/python3.11/site-packages/sqlalchemy/sql/elements.py", line 526, in _execute_on_connection
    return connection._execute_clauseelement(
           ^^^^^^^^^^^^^^^^^^^^^^^^^^^^^^^^^^
  File "/usr/local/lib/python3.11/site-packages/sqlalchemy/engine/base.py", line 1641, in _execute_clauseelement
    ret = self._execute_context(
          ^^^^^^^^^^^^^^^^^^^^^^
  File "/usr/local/lib/python3.11/site-packages/sqlalchemy/engine/base.py", line 1846, in _execute_context
    return self._exec_single_context(
           ^^^^^^^^^^^^^^^^^^^^^^^^^^
  File "/usr/local/lib/python3.11/site-packages/sqlalchemy/engine/base.py", line 1986, in _exec_single_context
    self._handle_dbapi_exception(
  File "/usr/local/lib/python3.11/site-packages/sqlalchemy/engine/base.py", line 2355, in _handle_dbapi_exception
    raise sqlalchemy_exception.with_traceback(exc_info[2]) from e
  File "/usr/local/lib/python3.11/site-packages/sqlalchemy/engine/base.py", line 1967, in _exec_single_context
    self.dialect.do_execute(
  File "/usr/local/lib/python3.11/site-packages/sqlalchemy/engine/default.py", line 951, in do_execute
    cursor.execute(statement, parameters)
  File "/usr/local/lib/python3.11/site-packages/pymysql/cursors.py", line 153, in execute
    result = self._query(query)
             ^^^^^^^^^^^^^^^^^^
  File "/usr/local/lib/python3.11/site-packages/pymysql/cursors.py", line 322, in _query
    conn.query(q)
  File "/usr/local/lib/python3.11/site-packages/pymysql/connections.py", line 575, in query
    self._affected_rows = self._read_query_result(unbuffered=unbuffered)
                          ^^^^^^^^^^^^^^^^^^^^^^^^^^^^^^^^^^^^^^^^^^^^^^
  File "/usr/local/lib/python3.11/site-packages/pymysql/connections.py", line 826, in _read_query_result
    result.read()
  File "/usr/local/lib/python3.11/site-packages/pymysql/connections.py", line 1203, in read
    first_packet = self.connection._read_packet()
                   ^^^^^^^^^^^^^^^^^^^^^^^^^^^^^^
  File "/usr/local/lib/python3.11/site-packages/pymysql/connections.py", line 782, in _read_packet
    packet.raise_for_error()
  File "/usr/local/lib/python3.11/site-packages/pymysql/protocol.py", line 219, in raise_for_error
    err.raise_mysql_exception(self._data)
  File "/usr/local/lib/python3.11/site-packages/pymysql/err.py", line 150, in raise_mysql_exception
    raise errorclass(errno, errval)
sqlalchemy.exc.OperationalError: (pymysql.err.OperationalError) (1054, "Unknown column 'dokumen.dokumen_tipe' in 'SELECT'")
[SQL: SELECT dokumen.dokumen_id AS dokumen_dokumen_id, dokumen.mhs_nrp AS dokumen_mhs_nrp, dokumen.dokumen_tipe AS dokumen_dokumen_tipe, dokumen.dokumen_filename AS dokumen_dokumen_filename, dokumen.dokumen_filesize_bytes AS dokumen_dokumen_filesize_bytes, dokumen.dokumen_status AS dokumen_dokumen_status, dokumen.dokumen_skor AS dokumen_dokumen_skor, dokumen.dokumen_jumlah_kesalahan AS dokumen_dokumen_jumlah_kesalahan, dokumen.dokumen_docx_path AS dokumen_dokumen_docx_path, dokumen.dokumen_pdf_path AS dokumen_dokumen_pdf_path, dokumen.dokumen_images_path AS dokumen_dokumen_images_path, dokumen.dokumen_created_at AS dokumen_dokumen_created_at, dokumen.dokumen_updated_at AS dokumen_dokumen_updated_at 
FROM dokumen 
WHERE dokumen.dokumen_id = %(dokumen_id_1)s 
 LIMIT %(param_1)s]
[parameters: {'dokumen_id_1': 843, 'param_1': 1}]
(Background on this error at: https://sqlalche.me/e/20/e3q8)
2026-03-18 17:03:01,887 - INFO - Task 1097 labeling status updated to: failed
2026-03-18 17:03:31,919 - INFO - Found labeling task in queue: ID 1098
2026-03-18 17:03:31,937 - INFO - Task 1098 labeling status updated to: processing
2026-03-18 17:03:31,938 - INFO - Processing labeling task ID: 1098, Type: dokumen
2026-03-18 17:03:31,938 - INFO - Reference target: dokumen:844
2026-03-18 17:03:31,941 - ERROR - Visual task 1098 failed: (pymysql.err.OperationalError) (1054, "Unknown column 'dokumen.dokumen_tipe' in 'SELECT'")
[SQL: SELECT dokumen.dokumen_id AS dokumen_dokumen_id, dokumen.mhs_nrp AS dokumen_mhs_nrp, dokumen.dokumen_tipe AS dokumen_dokumen_tipe, dokumen.dokumen_filename AS dokumen_dokumen_filename, dokumen.dokumen_filesize_bytes AS dokumen_dokumen_filesize_bytes, dokumen.dokumen_status AS dokumen_dokumen_status, dokumen.dokumen_skor AS dokumen_dokumen_skor, dokumen.dokumen_jumlah_kesalahan AS dokumen_dokumen_jumlah_kesalahan, dokumen.dokumen_docx_path AS dokumen_dokumen_docx_path, dokumen.dokumen_pdf_path AS dokumen_dokumen_pdf_path, dokumen.dokumen_images_path AS dokumen_dokumen_images_path, dokumen.dokumen_created_at AS dokumen_dokumen_created_at, dokumen.dokumen_updated_at AS dokumen_dokumen_updated_at 
FROM dokumen 
WHERE dokumen.dokumen_id = %(dokumen_id_1)s 
 LIMIT %(param_1)s]
[parameters: {'dokumen_id_1': 844, 'param_1': 1}]
(Background on this error at: https://sqlalche.me/e/20/e3q8)
Traceback (most recent call last):
  File "/usr/local/lib/python3.11/site-packages/sqlalchemy/engine/base.py", line 1967, in _exec_single_context
    self.dialect.do_execute(
  File "/usr/local/lib/python3.11/site-packages/sqlalchemy/engine/default.py", line 951, in do_execute
    cursor.execute(statement, parameters)
  File "/usr/local/lib/python3.11/site-packages/pymysql/cursors.py", line 153, in execute
    result = self._query(query)
             ^^^^^^^^^^^^^^^^^^
  File "/usr/local/lib/python3.11/site-packages/pymysql/cursors.py", line 322, in _query
    conn.query(q)
  File "/usr/local/lib/python3.11/site-packages/pymysql/connections.py", line 575, in query
    self._affected_rows = self._read_query_result(unbuffered=unbuffered)
                          ^^^^^^^^^^^^^^^^^^^^^^^^^^^^^^^^^^^^^^^^^^^^^^
  File "/usr/local/lib/python3.11/site-packages/pymysql/connections.py", line 826, in _read_query_result
    result.read()
  File "/usr/local/lib/python3.11/site-packages/pymysql/connections.py", line 1203, in read
    first_packet = self.connection._read_packet()
                   ^^^^^^^^^^^^^^^^^^^^^^^^^^^^^^
  File "/usr/local/lib/python3.11/site-packages/pymysql/connections.py", line 782, in _read_packet
    packet.raise_for_error()
  File "/usr/local/lib/python3.11/site-packages/pymysql/protocol.py", line 219, in raise_for_error
    err.raise_mysql_exception(self._data)
  File "/usr/local/lib/python3.11/site-packages/pymysql/err.py", line 150, in raise_mysql_exception
    raise errorclass(errno, errval)
pymysql.err.OperationalError: (1054, "Unknown column 'dokumen.dokumen_tipe' in 'SELECT'")

The above exception was the direct cause of the following exception:

Traceback (most recent call last):
  File "/app/src/workers/visual_worker.py", line 100, in process_visual_task
  File "/app/src/services/antrian_service.py", line 160, in get_full_pdf_path
  File "/app/src/services/antrian_service.py", line 134, in get_pdf_path
    def get_output_directory(self, task: Antrian) -> str:
              ^^^^^^^
  File "/usr/local/lib/python3.11/site-packages/sqlalchemy/orm/query.py", line 2759, in first
    return self.limit(1)._iter().first()  # type: ignore
           ^^^^^^^^^^^^^^^^^^^^^
  File "/usr/local/lib/python3.11/site-packages/sqlalchemy/orm/query.py", line 2857, in _iter
    result: Union[ScalarResult[_T], Result[_T]] = self.session.execute(
                                                  ^^^^^^^^^^^^^^^^^^^^^
  File "/usr/local/lib/python3.11/site-packages/sqlalchemy/orm/session.py", line 2351, in execute
    return self._execute_internal(
           ^^^^^^^^^^^^^^^^^^^^^^^
  File "/usr/local/lib/python3.11/site-packages/sqlalchemy/orm/session.py", line 2249, in _execute_internal
    result: Result[Any] = compile_state_cls.orm_execute_statement(
                          ^^^^^^^^^^^^^^^^^^^^^^^^^^^^^^^^^^^^^^^^
  File "/usr/local/lib/python3.11/site-packages/sqlalchemy/orm/context.py", line 306, in orm_execute_statement
    result = conn.execute(
             ^^^^^^^^^^^^^
  File "/usr/local/lib/python3.11/site-packages/sqlalchemy/engine/base.py", line 1419, in execute
    return meth(
           ^^^^^
  File "/usr/local/lib/python3.11/site-packages/sqlalchemy/sql/elements.py", line 526, in _execute_on_connection
    return connection._execute_clauseelement(
           ^^^^^^^^^^^^^^^^^^^^^^^^^^^^^^^^^^
  File "/usr/local/lib/python3.11/site-packages/sqlalchemy/engine/base.py", line 1641, in _execute_clauseelement
    ret = self._execute_context(
          ^^^^^^^^^^^^^^^^^^^^^^
  File "/usr/local/lib/python3.11/site-packages/sqlalchemy/engine/base.py", line 1846, in _execute_context
    return self._exec_single_context(
           ^^^^^^^^^^^^^^^^^^^^^^^^^^
  File "/usr/local/lib/python3.11/site-packages/sqlalchemy/engine/base.py", line 1986, in _exec_single_context
    self._handle_dbapi_exception(
  File "/usr/local/lib/python3.11/site-packages/sqlalchemy/engine/base.py", line 2355, in _handle_dbapi_exception
    raise sqlalchemy_exception.with_traceback(exc_info[2]) from e
  File "/usr/local/lib/python3.11/site-packages/sqlalchemy/engine/base.py", line 1967, in _exec_single_context
    self.dialect.do_execute(
  File "/usr/local/lib/python3.11/site-packages/sqlalchemy/engine/default.py", line 951, in do_execute
    cursor.execute(statement, parameters)
  File "/usr/local/lib/python3.11/site-packages/pymysql/cursors.py", line 153, in execute
    result = self._query(query)
             ^^^^^^^^^^^^^^^^^^
  File "/usr/local/lib/python3.11/site-packages/pymysql/cursors.py", line 322, in _query
    conn.query(q)
  File "/usr/local/lib/python3.11/site-packages/pymysql/connections.py", line 575, in query
    self._affected_rows = self._read_query_result(unbuffered=unbuffered)
                          ^^^^^^^^^^^^^^^^^^^^^^^^^^^^^^^^^^^^^^^^^^^^^^
  File "/usr/local/lib/python3.11/site-packages/pymysql/connections.py", line 826, in _read_query_result
    result.read()
  File "/usr/local/lib/python3.11/site-packages/pymysql/connections.py", line 1203, in read
    first_packet = self.connection._read_packet()
                   ^^^^^^^^^^^^^^^^^^^^^^^^^^^^^^
  File "/usr/local/lib/python3.11/site-packages/pymysql/connections.py", line 782, in _read_packet
    packet.raise_for_error()
  File "/usr/local/lib/python3.11/site-packages/pymysql/protocol.py", line 219, in raise_for_error
    err.raise_mysql_exception(self._data)
  File "/usr/local/lib/python3.11/site-packages/pymysql/err.py", line 150, in raise_mysql_exception
    raise errorclass(errno, errval)
sqlalchemy.exc.OperationalError: (pymysql.err.OperationalError) (1054, "Unknown column 'dokumen.dokumen_tipe' in 'SELECT'")
[SQL: SELECT dokumen.dokumen_id AS dokumen_dokumen_id, dokumen.mhs_nrp AS dokumen_mhs_nrp, dokumen.dokumen_tipe AS dokumen_dokumen_tipe, dokumen.dokumen_filename AS dokumen_dokumen_filename, dokumen.dokumen_filesize_bytes AS dokumen_dokumen_filesize_bytes, dokumen.dokumen_status AS dokumen_dokumen_status, dokumen.dokumen_skor AS dokumen_dokumen_skor, dokumen.dokumen_jumlah_kesalahan AS dokumen_dokumen_jumlah_kesalahan, dokumen.dokumen_docx_path AS dokumen_dokumen_docx_path, dokumen.dokumen_pdf_path AS dokumen_dokumen_pdf_path, dokumen.dokumen_images_path AS dokumen_dokumen_images_path, dokumen.dokumen_created_at AS dokumen_dokumen_created_at, dokumen.dokumen_updated_at AS dokumen_dokumen_updated_at 
FROM dokumen 
WHERE dokumen.dokumen_id = %(dokumen_id_1)s 
 LIMIT %(param_1)s]
[parameters: {'dokumen_id_1': 844, 'param_1': 1}]
(Background on this error at: https://sqlalche.me/e/20/e3q8)
2026-03-18 17:03:31,959 - INFO - Task 1098 labeling status updated to: failed
2026-03-18 17:09:02,188 - INFO - Starting labeling worker (check every 5 seconds)
2026-03-18 17:09:02,188 - INFO - Flow: Labeling (Extraction+Alignment+Docling) -> Validation
2026-03-18 17:14:32,586 - INFO - Found labeling task in queue: ID 1099
2026-03-18 17:14:32,602 - INFO - Task 1099 labeling status updated to: processing
2026-03-18 17:14:32,603 - INFO - Processing labeling task ID: 1099, Type: dokumen
2026-03-18 17:14:32,603 - INFO - Reference target: dokumen:845
2026-03-18 17:14:32,623 - INFO - PDF: /app/storage/dokumen/222117032/845/pdf/10. Bab 1 Pendahuluan.pdf
2026-03-18 17:14:32,623 - INFO - Output: /app/storage/dokumen/222117032/845/extraction/10. Bab 1 Pendahuluan
2026-03-18 17:14:32,624 - INFO - Images output directory: /app/storage/dokumen/222117032/845/images
2026-03-18 17:14:36,660 - INFO - Saved 8 page images to: /app/storage/dokumen/222117032/845/images
2026-03-18 17:14:36,685 - INFO - Updated dokumen_images_path: /dokumen/222117032/845/images
2026-03-18 17:14:36,686 - INFO - Delegating to MergingExtractionService...
2026-03-18 17:14:36,691 - INFO - Visual output directory: /app/storage/dokumen/222117032/845/pdf/classification
2026-03-18 17:14:36,695 - INFO - Running Docling for dokumen:845
2026-03-18 17:14:36,730 - INFO - detected formats: [<InputFormat.PDF: 'pdf'>]
2026-03-18 17:14:36,811 - INFO - Going to convert document batch...
2026-03-18 17:14:36,812 - INFO - Initializing pipeline for StandardPdfPipeline with options hash e15bc6f248154cc62f8db15ef18a8ab7
2026-03-18 17:14:36,830 - INFO - Loading plugin 'docling_defaults'
2026-03-18 17:14:36,834 - INFO - Registered picture descriptions: ['vlm', 'api']
2026-03-18 17:14:36,840 - INFO - Loading plugin 'docling_defaults'
2026-03-18 17:14:36,848 - INFO - Registered ocr engines: ['auto', 'easyocr', 'ocrmac', 'rapidocr', 'tesserocr', 'tesseract']
2026-03-18 17:14:37,182 - INFO - rapidocr cannot be used because onnxruntime is not installed.
2026-03-18 17:14:37,183 - INFO - easyocr cannot be used because it is not installed.
2026-03-18 17:14:37,701 - INFO - Accelerator device: 'cpu'
2026-03-18 17:14:38,679 - INFO - Auto OCR model selected rapidocr with torch.
2026-03-18 17:14:38,683 - INFO - Loading plugin 'docling_defaults'
2026-03-18 17:14:38,688 - INFO - Registered layout engines: ['docling_layout_default', 'docling_experimental_table_crops_layout']
2026-03-18 17:14:41,898 - INFO - Accelerator device: 'cpu'
2026-03-18 17:14:43,254 - INFO - Loading plugin 'docling_defaults'
2026-03-18 17:14:43,256 - INFO - Registered table structure engines: ['docling_tableformer']
2026-03-18 17:14:43,565 - INFO - Accelerator device: 'cpu'
2026-03-18 17:14:44,336 - INFO - Processing document 10. Bab 1 Pendahuluan.pdf
2026-03-18 17:15:01,571 - INFO - Finished converting document 10. Bab 1 Pendahuluan.pdf in 24.85 sec.
2026-03-18 17:15:01,673 - INFO - Opened PDF: /app/storage/dokumen/222117032/845/pdf/10. Bab 1 Pendahuluan.pdf (8 pages)
2026-03-18 17:15:01,674 - INFO - Processing 8 pages for dokumen:845
2026-03-18 17:15:08,683 - INFO - Resolved document-level claims for dokumen:845 cleared=0 affected_pages=0
2026-03-18 17:15:08,837 - INFO - Page 2: header/footer rows total=1 mapped=0 null=1
2026-03-18 17:15:09,234 - INFO - Page 1: Generated visualizations - ['fused']
2026-03-18 17:15:09,518 - INFO - Page 2: Generated visualizations - ['fused']
2026-03-18 17:15:09,745 - INFO - Page 3: Generated visualizations - ['fused']
2026-03-18 17:15:09,949 - INFO - Page 4: Generated visualizations - ['fused']
2026-03-18 17:15:10,137 - INFO - Page 5: Generated visualizations - ['fused']
2026-03-18 17:15:10,342 - INFO - Page 6: Generated visualizations - ['fused']
2026-03-18 17:15:10,556 - INFO - Page 7: Generated visualizations - ['fused']
2026-03-18 17:15:10,712 - INFO - Page 8: Generated visualizations - ['fused']
2026-03-18 17:15:10,727 - INFO - Committed changes to database for dokumen:845
2026-03-18 17:15:10,729 - INFO - Labeling flow completed for dokumen:845
2026-03-18 17:15:10,743 - INFO - Task 1099 labeling status updated to: completed
2026-03-18 17:15:10,752 - INFO - Task 1099 validation status updated to: in_queue
2026-03-18 17:15:15,760 - INFO - Found labeling task in queue: ID 1100
2026-03-18 17:15:15,770 - INFO - Task 1100 labeling status updated to: processing
2026-03-18 17:15:15,771 - INFO - Processing labeling task ID: 1100, Type: dokumen
2026-03-18 17:15:15,771 - INFO - Reference target: dokumen:846
2026-03-18 17:15:15,786 - INFO - PDF: /app/storage/dokumen/222117032/846/pdf/11. Bab 2 Teori Penunjang.pdf
2026-03-18 17:15:15,787 - INFO - Output: /app/storage/dokumen/222117032/846/extraction/11. Bab 2 Teori Penunjang
2026-03-18 17:15:15,787 - INFO - Images output directory: /app/storage/dokumen/222117032/846/images
2026-03-18 17:15:19,336 - INFO - Saved 9 page images to: /app/storage/dokumen/222117032/846/images
2026-03-18 17:15:19,349 - INFO - Updated dokumen_images_path: /dokumen/222117032/846/images
2026-03-18 17:15:19,349 - INFO - Delegating to MergingExtractionService...
2026-03-18 17:15:19,353 - INFO - Visual output directory: /app/storage/dokumen/222117032/846/pdf/classification
2026-03-18 17:15:19,356 - INFO - Running Docling for dokumen:846
2026-03-18 17:15:19,373 - INFO - detected formats: [<InputFormat.PDF: 'pdf'>]
2026-03-18 17:15:19,377 - INFO - Going to convert document batch...
2026-03-18 17:15:19,378 - INFO - Initializing pipeline for StandardPdfPipeline with options hash e15bc6f248154cc62f8db15ef18a8ab7
2026-03-18 17:15:19,379 - INFO - rapidocr cannot be used because onnxruntime is not installed.
2026-03-18 17:15:19,380 - INFO - easyocr cannot be used because it is not installed.
2026-03-18 17:15:19,380 - INFO - Accelerator device: 'cpu'
2026-03-18 17:15:19,918 - INFO - Auto OCR model selected rapidocr with torch.
2026-03-18 17:15:19,919 - INFO - Accelerator device: 'cpu'
2026-03-18 17:15:20,814 - INFO - Accelerator device: 'cpu'
2026-03-18 17:15:21,121 - INFO - Processing document 11. Bab 2 Teori Penunjang.pdf
2026-03-18 17:15:38,951 - INFO - Finished converting document 11. Bab 2 Teori Penunjang.pdf in 19.59 sec.
2026-03-18 17:15:39,145 - INFO - Opened PDF: /app/storage/dokumen/222117032/846/pdf/11. Bab 2 Teori Penunjang.pdf (9 pages)
2026-03-18 17:15:39,145 - INFO - Processing 9 pages for dokumen:846
2026-03-18 17:15:47,803 - INFO - Resolved document-level claims for dokumen:846 cleared=0 affected_pages=0
2026-03-18 17:15:47,827 - INFO - Page 2: header/footer rows total=1 mapped=0 null=1
2026-03-18 17:15:47,846 - INFO - Page 3: header/footer rows total=1 mapped=0 null=1
2026-03-18 17:15:47,865 - INFO - Page 4: header/footer rows total=1 mapped=0 null=1
2026-03-18 17:15:47,884 - INFO - Page 5: header/footer rows total=1 mapped=0 null=1
2026-03-18 17:15:47,900 - INFO - Page 6: header/footer rows total=1 mapped=0 null=1
2026-03-18 17:15:47,917 - INFO - Page 7: header/footer rows total=1 mapped=0 null=1
2026-03-18 17:15:47,934 - INFO - Page 8: header/footer rows total=1 mapped=0 null=1
2026-03-18 17:15:47,952 - INFO - Page 9: header/footer rows total=1 mapped=0 null=1
2026-03-18 17:15:48,131 - INFO - Page 1: Generated visualizations - ['fused']
2026-03-18 17:15:48,329 - INFO - Page 2: Generated visualizations - ['fused']
2026-03-18 17:15:48,525 - INFO - Page 3: Generated visualizations - ['fused']
2026-03-18 17:15:48,756 - INFO - Page 4: Generated visualizations - ['fused']
2026-03-18 17:15:48,974 - INFO - Page 5: Generated visualizations - ['fused']
2026-03-18 17:15:49,184 - INFO - Page 6: Generated visualizations - ['fused']
2026-03-18 17:15:49,399 - INFO - Page 7: Generated visualizations - ['fused']
2026-03-18 17:15:49,607 - INFO - Page 8: Generated visualizations - ['fused']
2026-03-18 17:15:49,748 - INFO - Page 9: Generated visualizations - ['fused']
2026-03-18 17:15:49,758 - INFO - Committed changes to database for dokumen:846
2026-03-18 17:15:49,761 - INFO - Labeling flow completed for dokumen:846
2026-03-18 17:15:49,773 - INFO - Task 1100 labeling status updated to: completed
2026-03-18 17:15:49,782 - INFO - Task 1100 validation status updated to: in_queue
2026-03-18 17:16:54,856 - INFO - Found labeling task in queue: ID 1101
2026-03-18 17:16:54,872 - INFO - Task 1101 labeling status updated to: processing
2026-03-18 17:16:54,872 - INFO - Processing labeling task ID: 1101, Type: dokumen
2026-03-18 17:16:54,872 - INFO - Reference target: dokumen:847
2026-03-18 17:16:54,884 - INFO - PDF: /app/storage/dokumen/222117032/847/pdf/12. Bab 3 Pengembangan Prototyping.pdf
2026-03-18 17:16:54,884 - INFO - Output: /app/storage/dokumen/222117032/847/extraction/12. Bab 3 Pengembangan Prototyping
2026-03-18 17:16:54,884 - INFO - Images output directory: /app/storage/dokumen/222117032/847/images
2026-03-18 17:17:31,823 - INFO - Saved 90 page images to: /app/storage/dokumen/222117032/847/images
2026-03-18 17:17:31,845 - INFO - Updated dokumen_images_path: /dokumen/222117032/847/images
2026-03-18 17:17:31,846 - INFO - Delegating to MergingExtractionService...
2026-03-18 17:17:31,851 - INFO - Visual output directory: /app/storage/dokumen/222117032/847/pdf/classification
2026-03-18 17:17:31,855 - INFO - Running Docling for dokumen:847
2026-03-18 17:17:31,904 - INFO - detected formats: [<InputFormat.PDF: 'pdf'>]
2026-03-18 17:17:31,919 - INFO - Going to convert document batch...
2026-03-18 17:17:31,920 - INFO - Initializing pipeline for StandardPdfPipeline with options hash e15bc6f248154cc62f8db15ef18a8ab7
2026-03-18 17:17:31,927 - INFO - rapidocr cannot be used because onnxruntime is not installed.
2026-03-18 17:17:31,928 - INFO - easyocr cannot be used because it is not installed.
2026-03-18 17:17:31,928 - INFO - Accelerator device: 'cpu'
2026-03-18 17:17:32,897 - INFO - Auto OCR model selected rapidocr with torch.
2026-03-18 17:17:32,898 - INFO - Accelerator device: 'cpu'
2026-03-18 17:17:34,029 - INFO - Accelerator device: 'cpu'
2026-03-18 17:17:34,649 - INFO - Processing document 12. Bab 3 Pengembangan Prototyping.pdf
2026-03-18 17:27:16,849 - INFO - Finished converting document 12. Bab 3 Pengembangan Prototyping.pdf in 585.02 sec.
2026-03-18 17:27:17,121 - INFO - Opened PDF: /app/storage/dokumen/222117032/847/pdf/12. Bab 3 Pengembangan Prototyping.pdf (90 pages)
2026-03-18 17:27:17,125 - INFO - Processing 90 pages for dokumen:847
2026-03-18 17:29:17,245 - INFO - Resolved document-level claims for dokumen:847 cleared=0 affected_pages=0
2026-03-18 17:29:17,270 - INFO - Page 1: header/footer rows total=1 mapped=1 null=0
2026-03-18 17:29:17,295 - INFO - Page 2: header/footer rows total=1 mapped=1 null=0
2026-03-18 17:29:17,319 - INFO - Page 3: header/footer rows total=1 mapped=1 null=0
2026-03-18 17:29:17,343 - INFO - Page 4: header/footer rows total=1 mapped=1 null=0
2026-03-18 17:29:17,367 - INFO - Page 5: header/footer rows total=1 mapped=1 null=0
2026-03-18 17:29:17,391 - INFO - Page 6: header/footer rows total=1 mapped=1 null=0
2026-03-18 17:29:17,415 - INFO - Page 7: header/footer rows total=1 mapped=1 null=0
2026-03-18 17:29:17,439 - INFO - Page 8: header/footer rows total=1 mapped=1 null=0
2026-03-18 17:29:17,463 - INFO - Page 9: header/footer rows total=1 mapped=1 null=0
2026-03-18 17:29:17,488 - INFO - Page 10: header/footer rows total=1 mapped=1 null=0
2026-03-18 17:29:17,514 - INFO - Page 11: header/footer rows total=1 mapped=1 null=0
2026-03-18 17:29:17,542 - INFO - Page 12: header/footer rows total=1 mapped=1 null=0
2026-03-18 17:29:17,566 - INFO - Page 13: header/footer rows total=1 mapped=1 null=0
2026-03-18 17:29:17,590 - INFO - Page 14: header/footer rows total=1 mapped=1 null=0
2026-03-18 17:29:17,614 - INFO - Page 15: header/footer rows total=1 mapped=1 null=0
2026-03-18 17:29:17,638 - INFO - Page 16: header/footer rows total=1 mapped=1 null=0
2026-03-18 17:29:17,662 - INFO - Page 17: header/footer rows total=1 mapped=1 null=0
2026-03-18 17:29:17,686 - INFO - Page 18: header/footer rows total=1 mapped=1 null=0
2026-03-18 17:29:17,709 - INFO - Page 19: header/footer rows total=1 mapped=1 null=0
2026-03-18 17:29:17,734 - INFO - Page 20: header/footer rows total=1 mapped=1 null=0
2026-03-18 17:29:17,757 - INFO - Page 21: header/footer rows total=1 mapped=1 null=0
2026-03-18 17:29:17,780 - INFO - Page 22: header/footer rows total=1 mapped=1 null=0
2026-03-18 17:29:17,803 - INFO - Page 23: header/footer rows total=1 mapped=1 null=0
2026-03-18 17:29:17,827 - INFO - Page 24: header/footer rows total=1 mapped=1 null=0
2026-03-18 17:29:17,850 - INFO - Page 25: header/footer rows total=1 mapped=1 null=0
2026-03-18 17:29:17,873 - INFO - Page 26: header/footer rows total=1 mapped=1 null=0
2026-03-18 17:29:17,898 - INFO - Page 27: header/footer rows total=1 mapped=1 null=0
2026-03-18 17:29:17,926 - INFO - Page 28: header/footer rows total=1 mapped=1 null=0
2026-03-18 17:29:18,060 - INFO - Page 34: header/footer rows total=1 mapped=1 null=0
2026-03-18 17:29:18,088 - INFO - Page 35: header/footer rows total=1 mapped=1 null=0
2026-03-18 17:29:18,114 - INFO - Page 36: header/footer rows total=1 mapped=1 null=0
2026-03-18 17:29:18,139 - INFO - Page 37: header/footer rows total=1 mapped=1 null=0
2026-03-18 17:29:18,186 - INFO - Page 39: header/footer rows total=1 mapped=1 null=0
2026-03-18 17:29:18,211 - INFO - Page 40: header/footer rows total=1 mapped=1 null=0
2026-03-18 17:29:18,236 - INFO - Page 41: header/footer rows total=1 mapped=1 null=0
2026-03-18 17:29:18,262 - INFO - Page 42: header/footer rows total=1 mapped=1 null=0
2026-03-18 17:29:18,287 - INFO - Page 43: header/footer rows total=1 mapped=1 null=0
2026-03-18 17:29:18,343 - INFO - Page 45: header/footer rows total=1 mapped=1 null=0
2026-03-18 17:29:18,373 - INFO - Page 46: header/footer rows total=1 mapped=1 null=0
2026-03-18 17:29:18,399 - INFO - Page 47: header/footer rows total=1 mapped=1 null=0
2026-03-18 17:29:18,427 - INFO - Page 48: header/footer rows total=1 mapped=1 null=0
2026-03-18 17:29:18,452 - INFO - Page 49: header/footer rows total=1 mapped=1 null=0
2026-03-18 17:29:18,476 - INFO - Page 50: header/footer rows total=1 mapped=1 null=0
2026-03-18 17:29:18,500 - INFO - Page 51: header/footer rows total=1 mapped=1 null=0
2026-03-18 17:29:18,524 - INFO - Page 52: header/footer rows total=1 mapped=1 null=0
2026-03-18 17:29:18,548 - INFO - Page 53: header/footer rows total=1 mapped=1 null=0
2026-03-18 17:29:18,572 - INFO - Page 54: header/footer rows total=1 mapped=1 null=0
2026-03-18 17:29:18,595 - INFO - Page 55: header/footer rows total=1 mapped=1 null=0
2026-03-18 17:29:18,619 - INFO - Page 56: header/footer rows total=1 mapped=1 null=0
2026-03-18 17:29:18,643 - INFO - Page 57: header/footer rows total=1 mapped=1 null=0
2026-03-18 17:29:18,667 - INFO - Page 58: header/footer rows total=1 mapped=1 null=0
2026-03-18 17:29:18,689 - INFO - Page 59: header/footer rows total=1 mapped=1 null=0
2026-03-18 17:29:18,714 - INFO - Page 60: header/footer rows total=1 mapped=1 null=0
2026-03-18 17:29:18,738 - INFO - Page 61: header/footer rows total=1 mapped=1 null=0
2026-03-18 17:29:18,764 - INFO - Page 62: header/footer rows total=1 mapped=1 null=0
2026-03-18 17:29:18,790 - INFO - Page 63: header/footer rows total=1 mapped=1 null=0
2026-03-18 17:29:18,821 - INFO - Page 64: header/footer rows total=1 mapped=1 null=0
2026-03-18 17:29:18,848 - INFO - Page 65: header/footer rows total=1 mapped=1 null=0
2026-03-18 17:29:18,874 - INFO - Page 66: header/footer rows total=1 mapped=1 null=0
2026-03-18 17:29:18,904 - INFO - Page 67: header/footer rows total=1 mapped=1 null=0
2026-03-18 17:29:18,934 - INFO - Page 68: header/footer rows total=1 mapped=1 null=0
2026-03-18 17:29:18,967 - INFO - Page 69: header/footer rows total=1 mapped=1 null=0
2026-03-18 17:29:19,001 - INFO - Page 70: header/footer rows total=1 mapped=1 null=0
2026-03-18 17:29:19,035 - INFO - Page 71: header/footer rows total=1 mapped=1 null=0
2026-03-18 17:29:19,064 - INFO - Page 72: header/footer rows total=1 mapped=1 null=0
2026-03-18 17:29:19,093 - INFO - Page 73: header/footer rows total=1 mapped=1 null=0
2026-03-18 17:29:19,118 - INFO - Page 74: header/footer rows total=1 mapped=1 null=0
2026-03-18 17:29:19,144 - INFO - Page 75: header/footer rows total=1 mapped=1 null=0
2026-03-18 17:29:19,174 - INFO - Page 76: header/footer rows total=1 mapped=1 null=0
2026-03-18 17:29:19,201 - INFO - Page 77: header/footer rows total=1 mapped=1 null=0
2026-03-18 17:29:19,226 - INFO - Page 78: header/footer rows total=1 mapped=1 null=0
2026-03-18 17:29:19,253 - INFO - Page 79: header/footer rows total=1 mapped=1 null=0
2026-03-18 17:29:19,281 - INFO - Page 80: header/footer rows total=1 mapped=1 null=0
2026-03-18 17:29:19,309 - INFO - Page 81: header/footer rows total=1 mapped=1 null=0
2026-03-18 17:29:19,335 - INFO - Page 82: header/footer rows total=1 mapped=1 null=0
2026-03-18 17:29:19,360 - INFO - Page 83: header/footer rows total=1 mapped=1 null=0
2026-03-18 17:29:19,387 - INFO - Page 84: header/footer rows total=1 mapped=1 null=0
2026-03-18 17:29:19,414 - INFO - Page 85: header/footer rows total=1 mapped=1 null=0
2026-03-18 17:29:19,440 - INFO - Page 86: header/footer rows total=1 mapped=1 null=0
2026-03-18 17:29:19,470 - INFO - Page 87: header/footer rows total=1 mapped=1 null=0
2026-03-18 17:29:19,498 - INFO - Page 88: header/footer rows total=1 mapped=1 null=0
2026-03-18 17:29:19,527 - INFO - Page 89: header/footer rows total=1 mapped=1 null=0
2026-03-18 17:29:19,557 - INFO - Page 90: header/footer rows total=1 mapped=1 null=0
2026-03-18 17:29:19,768 - INFO - Page 1: Generated visualizations - ['fused']
2026-03-18 17:29:19,992 - INFO - Page 2: Generated visualizations - ['fused']
2026-03-18 17:29:20,220 - INFO - Page 3: Generated visualizations - ['fused']
2026-03-18 17:29:20,431 - INFO - Page 4: Generated visualizations - ['fused']
2026-03-18 17:29:20,639 - INFO - Page 5: Generated visualizations - ['fused']
2026-03-18 17:29:20,859 - INFO - Page 6: Generated visualizations - ['fused']
2026-03-18 17:29:21,090 - INFO - Page 7: Generated visualizations - ['fused']
2026-03-18 17:29:21,320 - INFO - Page 8: Generated visualizations - ['fused']
2026-03-18 17:29:21,561 - INFO - Page 9: Generated visualizations - ['fused']
2026-03-18 17:29:21,823 - INFO - Page 10: Generated visualizations - ['fused']
2026-03-18 17:29:22,049 - INFO - Page 11: Generated visualizations - ['fused']
2026-03-18 17:29:22,305 - INFO - Page 12: Generated visualizations - ['fused']
2026-03-18 17:29:22,522 - INFO - Page 13: Generated visualizations - ['fused']
2026-03-18 17:29:22,749 - INFO - Page 14: Generated visualizations - ['fused']
2026-03-18 17:29:23,004 - INFO - Page 15: Generated visualizations - ['fused']
2026-03-18 17:29:23,252 - INFO - Page 16: Generated visualizations - ['fused']
2026-03-18 17:29:23,517 - INFO - Page 17: Generated visualizations - ['fused']
2026-03-18 17:29:23,771 - INFO - Page 18: Generated visualizations - ['fused']
2026-03-18 17:29:24,019 - INFO - Page 19: Generated visualizations - ['fused']
2026-03-18 17:29:24,285 - INFO - Page 20: Generated visualizations - ['fused']
2026-03-18 17:29:24,538 - INFO - Page 21: Generated visualizations - ['fused']
2026-03-18 17:29:24,826 - INFO - Page 22: Generated visualizations - ['fused']
2026-03-18 17:29:25,097 - INFO - Page 23: Generated visualizations - ['fused']
2026-03-18 17:29:25,348 - INFO - Page 24: Generated visualizations - ['fused']
2026-03-18 17:29:25,580 - INFO - Page 25: Generated visualizations - ['fused']
2026-03-18 17:29:25,848 - INFO - Page 26: Generated visualizations - ['fused']
2026-03-18 17:29:26,126 - INFO - Page 27: Generated visualizations - ['fused']
2026-03-18 17:29:26,393 - INFO - Page 28: Generated visualizations - ['fused']
2026-03-18 17:29:26,613 - INFO - Page 29: Generated visualizations - ['fused']
2026-03-18 17:29:26,813 - INFO - Page 30: Generated visualizations - ['fused']
2026-03-18 17:29:27,014 - INFO - Page 31: Generated visualizations - ['fused']
2026-03-18 17:29:27,206 - INFO - Page 32: Generated visualizations - ['fused']
2026-03-18 17:29:27,398 - INFO - Page 33: Generated visualizations - ['fused']
2026-03-18 17:29:27,628 - INFO - Page 34: Generated visualizations - ['fused']
2026-03-18 17:29:27,867 - INFO - Page 35: Generated visualizations - ['fused']
2026-03-18 17:29:28,069 - INFO - Page 36: Generated visualizations - ['fused']
2026-03-18 17:29:28,286 - INFO - Page 37: Generated visualizations - ['fused']
2026-03-18 17:29:28,524 - INFO - Page 38: Generated visualizations - ['fused']
2026-03-18 17:29:28,741 - INFO - Page 39: Generated visualizations - ['fused']
2026-03-18 17:29:29,013 - INFO - Page 40: Generated visualizations - ['fused']
2026-03-18 17:29:29,259 - INFO - Page 41: Generated visualizations - ['fused']
2026-03-18 17:29:29,501 - INFO - Page 42: Generated visualizations - ['fused']
2026-03-18 17:29:29,709 - INFO - Page 43: Generated visualizations - ['fused']
2026-03-18 17:29:29,967 - INFO - Page 44: Generated visualizations - ['fused']
2026-03-18 17:29:30,233 - INFO - Page 45: Generated visualizations - ['fused']
2026-03-18 17:29:30,517 - INFO - Page 46: Generated visualizations - ['fused']
2026-03-18 17:29:30,760 - INFO - Page 47: Generated visualizations - ['fused']
2026-03-18 17:29:31,001 - INFO - Page 48: Generated visualizations - ['fused']
2026-03-18 17:29:31,209 - INFO - Page 49: Generated visualizations - ['fused']
2026-03-18 17:29:31,477 - INFO - Page 50: Generated visualizations - ['fused']
2026-03-18 17:29:31,711 - INFO - Page 51: Generated visualizations - ['fused']
2026-03-18 17:29:31,929 - INFO - Page 52: Generated visualizations - ['fused']
2026-03-18 17:29:32,160 - INFO - Page 53: Generated visualizations - ['fused']
2026-03-18 17:29:32,379 - INFO - Page 54: Generated visualizations - ['fused']
2026-03-18 17:29:32,592 - INFO - Page 55: Generated visualizations - ['fused']
2026-03-18 17:29:32,815 - INFO - Page 56: Generated visualizations - ['fused']
2026-03-18 17:29:33,019 - INFO - Page 57: Generated visualizations - ['fused']
2026-03-18 17:29:33,279 - INFO - Page 58: Generated visualizations - ['fused']
2026-03-18 17:29:33,545 - INFO - Page 59: Generated visualizations - ['fused']
2026-03-18 17:29:33,770 - INFO - Page 60: Generated visualizations - ['fused']
2026-03-18 17:29:33,997 - INFO - Page 61: Generated visualizations - ['fused']
2026-03-18 17:29:34,206 - INFO - Page 62: Generated visualizations - ['fused']
2026-03-18 17:29:34,420 - INFO - Page 63: Generated visualizations - ['fused']
2026-03-18 17:29:34,619 - INFO - Page 64: Generated visualizations - ['fused']
2026-03-18 17:29:34,823 - INFO - Page 65: Generated visualizations - ['fused']
2026-03-18 17:29:35,057 - INFO - Page 66: Generated visualizations - ['fused']
2026-03-18 17:29:35,276 - INFO - Page 67: Generated visualizations - ['fused']
2026-03-18 17:29:35,505 - INFO - Page 68: Generated visualizations - ['fused']
2026-03-18 17:29:35,733 - INFO - Page 69: Generated visualizations - ['fused']
2026-03-18 17:29:35,984 - INFO - Page 70: Generated visualizations - ['fused']
2026-03-18 17:29:36,235 - INFO - Page 71: Generated visualizations - ['fused']
2026-03-18 17:29:36,505 - INFO - Page 72: Generated visualizations - ['fused']
2026-03-18 17:29:36,747 - INFO - Page 73: Generated visualizations - ['fused']
2026-03-18 17:29:36,978 - INFO - Page 74: Generated visualizations - ['fused']
2026-03-18 17:29:37,205 - INFO - Page 75: Generated visualizations - ['fused']
2026-03-18 17:29:37,414 - INFO - Page 76: Generated visualizations - ['fused']
2026-03-18 17:29:37,636 - INFO - Page 77: Generated visualizations - ['fused']
2026-03-18 17:29:37,869 - INFO - Page 78: Generated visualizations - ['fused']
2026-03-18 17:29:38,079 - INFO - Page 79: Generated visualizations - ['fused']
2026-03-18 17:29:38,306 - INFO - Page 80: Generated visualizations - ['fused']
2026-03-18 17:29:38,531 - INFO - Page 81: Generated visualizations - ['fused']
2026-03-18 17:29:38,754 - INFO - Page 82: Generated visualizations - ['fused']
2026-03-18 17:29:38,978 - INFO - Page 83: Generated visualizations - ['fused']
2026-03-18 17:29:39,191 - INFO - Page 84: Generated visualizations - ['fused']
2026-03-18 17:29:39,406 - INFO - Page 85: Generated visualizations - ['fused']
2026-03-18 17:29:39,648 - INFO - Page 86: Generated visualizations - ['fused']
2026-03-18 17:29:39,869 - INFO - Page 87: Generated visualizations - ['fused']
2026-03-18 17:29:40,110 - INFO - Page 88: Generated visualizations - ['fused']
2026-03-18 17:29:40,345 - INFO - Page 89: Generated visualizations - ['fused']
2026-03-18 17:29:40,590 - INFO - Page 90: Generated visualizations - ['fused']
2026-03-18 17:29:40,607 - INFO - Committed changes to database for dokumen:847
2026-03-18 17:29:40,616 - INFO - Labeling flow completed for dokumen:847
2026-03-18 17:29:40,628 - INFO - Task 1101 labeling status updated to: completed
2026-03-18 17:29:40,637 - INFO - Task 1101 validation status updated to: in_queue
2026-03-18 17:29:45,643 - INFO - Found labeling task in queue: ID 1102
2026-03-18 17:29:45,653 - INFO - Task 1102 labeling status updated to: processing
2026-03-18 17:29:45,654 - INFO - Processing labeling task ID: 1102, Type: dokumen
2026-03-18 17:29:45,654 - INFO - Reference target: dokumen:848
2026-03-18 17:29:45,668 - INFO - PDF: /app/storage/dokumen/222117032/848/pdf/13. Bab 4 Implementasi.pdf
2026-03-18 17:29:45,668 - INFO - Output: /app/storage/dokumen/222117032/848/extraction/13. Bab 4 Implementasi
2026-03-18 17:29:45,669 - INFO - Images output directory: /app/storage/dokumen/222117032/848/images
2026-03-18 17:29:58,133 - INFO - Saved 33 page images to: /app/storage/dokumen/222117032/848/images
2026-03-18 17:29:58,151 - INFO - Updated dokumen_images_path: /dokumen/222117032/848/images
2026-03-18 17:29:58,152 - INFO - Delegating to MergingExtractionService...
2026-03-18 17:29:58,157 - INFO - Visual output directory: /app/storage/dokumen/222117032/848/pdf/classification
2026-03-18 17:29:58,160 - INFO - Running Docling for dokumen:848
2026-03-18 17:29:58,180 - INFO - detected formats: [<InputFormat.PDF: 'pdf'>]
2026-03-18 17:29:58,185 - INFO - Going to convert document batch...
2026-03-18 17:29:58,186 - INFO - Initializing pipeline for StandardPdfPipeline with options hash e15bc6f248154cc62f8db15ef18a8ab7
2026-03-18 17:29:58,187 - INFO - rapidocr cannot be used because onnxruntime is not installed.
2026-03-18 17:29:58,188 - INFO - easyocr cannot be used because it is not installed.
2026-03-18 17:29:58,188 - INFO - Accelerator device: 'cpu'
2026-03-18 17:29:58,686 - INFO - Auto OCR model selected rapidocr with torch.
2026-03-18 17:29:58,687 - INFO - Accelerator device: 'cpu'
2026-03-18 17:29:59,803 - INFO - Accelerator device: 'cpu'
2026-03-18 17:30:00,128 - INFO - Processing document 13. Bab 4 Implementasi.pdf
2026-03-18 17:32:17,361 - INFO - Finished converting document 13. Bab 4 Implementasi.pdf in 139.20 sec.
2026-03-18 17:32:17,479 - INFO - Opened PDF: /app/storage/dokumen/222117032/848/pdf/13. Bab 4 Implementasi.pdf (33 pages)
2026-03-18 17:32:17,479 - INFO - Processing 33 pages for dokumen:848
2026-03-18 17:33:02,075 - INFO - Resolved document-level claims for dokumen:848 cleared=0 affected_pages=0
2026-03-18 17:33:02,503 - INFO - Page 1: Generated visualizations - ['fused']
2026-03-18 17:33:02,655 - INFO - Page 2: Generated visualizations - ['fused']
2026-03-18 17:33:02,812 - INFO - Page 3: Generated visualizations - ['fused']
2026-03-18 17:33:02,963 - INFO - Page 4: Generated visualizations - ['fused']
2026-03-18 17:33:03,117 - INFO - Page 5: Generated visualizations - ['fused']
2026-03-18 17:33:03,268 - INFO - Page 6: Generated visualizations - ['fused']
2026-03-18 17:33:03,431 - INFO - Page 7: Generated visualizations - ['fused']
2026-03-18 17:33:03,581 - INFO - Page 8: Generated visualizations - ['fused']
2026-03-18 17:33:03,744 - INFO - Page 9: Generated visualizations - ['fused']
2026-03-18 17:33:03,898 - INFO - Page 10: Generated visualizations - ['fused']
2026-03-18 17:33:04,063 - INFO - Page 11: Generated visualizations - ['fused']
2026-03-18 17:33:04,232 - INFO - Page 12: Generated visualizations - ['fused']
2026-03-18 17:33:04,392 - INFO - Page 13: Generated visualizations - ['fused']
2026-03-18 17:33:04,566 - INFO - Page 14: Generated visualizations - ['fused']
2026-03-18 17:33:04,723 - INFO - Page 15: Generated visualizations - ['fused']
2026-03-18 17:33:04,887 - INFO - Page 16: Generated visualizations - ['fused']
2026-03-18 17:33:05,046 - INFO - Page 17: Generated visualizations - ['fused']
2026-03-18 17:33:05,244 - INFO - Page 18: Generated visualizations - ['fused']
2026-03-18 17:33:05,436 - INFO - Page 19: Generated visualizations - ['fused']
2026-03-18 17:33:05,637 - INFO - Page 20: Generated visualizations - ['fused']
2026-03-18 17:33:05,823 - INFO - Page 21: Generated visualizations - ['fused']
2026-03-18 17:33:06,040 - INFO - Page 22: Generated visualizations - ['fused']
2026-03-18 17:33:06,263 - INFO - Page 23: Generated visualizations - ['fused']
2026-03-18 17:33:06,450 - INFO - Page 24: Generated visualizations - ['fused']
2026-03-18 17:33:06,656 - INFO - Page 25: Generated visualizations - ['fused']
2026-03-18 17:33:06,858 - INFO - Page 26: Generated visualizations - ['fused']
2026-03-18 17:33:07,045 - INFO - Page 27: Generated visualizations - ['fused']
2026-03-18 17:33:07,224 - INFO - Page 28: Generated visualizations - ['fused']
2026-03-18 17:33:07,412 - INFO - Page 29: Generated visualizations - ['fused']
2026-03-18 17:33:07,593 - INFO - Page 30: Generated visualizations - ['fused']
2026-03-18 17:33:07,770 - INFO - Page 31: Generated visualizations - ['fused']
2026-03-18 17:33:07,947 - INFO - Page 32: Generated visualizations - ['fused']
2026-03-18 17:33:08,063 - INFO - Page 33: Generated visualizations - ['fused']
2026-03-18 17:33:08,072 - INFO - Committed changes to database for dokumen:848
2026-03-18 17:33:08,079 - INFO - Labeling flow completed for dokumen:848
2026-03-18 17:33:08,090 - INFO - Task 1102 labeling status updated to: completed
2026-03-18 17:33:08,098 - INFO - Task 1102 validation status updated to: in_queue
2026-03-18 17:33:13,104 - INFO - Found labeling task in queue: ID 1104
2026-03-18 17:33:13,118 - INFO - Task 1104 labeling status updated to: processing
2026-03-18 17:33:13,118 - INFO - Processing labeling task ID: 1104, Type: dokumen
2026-03-18 17:33:13,118 - INFO - Reference target: dokumen:850
2026-03-18 17:33:13,130 - INFO - PDF: /app/storage/dokumen/222117032/850/pdf/7. BAB I - Pendahuluan.pdf
2026-03-18 17:33:13,130 - INFO - Output: /app/storage/dokumen/222117032/850/extraction/7. BAB I - Pendahuluan
2026-03-18 17:33:13,131 - INFO - Images output directory: /app/storage/dokumen/222117032/850/images
2026-03-18 17:33:16,239 - INFO - Saved 9 page images to: /app/storage/dokumen/222117032/850/images
2026-03-18 17:33:16,256 - INFO - Updated dokumen_images_path: /dokumen/222117032/850/images
2026-03-18 17:33:16,257 - INFO - Delegating to MergingExtractionService...
2026-03-18 17:33:16,261 - INFO - Visual output directory: /app/storage/dokumen/222117032/850/pdf/classification
2026-03-18 17:33:16,264 - INFO - Running Docling for dokumen:850
2026-03-18 17:33:16,284 - INFO - detected formats: [<InputFormat.PDF: 'pdf'>]
2026-03-18 17:33:16,286 - INFO - Going to convert document batch...
2026-03-18 17:33:16,287 - INFO - Initializing pipeline for StandardPdfPipeline with options hash e15bc6f248154cc62f8db15ef18a8ab7
2026-03-18 17:33:16,287 - INFO - rapidocr cannot be used because onnxruntime is not installed.
2026-03-18 17:33:16,288 - INFO - easyocr cannot be used because it is not installed.
2026-03-18 17:33:16,288 - INFO - Accelerator device: 'cpu'
2026-03-18 17:33:16,754 - INFO - Auto OCR model selected rapidocr with torch.
2026-03-18 17:33:16,754 - INFO - Accelerator device: 'cpu'
2026-03-18 17:33:17,505 - INFO - Accelerator device: 'cpu'
2026-03-18 17:33:17,836 - INFO - Processing document 7. BAB I - Pendahuluan.pdf
2026-03-18 17:33:29,910 - INFO - Finished converting document 7. BAB I - Pendahuluan.pdf in 13.63 sec.
2026-03-18 17:33:29,999 - INFO - Opened PDF: /app/storage/dokumen/222117032/850/pdf/7. BAB I - Pendahuluan.pdf (9 pages)
2026-03-18 17:33:30,000 - INFO - Processing 9 pages for dokumen:850
2026-03-18 17:33:36,392 - INFO - Resolved document-level claims for dokumen:850 cleared=0 affected_pages=0
2026-03-18 17:33:36,418 - INFO - Page 1: header/footer rows total=1 mapped=1 null=0
2026-03-18 17:33:36,444 - INFO - Page 2: header/footer rows total=1 mapped=1 null=0
2026-03-18 17:33:36,471 - INFO - Page 3: header/footer rows total=1 mapped=1 null=0
2026-03-18 17:33:36,497 - INFO - Page 4: header/footer rows total=1 mapped=1 null=0
2026-03-18 17:33:36,524 - INFO - Page 5: header/footer rows total=1 mapped=1 null=0
2026-03-18 17:33:36,551 - INFO - Page 6: header/footer rows total=1 mapped=1 null=0
2026-03-18 17:33:36,578 - INFO - Page 7: header/footer rows total=1 mapped=1 null=0
2026-03-18 17:33:36,605 - INFO - Page 8: header/footer rows total=1 mapped=1 null=0
2026-03-18 17:33:36,633 - INFO - Page 9: header/footer rows total=1 mapped=1 null=0
2026-03-18 17:33:36,779 - INFO - Page 1: Generated visualizations - ['fused']
2026-03-18 17:33:36,937 - INFO - Page 2: Generated visualizations - ['fused']
2026-03-18 17:33:37,093 - INFO - Page 3: Generated visualizations - ['fused']
2026-03-18 17:33:37,246 - INFO - Page 4: Generated visualizations - ['fused']
2026-03-18 17:33:37,402 - INFO - Page 5: Generated visualizations - ['fused']
2026-03-18 17:33:37,556 - INFO - Page 6: Generated visualizations - ['fused']
2026-03-18 17:33:37,713 - INFO - Page 7: Generated visualizations - ['fused']
2026-03-18 17:33:37,866 - INFO - Page 8: Generated visualizations - ['fused']
2026-03-18 17:33:38,003 - INFO - Page 9: Generated visualizations - ['fused']
2026-03-18 17:33:38,018 - INFO - Committed changes to database for dokumen:850
2026-03-18 17:33:38,021 - INFO - Labeling flow completed for dokumen:850
2026-03-18 17:33:38,032 - INFO - Task 1104 labeling status updated to: completed
2026-03-18 17:33:38,040 - INFO - Task 1104 validation status updated to: in_queue
2026-03-18 17:33:43,047 - INFO - Found labeling task in queue: ID 1105
2026-03-18 17:33:43,062 - INFO - Task 1105 labeling status updated to: processing
2026-03-18 17:33:43,063 - INFO - Processing labeling task ID: 1105, Type: dokumen
2026-03-18 17:33:43,063 - INFO - Reference target: dokumen:851
2026-03-18 17:33:43,075 - INFO - PDF: /app/storage/dokumen/222117032/851/pdf/8. BAB II - Teori Dasar.pdf
2026-03-18 17:33:43,076 - INFO - Output: /app/storage/dokumen/222117032/851/extraction/8. BAB II - Teori Dasar
2026-03-18 17:33:43,076 - INFO - Images output directory: /app/storage/dokumen/222117032/851/images
2026-03-18 17:33:44,832 - INFO - Saved 5 page images to: /app/storage/dokumen/222117032/851/images
2026-03-18 17:33:44,842 - INFO - Updated dokumen_images_path: /dokumen/222117032/851/images
2026-03-18 17:33:44,843 - INFO - Delegating to MergingExtractionService...
2026-03-18 17:33:44,847 - INFO - Visual output directory: /app/storage/dokumen/222117032/851/pdf/classification
2026-03-18 17:33:44,850 - INFO - Running Docling for dokumen:851
2026-03-18 17:33:44,864 - INFO - detected formats: [<InputFormat.PDF: 'pdf'>]
2026-03-18 17:33:44,866 - INFO - Going to convert document batch...
2026-03-18 17:33:44,867 - INFO - Initializing pipeline for StandardPdfPipeline with options hash e15bc6f248154cc62f8db15ef18a8ab7
2026-03-18 17:33:44,867 - INFO - rapidocr cannot be used because onnxruntime is not installed.
2026-03-18 17:33:44,868 - INFO - easyocr cannot be used because it is not installed.
2026-03-18 17:33:44,868 - INFO - Accelerator device: 'cpu'
2026-03-18 17:33:45,322 - INFO - Auto OCR model selected rapidocr with torch.
2026-03-18 17:33:45,323 - INFO - Accelerator device: 'cpu'
2026-03-18 17:33:46,076 - INFO - Accelerator device: 'cpu'
2026-03-18 17:33:46,428 - INFO - Processing document 8. BAB II - Teori Dasar.pdf
2026-03-18 17:33:53,604 - INFO - Finished converting document 8. BAB II - Teori Dasar.pdf in 8.74 sec.
2026-03-18 17:33:53,689 - INFO - Opened PDF: /app/storage/dokumen/222117032/851/pdf/8. BAB II - Teori Dasar.pdf (5 pages)
2026-03-18 17:33:53,690 - INFO - Processing 5 pages for dokumen:851
2026-03-18 17:33:56,046 - INFO - Resolved document-level claims for dokumen:851 cleared=0 affected_pages=0
2026-03-18 17:33:56,073 - INFO - Page 1: header/footer rows total=1 mapped=1 null=0
2026-03-18 17:33:56,102 - INFO - Page 2: header/footer rows total=1 mapped=1 null=0
2026-03-18 17:33:56,133 - INFO - Page 3: header/footer rows total=1 mapped=1 null=0
2026-03-18 17:33:56,164 - INFO - Page 4: header/footer rows total=1 mapped=1 null=0
2026-03-18 17:33:56,193 - INFO - Page 5: header/footer rows total=1 mapped=1 null=0
2026-03-18 17:33:56,337 - INFO - Page 1: Generated visualizations - ['fused']
2026-03-18 17:33:56,499 - INFO - Page 2: Generated visualizations - ['fused']
2026-03-18 17:33:56,632 - INFO - Page 3: Generated visualizations - ['fused']
2026-03-18 17:33:56,797 - INFO - Page 4: Generated visualizations - ['fused']
2026-03-18 17:33:56,943 - INFO - Page 5: Generated visualizations - ['fused']
2026-03-18 17:33:56,958 - INFO - Committed changes to database for dokumen:851
2026-03-18 17:33:56,960 - INFO - Labeling flow completed for dokumen:851
2026-03-18 17:33:56,972 - INFO - Task 1105 labeling status updated to: completed
2026-03-18 17:33:56,980 - INFO - Task 1105 validation status updated to: in_queue
2026-03-18 17:34:01,986 - INFO - Found labeling task in queue: ID 1106
2026-03-18 17:34:02,002 - INFO - Task 1106 labeling status updated to: processing
2026-03-18 17:34:02,003 - INFO - Processing labeling task ID: 1106, Type: dokumen
2026-03-18 17:34:02,003 - INFO - Reference target: dokumen:852
2026-03-18 17:34:02,015 - INFO - PDF: /app/storage/dokumen/222117032/852/pdf/9. BAB III - Analisa dan Desain Sistem.pdf
2026-03-18 17:34:02,016 - INFO - Output: /app/storage/dokumen/222117032/852/extraction/9. BAB III - Analisa dan Desain Sistem
2026-03-18 17:34:02,016 - INFO - Images output directory: /app/storage/dokumen/222117032/852/images
2026-03-18 17:34:14,526 - INFO - Saved 33 page images to: /app/storage/dokumen/222117032/852/images
2026-03-18 17:34:14,539 - INFO - Updated dokumen_images_path: /dokumen/222117032/852/images
2026-03-18 17:34:14,539 - INFO - Delegating to MergingExtractionService...
2026-03-18 17:34:14,544 - INFO - Visual output directory: /app/storage/dokumen/222117032/852/pdf/classification
2026-03-18 17:34:14,547 - INFO - Running Docling for dokumen:852
2026-03-18 17:34:14,567 - INFO - detected formats: [<InputFormat.PDF: 'pdf'>]
2026-03-18 17:34:14,571 - INFO - Going to convert document batch...
2026-03-18 17:34:14,571 - INFO - Initializing pipeline for StandardPdfPipeline with options hash e15bc6f248154cc62f8db15ef18a8ab7
2026-03-18 17:34:14,572 - INFO - rapidocr cannot be used because onnxruntime is not installed.
2026-03-18 17:34:14,573 - INFO - easyocr cannot be used because it is not installed.
2026-03-18 17:34:14,573 - INFO - Accelerator device: 'cpu'
2026-03-18 17:34:15,291 - INFO - Auto OCR model selected rapidocr with torch.
2026-03-18 17:34:15,292 - INFO - Accelerator device: 'cpu'
2026-03-18 17:34:16,074 - INFO - Accelerator device: 'cpu'
2026-03-18 17:34:16,331 - INFO - Processing document 9. BAB III - Analisa dan Desain Sistem.pdf
2026-03-18 17:36:24,132 - INFO - Finished converting document 9. BAB III - Analisa dan Desain Sistem.pdf in 129.58 sec.
2026-03-18 17:36:24,236 - INFO - Opened PDF: /app/storage/dokumen/222117032/852/pdf/9. BAB III - Analisa dan Desain Sistem.pdf (33 pages)
2026-03-18 17:36:24,237 - INFO - Processing 33 pages for dokumen:852
2026-03-18 17:37:10,029 - INFO - Resolved document-level claims for dokumen:852 cleared=6 affected_pages=6
2026-03-18 17:37:10,055 - INFO - Page 1: header/footer rows total=1 mapped=1 null=0
2026-03-18 17:37:10,080 - INFO - Page 2: header/footer rows total=1 mapped=1 null=0
2026-03-18 17:37:10,105 - INFO - Page 3: header/footer rows total=1 mapped=1 null=0
2026-03-18 17:37:10,130 - INFO - Page 4: header/footer rows total=1 mapped=1 null=0
2026-03-18 17:37:10,155 - INFO - Page 5: header/footer rows total=1 mapped=1 null=0
2026-03-18 17:37:10,179 - INFO - Page 6: header/footer rows total=1 mapped=1 null=0
2026-03-18 17:37:10,204 - INFO - Page 7: header/footer rows total=1 mapped=1 null=0
2026-03-18 17:37:10,230 - INFO - Page 8: header/footer rows total=1 mapped=1 null=0
2026-03-18 17:37:10,256 - INFO - Page 9: header/footer rows total=1 mapped=1 null=0
2026-03-18 17:37:10,285 - INFO - Page 10: header/footer rows total=1 mapped=1 null=0
2026-03-18 17:37:10,317 - INFO - Page 11: header/footer rows total=1 mapped=1 null=0
2026-03-18 17:37:10,347 - INFO - Page 12: header/footer rows total=1 mapped=1 null=0
2026-03-18 17:37:10,377 - INFO - Page 13: header/footer rows total=1 mapped=1 null=0
2026-03-18 17:37:10,407 - INFO - Page 14: header/footer rows total=1 mapped=1 null=0
2026-03-18 17:37:10,436 - INFO - Page 15: header/footer rows total=1 mapped=1 null=0
2026-03-18 17:37:10,465 - INFO - Page 16: header/footer rows total=1 mapped=1 null=0
2026-03-18 17:37:10,491 - INFO - Page 17: header/footer rows total=1 mapped=1 null=0
2026-03-18 17:37:10,522 - INFO - Page 18: header/footer rows total=1 mapped=1 null=0
2026-03-18 17:37:10,547 - INFO - Page 19: header/footer rows total=1 mapped=1 null=0
2026-03-18 17:37:10,572 - INFO - Page 20: header/footer rows total=1 mapped=1 null=0
2026-03-18 17:37:10,596 - INFO - Page 21: header/footer rows total=1 mapped=1 null=0
2026-03-18 17:37:10,621 - INFO - Page 22: header/footer rows total=1 mapped=1 null=0
2026-03-18 17:37:10,645 - INFO - Page 23: header/footer rows total=1 mapped=1 null=0
2026-03-18 17:37:10,673 - INFO - Page 24: header/footer rows total=1 mapped=1 null=0
2026-03-18 17:37:10,700 - INFO - Page 25: header/footer rows total=1 mapped=1 null=0
2026-03-18 17:37:10,729 - INFO - Page 26: header/footer rows total=1 mapped=1 null=0
2026-03-18 17:37:10,756 - INFO - Page 27: header/footer rows total=1 mapped=1 null=0
2026-03-18 17:37:10,785 - INFO - Page 28: header/footer rows total=1 mapped=1 null=0
2026-03-18 17:37:10,812 - INFO - Page 29: header/footer rows total=1 mapped=1 null=0
2026-03-18 17:37:10,837 - INFO - Page 30: header/footer rows total=1 mapped=1 null=0
2026-03-18 17:37:10,864 - INFO - Page 31: header/footer rows total=1 mapped=1 null=0
2026-03-18 17:37:10,891 - INFO - Page 32: header/footer rows total=1 mapped=1 null=0
2026-03-18 17:37:10,919 - INFO - Page 33: header/footer rows total=1 mapped=1 null=0
2026-03-18 17:37:11,069 - INFO - Page 1: Generated visualizations - ['fused']
2026-03-18 17:37:11,246 - INFO - Page 2: Generated visualizations - ['fused']
2026-03-18 17:37:11,401 - INFO - Page 3: Generated visualizations - ['fused']
2026-03-18 17:37:11,552 - INFO - Page 4: Generated visualizations - ['fused']
2026-03-18 17:37:11,711 - INFO - Page 5: Generated visualizations - ['fused']
2026-03-18 17:37:11,862 - INFO - Page 6: Generated visualizations - ['fused']
2026-03-18 17:37:12,087 - INFO - Page 7: Generated visualizations - ['fused']
2026-03-18 17:37:12,265 - INFO - Page 8: Generated visualizations - ['fused']
2026-03-18 17:37:12,468 - INFO - Page 9: Generated visualizations - ['fused']
2026-03-18 17:37:12,666 - INFO - Page 10: Generated visualizations - ['fused']
2026-03-18 17:37:12,849 - INFO - Page 11: Generated visualizations - ['fused']
2026-03-18 17:37:13,043 - INFO - Page 12: Generated visualizations - ['fused']
2026-03-18 17:37:13,241 - INFO - Page 13: Generated visualizations - ['fused']
2026-03-18 17:37:13,482 - INFO - Page 14: Generated visualizations - ['fused']
2026-03-18 17:37:13,658 - INFO - Page 15: Generated visualizations - ['fused']
2026-03-18 17:37:13,849 - INFO - Page 16: Generated visualizations - ['fused']
2026-03-18 17:37:14,026 - INFO - Page 17: Generated visualizations - ['fused']
2026-03-18 17:37:14,185 - INFO - Page 18: Generated visualizations - ['fused']
2026-03-18 17:37:14,390 - INFO - Page 19: Generated visualizations - ['fused']
2026-03-18 17:37:14,566 - INFO - Page 20: Generated visualizations - ['fused']
2026-03-18 17:37:14,747 - INFO - Page 21: Generated visualizations - ['fused']
2026-03-18 17:37:14,914 - INFO - Page 22: Generated visualizations - ['fused']
2026-03-18 17:37:15,119 - INFO - Page 23: Generated visualizations - ['fused']
2026-03-18 17:37:15,311 - INFO - Page 24: Generated visualizations - ['fused']
2026-03-18 17:37:15,511 - INFO - Page 25: Generated visualizations - ['fused']
2026-03-18 17:37:15,670 - INFO - Page 26: Generated visualizations - ['fused']
2026-03-18 17:37:15,828 - INFO - Page 27: Generated visualizations - ['fused']
2026-03-18 17:37:15,971 - INFO - Page 28: Generated visualizations - ['fused']
2026-03-18 17:37:16,120 - INFO - Page 29: Generated visualizations - ['fused']
2026-03-18 17:37:16,286 - INFO - Page 30: Generated visualizations - ['fused']
2026-03-18 17:37:16,456 - INFO - Page 31: Generated visualizations - ['fused']
2026-03-18 17:37:16,614 - INFO - Page 32: Generated visualizations - ['fused']
2026-03-18 17:37:16,759 - INFO - Page 33: Generated visualizations - ['fused']
2026-03-18 17:37:16,773 - INFO - Committed changes to database for dokumen:852
2026-03-18 17:37:16,779 - INFO - Labeling flow completed for dokumen:852
2026-03-18 17:37:16,791 - INFO - Task 1106 labeling status updated to: completed
2026-03-18 17:37:16,800 - INFO - Task 1106 validation status updated to: in_queue
2026-03-18 17:37:21,806 - INFO - Found labeling task in queue: ID 1107
2026-03-18 17:37:21,815 - INFO - Task 1107 labeling status updated to: processing
2026-03-18 17:37:21,815 - INFO - Processing labeling task ID: 1107, Type: dokumen
2026-03-18 17:37:21,815 - INFO - Reference target: dokumen:853
2026-03-18 17:37:21,829 - INFO - PDF: /app/storage/dokumen/222117032/853/pdf/10. BAB IV - Implementasi.pdf
2026-03-18 17:37:21,829 - INFO - Output: /app/storage/dokumen/222117032/853/extraction/10. BAB IV - Implementasi
2026-03-18 17:37:21,829 - INFO - Images output directory: /app/storage/dokumen/222117032/853/images
2026-03-18 17:37:32,631 - INFO - Saved 26 page images to: /app/storage/dokumen/222117032/853/images
2026-03-18 17:37:32,644 - INFO - Updated dokumen_images_path: /dokumen/222117032/853/images
2026-03-18 17:37:32,644 - INFO - Delegating to MergingExtractionService...
2026-03-18 17:37:32,649 - INFO - Visual output directory: /app/storage/dokumen/222117032/853/pdf/classification
2026-03-18 17:37:32,652 - INFO - Running Docling for dokumen:853
2026-03-18 17:37:32,670 - INFO - detected formats: [<InputFormat.PDF: 'pdf'>]
2026-03-18 17:37:32,676 - INFO - Going to convert document batch...
2026-03-18 17:37:32,676 - INFO - Initializing pipeline for StandardPdfPipeline with options hash e15bc6f248154cc62f8db15ef18a8ab7
2026-03-18 17:37:32,677 - INFO - rapidocr cannot be used because onnxruntime is not installed.
2026-03-18 17:37:32,678 - INFO - easyocr cannot be used because it is not installed.
2026-03-18 17:37:32,678 - INFO - Accelerator device: 'cpu'
2026-03-18 17:37:33,154 - INFO - Auto OCR model selected rapidocr with torch.
2026-03-18 17:37:33,154 - INFO - Accelerator device: 'cpu'
2026-03-18 17:37:33,912 - INFO - Accelerator device: 'cpu'
2026-03-18 17:37:34,188 - INFO - Processing document 10. BAB IV - Implementasi.pdf
2026-03-18 17:38:32,236 - INFO - Finished converting document 10. BAB IV - Implementasi.pdf in 59.58 sec.
2026-03-18 17:38:32,350 - INFO - Opened PDF: /app/storage/dokumen/222117032/853/pdf/10. BAB IV - Implementasi.pdf (26 pages)
2026-03-18 17:38:32,350 - INFO - Processing 26 pages for dokumen:853
2026-03-18 17:39:10,253 - INFO - Resolved document-level claims for dokumen:853 cleared=4 affected_pages=3
2026-03-18 17:39:10,282 - INFO - Page 1: header/footer rows total=1 mapped=1 null=0
2026-03-18 17:39:10,311 - INFO - Page 2: header/footer rows total=1 mapped=1 null=0
2026-03-18 17:39:10,341 - INFO - Page 3: header/footer rows total=1 mapped=1 null=0
2026-03-18 17:39:10,378 - INFO - Page 4: header/footer rows total=1 mapped=1 null=0
2026-03-18 17:39:10,408 - INFO - Page 5: header/footer rows total=1 mapped=1 null=0
2026-03-18 17:39:10,441 - INFO - Page 6: header/footer rows total=1 mapped=1 null=0
2026-03-18 17:39:10,474 - INFO - Page 7: header/footer rows total=1 mapped=1 null=0
2026-03-18 17:39:10,516 - INFO - Page 8: header/footer rows total=1 mapped=1 null=0
2026-03-18 17:39:10,550 - INFO - Page 9: header/footer rows total=1 mapped=1 null=0
2026-03-18 17:39:10,579 - INFO - Page 10: header/footer rows total=1 mapped=1 null=0
2026-03-18 17:39:10,609 - INFO - Page 11: header/footer rows total=1 mapped=1 null=0
2026-03-18 17:39:10,644 - INFO - Page 12: header/footer rows total=1 mapped=1 null=0
2026-03-18 17:39:10,676 - INFO - Page 13: header/footer rows total=1 mapped=1 null=0
2026-03-18 17:39:10,706 - INFO - Page 14: header/footer rows total=1 mapped=1 null=0
2026-03-18 17:39:10,734 - INFO - Page 15: header/footer rows total=1 mapped=1 null=0
2026-03-18 17:39:10,763 - INFO - Page 16: header/footer rows total=1 mapped=1 null=0
2026-03-18 17:39:10,791 - INFO - Page 17: header/footer rows total=1 mapped=1 null=0
2026-03-18 17:39:10,820 - INFO - Page 18: header/footer rows total=1 mapped=1 null=0
2026-03-18 17:39:10,847 - INFO - Page 19: header/footer rows total=1 mapped=1 null=0
2026-03-18 17:39:10,874 - INFO - Page 20: header/footer rows total=1 mapped=1 null=0
2026-03-18 17:39:10,901 - INFO - Page 21: header/footer rows total=1 mapped=1 null=0
2026-03-18 17:39:10,928 - INFO - Page 22: header/footer rows total=1 mapped=1 null=0
2026-03-18 17:39:10,953 - INFO - Page 23: header/footer rows total=1 mapped=1 null=0
2026-03-18 17:39:10,986 - INFO - Page 24: header/footer rows total=1 mapped=1 null=0
2026-03-18 17:39:11,016 - INFO - Page 25: header/footer rows total=1 mapped=1 null=0
2026-03-18 17:39:11,045 - INFO - Page 26: header/footer rows total=1 mapped=1 null=0
2026-03-18 17:39:11,257 - INFO - Page 1: Generated visualizations - ['fused']
2026-03-18 17:39:11,463 - INFO - Page 2: Generated visualizations - ['fused']
2026-03-18 17:39:11,720 - INFO - Page 3: Generated visualizations - ['fused']
2026-03-18 17:39:11,915 - INFO - Page 4: Generated visualizations - ['fused']
2026-03-18 17:39:12,170 - INFO - Page 5: Generated visualizations - ['fused']
2026-03-18 17:39:12,368 - INFO - Page 6: Generated visualizations - ['fused']
2026-03-18 17:39:12,548 - INFO - Page 7: Generated visualizations - ['fused']
2026-03-18 17:39:12,747 - INFO - Page 8: Generated visualizations - ['fused']
2026-03-18 17:39:12,912 - INFO - Page 9: Generated visualizations - ['fused']
2026-03-18 17:39:13,094 - INFO - Page 10: Generated visualizations - ['fused']
2026-03-18 17:39:13,290 - INFO - Page 11: Generated visualizations - ['fused']
2026-03-18 17:39:13,487 - INFO - Page 12: Generated visualizations - ['fused']
2026-03-18 17:39:13,697 - INFO - Page 13: Generated visualizations - ['fused']
2026-03-18 17:39:13,918 - INFO - Page 14: Generated visualizations - ['fused']
2026-03-18 17:39:14,099 - INFO - Page 15: Generated visualizations - ['fused']
2026-03-18 17:39:14,297 - INFO - Page 16: Generated visualizations - ['fused']
2026-03-18 17:39:14,510 - INFO - Page 17: Generated visualizations - ['fused']
2026-03-18 17:39:14,715 - INFO - Page 18: Generated visualizations - ['fused']
2026-03-18 17:39:14,922 - INFO - Page 19: Generated visualizations - ['fused']
2026-03-18 17:39:15,146 - INFO - Page 20: Generated visualizations - ['fused']
2026-03-18 17:39:15,334 - INFO - Page 21: Generated visualizations - ['fused']
2026-03-18 17:39:15,491 - INFO - Page 22: Generated visualizations - ['fused']
2026-03-18 17:39:15,683 - INFO - Page 23: Generated visualizations - ['fused']
2026-03-18 17:39:15,859 - INFO - Page 24: Generated visualizations - ['fused']
2026-03-18 17:39:16,044 - INFO - Page 25: Generated visualizations - ['fused']
2026-03-18 17:39:16,167 - INFO - Page 26: Generated visualizations - ['fused']
2026-03-18 17:39:16,180 - INFO - Committed changes to database for dokumen:853
2026-03-18 17:39:16,185 - INFO - Labeling flow completed for dokumen:853
2026-03-18 17:39:16,197 - INFO - Task 1107 labeling status updated to: completed
2026-03-18 17:39:16,204 - INFO - Task 1107 validation status updated to: in_queue
2026-03-18 17:39:21,210 - INFO - Found labeling task in queue: ID 1103
2026-03-18 17:39:21,227 - INFO - Task 1103 labeling status updated to: processing
2026-03-18 17:39:21,227 - INFO - Processing labeling task ID: 1103, Type: dokumen
2026-03-18 17:39:21,227 - INFO - Reference target: dokumen:849
2026-03-18 17:39:21,240 - INFO - PDF: /app/storage/dokumen/222117032/849/pdf/14. Bab 5 Uji Coba.pdf
2026-03-18 17:39:21,241 - INFO - Output: /app/storage/dokumen/222117032/849/extraction/14. Bab 5 Uji Coba
2026-03-18 17:39:21,241 - INFO - Images output directory: /app/storage/dokumen/222117032/849/images
2026-03-18 17:39:23,379 - INFO - Saved 6 page images to: /app/storage/dokumen/222117032/849/images
2026-03-18 17:39:23,397 - INFO - Updated dokumen_images_path: /dokumen/222117032/849/images
2026-03-18 17:39:23,398 - INFO - Delegating to MergingExtractionService...
2026-03-18 17:39:23,402 - INFO - Visual output directory: /app/storage/dokumen/222117032/849/pdf/classification
2026-03-18 17:39:23,405 - INFO - Running Docling for dokumen:849
2026-03-18 17:39:23,420 - INFO - detected formats: [<InputFormat.PDF: 'pdf'>]
2026-03-18 17:39:23,423 - INFO - Going to convert document batch...
2026-03-18 17:39:23,424 - INFO - Initializing pipeline for StandardPdfPipeline with options hash e15bc6f248154cc62f8db15ef18a8ab7
2026-03-18 17:39:23,424 - INFO - rapidocr cannot be used because onnxruntime is not installed.
2026-03-18 17:39:23,425 - INFO - easyocr cannot be used because it is not installed.
2026-03-18 17:39:23,426 - INFO - Accelerator device: 'cpu'
2026-03-18 17:39:23,888 - INFO - Auto OCR model selected rapidocr with torch.
2026-03-18 17:39:23,888 - INFO - Accelerator device: 'cpu'
2026-03-18 17:39:24,722 - INFO - Accelerator device: 'cpu'
2026-03-18 17:39:24,998 - INFO - Processing document 14. Bab 5 Uji Coba.pdf
2026-03-18 17:39:46,732 - INFO - Finished converting document 14. Bab 5 Uji Coba.pdf in 23.32 sec.
2026-03-18 17:39:46,810 - INFO - Opened PDF: /app/storage/dokumen/222117032/849/pdf/14. Bab 5 Uji Coba.pdf (6 pages)
2026-03-18 17:39:46,811 - INFO - Processing 6 pages for dokumen:849
2026-03-18 17:39:52,709 - INFO - Resolved document-level claims for dokumen:849 cleared=0 affected_pages=0
2026-03-18 17:39:52,894 - INFO - Page 1: Generated visualizations - ['fused']
2026-03-18 17:39:53,039 - INFO - Page 2: Generated visualizations - ['fused']
2026-03-18 17:39:53,199 - INFO - Page 3: Generated visualizations - ['fused']
2026-03-18 17:39:53,373 - INFO - Page 4: Generated visualizations - ['fused']
2026-03-18 17:39:53,542 - INFO - Page 5: Generated visualizations - ['fused']
2026-03-18 17:39:53,696 - INFO - Page 6: Generated visualizations - ['fused']
2026-03-18 17:39:53,714 - INFO - Committed changes to database for dokumen:849
2026-03-18 17:39:53,716 - INFO - Labeling flow completed for dokumen:849
2026-03-18 17:39:53,727 - INFO - Task 1103 labeling status updated to: completed
2026-03-18 17:39:53,735 - INFO - Task 1103 validation status updated to: in_queue
2026-03-18 17:39:58,741 - INFO - Found labeling task in queue: ID 1108
2026-03-18 17:39:58,750 - INFO - Task 1108 labeling status updated to: processing
2026-03-18 17:39:58,750 - INFO - Processing labeling task ID: 1108, Type: dokumen
2026-03-18 17:39:58,750 - INFO - Reference target: dokumen:854
2026-03-18 17:39:58,763 - INFO - PDF: /app/storage/dokumen/222117032/854/pdf/11. BAB V - Uji Coba.pdf
2026-03-18 17:39:58,763 - INFO - Output: /app/storage/dokumen/222117032/854/extraction/11. BAB V - Uji Coba
2026-03-18 17:39:58,763 - INFO - Images output directory: /app/storage/dokumen/222117032/854/images
2026-03-18 17:40:02,558 - INFO - Saved 10 page images to: /app/storage/dokumen/222117032/854/images
2026-03-18 17:40:02,579 - INFO - Updated dokumen_images_path: /dokumen/222117032/854/images
2026-03-18 17:40:02,579 - INFO - Delegating to MergingExtractionService...
2026-03-18 17:40:02,584 - INFO - Visual output directory: /app/storage/dokumen/222117032/854/pdf/classification
2026-03-18 17:40:02,587 - INFO - Running Docling for dokumen:854
2026-03-18 17:40:02,602 - INFO - detected formats: [<InputFormat.PDF: 'pdf'>]
2026-03-18 17:40:02,605 - INFO - Going to convert document batch...
2026-03-18 17:40:02,605 - INFO - Initializing pipeline for StandardPdfPipeline with options hash e15bc6f248154cc62f8db15ef18a8ab7
2026-03-18 17:40:02,606 - INFO - rapidocr cannot be used because onnxruntime is not installed.
2026-03-18 17:40:02,607 - INFO - easyocr cannot be used because it is not installed.
2026-03-18 17:40:02,607 - INFO - Accelerator device: 'cpu'
2026-03-18 17:40:03,143 - INFO - Auto OCR model selected rapidocr with torch.
2026-03-18 17:40:03,144 - INFO - Accelerator device: 'cpu'
2026-03-18 17:40:03,930 - INFO - Accelerator device: 'cpu'
2026-03-18 17:40:04,178 - INFO - Processing document 11. BAB V - Uji Coba.pdf
2026-03-18 17:40:36,353 - INFO - Finished converting document 11. BAB V - Uji Coba.pdf in 33.76 sec.
2026-03-18 17:40:36,438 - INFO - Opened PDF: /app/storage/dokumen/222117032/854/pdf/11. BAB V - Uji Coba.pdf (10 pages)
2026-03-18 17:40:36,438 - INFO - Processing 10 pages for dokumen:854
2026-03-18 17:40:44,378 - INFO - Resolved document-level claims for dokumen:854 cleared=1 affected_pages=1
2026-03-18 17:40:44,404 - INFO - Page 1: header/footer rows total=1 mapped=1 null=0
2026-03-18 17:40:44,431 - INFO - Page 2: header/footer rows total=1 mapped=1 null=0
2026-03-18 17:40:44,459 - INFO - Page 3: header/footer rows total=1 mapped=1 null=0
2026-03-18 17:40:44,485 - INFO - Page 4: header/footer rows total=1 mapped=1 null=0
2026-03-18 17:40:44,512 - INFO - Page 5: header/footer rows total=1 mapped=1 null=0
2026-03-18 17:40:44,538 - INFO - Page 6: header/footer rows total=1 mapped=1 null=0
2026-03-18 17:40:44,563 - INFO - Page 7: header/footer rows total=1 mapped=1 null=0
2026-03-18 17:40:44,590 - INFO - Page 8: header/footer rows total=1 mapped=1 null=0
2026-03-18 17:40:44,616 - INFO - Page 9: header/footer rows total=1 mapped=1 null=0
2026-03-18 17:40:44,644 - INFO - Page 10: header/footer rows total=1 mapped=1 null=0
2026-03-18 17:40:44,797 - INFO - Page 1: Generated visualizations - ['fused']
2026-03-18 17:40:44,992 - INFO - Page 2: Generated visualizations - ['fused']
2026-03-18 17:40:45,144 - INFO - Page 3: Generated visualizations - ['fused']
2026-03-18 17:40:45,322 - INFO - Page 4: Generated visualizations - ['fused']
2026-03-18 17:40:45,474 - INFO - Page 5: Generated visualizations - ['fused']
2026-03-18 17:40:45,641 - INFO - Page 6: Generated visualizations - ['fused']
2026-03-18 17:40:45,791 - INFO - Page 7: Generated visualizations - ['fused']
2026-03-18 17:40:45,943 - INFO - Page 8: Generated visualizations - ['fused']
2026-03-18 17:40:46,088 - INFO - Page 9: Generated visualizations - ['fused']
2026-03-18 17:40:46,207 - INFO - Page 10: Generated visualizations - ['fused']
2026-03-18 17:40:46,220 - INFO - Committed changes to database for dokumen:854
2026-03-18 17:40:46,222 - INFO - Labeling flow completed for dokumen:854
2026-03-18 17:40:46,233 - INFO - Task 1108 labeling status updated to: completed
2026-03-18 17:40:46,240 - INFO - Task 1108 validation status updated to: in_queue
2026-03-18 17:40:51,247 - INFO - Found labeling task in queue: ID 1109
2026-03-18 17:40:51,263 - INFO - Task 1109 labeling status updated to: processing
2026-03-18 17:40:51,263 - INFO - Processing labeling task ID: 1109, Type: dokumen
2026-03-18 17:40:51,263 - INFO - Reference target: dokumen:855
2026-03-18 17:40:51,275 - INFO - PDF: /app/storage/dokumen/222117032/855/pdf/12. BAB VI - Penutup.pdf
2026-03-18 17:40:51,276 - INFO - Output: /app/storage/dokumen/222117032/855/extraction/12. BAB VI - Penutup
2026-03-18 17:40:51,276 - INFO - Images output directory: /app/storage/dokumen/222117032/855/images
2026-03-18 17:40:52,077 - INFO - Saved 2 page images to: /app/storage/dokumen/222117032/855/images
2026-03-18 17:40:52,087 - INFO - Updated dokumen_images_path: /dokumen/222117032/855/images
2026-03-18 17:40:52,087 - INFO - Delegating to MergingExtractionService...
2026-03-18 17:40:52,092 - INFO - Visual output directory: /app/storage/dokumen/222117032/855/pdf/classification
2026-03-18 17:40:52,095 - INFO - Running Docling for dokumen:855
2026-03-18 17:40:52,108 - INFO - detected formats: [<InputFormat.PDF: 'pdf'>]
2026-03-18 17:40:52,110 - INFO - Going to convert document batch...
2026-03-18 17:40:52,110 - INFO - Initializing pipeline for StandardPdfPipeline with options hash e15bc6f248154cc62f8db15ef18a8ab7
2026-03-18 17:40:52,111 - INFO - rapidocr cannot be used because onnxruntime is not installed.
2026-03-18 17:40:52,112 - INFO - easyocr cannot be used because it is not installed.
2026-03-18 17:40:52,112 - INFO - Accelerator device: 'cpu'
2026-03-18 17:40:52,603 - INFO - Auto OCR model selected rapidocr with torch.
2026-03-18 17:40:52,603 - INFO - Accelerator device: 'cpu'
2026-03-18 17:40:53,363 - INFO - Accelerator device: 'cpu'
2026-03-18 17:40:53,614 - INFO - Processing document 12. BAB VI - Penutup.pdf
2026-03-18 17:40:56,002 - INFO - Finished converting document 12. BAB VI - Penutup.pdf in 3.90 sec.
2026-03-18 17:40:56,076 - INFO - Opened PDF: /app/storage/dokumen/222117032/855/pdf/12. BAB VI - Penutup.pdf (2 pages)
2026-03-18 17:40:56,076 - INFO - Processing 2 pages for dokumen:855
2026-03-18 17:40:56,946 - INFO - Resolved document-level claims for dokumen:855 cleared=0 affected_pages=0
2026-03-18 17:40:56,975 - INFO - Page 1: header/footer rows total=1 mapped=1 null=0
2026-03-18 17:40:57,005 - INFO - Page 2: header/footer rows total=1 mapped=1 null=0
2026-03-18 17:40:57,142 - INFO - Page 1: Generated visualizations - ['fused']
2026-03-18 17:40:57,278 - INFO - Page 2: Generated visualizations - ['fused']
2026-03-18 17:40:57,296 - INFO - Committed changes to database for dokumen:855
2026-03-18 17:40:57,298 - INFO - Labeling flow completed for dokumen:855
2026-03-18 17:40:57,309 - INFO - Task 1109 labeling status updated to: completed
2026-03-18 17:40:57,318 - INFO - Task 1109 validation status updated to: in_queue
2026-03-18 17:41:02,324 - INFO - Found labeling task in queue: ID 1110
2026-03-18 17:41:02,340 - INFO - Task 1110 labeling status updated to: processing
2026-03-18 17:41:02,340 - INFO - Processing labeling task ID: 1110, Type: dokumen
2026-03-18 17:41:02,340 - INFO - Reference target: dokumen:856
2026-03-18 17:41:02,354 - INFO - PDF: /app/storage/dokumen/222117032/856/pdf/BAB I.pdf
2026-03-18 17:41:02,354 - INFO - Output: /app/storage/dokumen/222117032/856/extraction/BAB I
2026-03-18 17:41:02,354 - INFO - Images output directory: /app/storage/dokumen/222117032/856/images
2026-03-18 17:41:03,939 - INFO - Saved 5 page images to: /app/storage/dokumen/222117032/856/images
2026-03-18 17:41:03,950 - INFO - Updated dokumen_images_path: /dokumen/222117032/856/images
2026-03-18 17:41:03,950 - INFO - Delegating to MergingExtractionService...
2026-03-18 17:41:03,955 - INFO - Visual output directory: /app/storage/dokumen/222117032/856/pdf/classification
2026-03-18 17:41:03,957 - INFO - Running Docling for dokumen:856
2026-03-18 17:41:03,972 - INFO - detected formats: [<InputFormat.PDF: 'pdf'>]
2026-03-18 17:41:03,973 - INFO - Going to convert document batch...
2026-03-18 17:41:03,974 - INFO - Initializing pipeline for StandardPdfPipeline with options hash e15bc6f248154cc62f8db15ef18a8ab7
2026-03-18 17:41:03,974 - INFO - rapidocr cannot be used because onnxruntime is not installed.
2026-03-18 17:41:03,975 - INFO - easyocr cannot be used because it is not installed.
2026-03-18 17:41:03,975 - INFO - Accelerator device: 'cpu'
2026-03-18 17:41:04,664 - INFO - Auto OCR model selected rapidocr with torch.
2026-03-18 17:41:04,664 - INFO - Accelerator device: 'cpu'
2026-03-18 17:41:05,429 - INFO - Accelerator device: 'cpu'
2026-03-18 17:41:05,679 - INFO - Processing document BAB I.pdf
2026-03-18 17:41:13,469 - INFO - Finished converting document BAB I.pdf in 9.50 sec.
2026-03-18 17:41:13,543 - INFO - Opened PDF: /app/storage/dokumen/222117032/856/pdf/BAB I.pdf (5 pages)
2026-03-18 17:41:13,544 - INFO - Processing 5 pages for dokumen:856
2026-03-18 17:41:15,737 - INFO - Resolved document-level claims for dokumen:856 cleared=0 affected_pages=0
2026-03-18 17:41:15,762 - INFO - Page 1: header/footer rows total=1 mapped=1 null=0
2026-03-18 17:41:15,788 - INFO - Page 2: header/footer rows total=1 mapped=1 null=0
2026-03-18 17:41:15,814 - INFO - Page 3: header/footer rows total=1 mapped=1 null=0
2026-03-18 17:41:15,846 - INFO - Page 4: header/footer rows total=1 mapped=1 null=0
2026-03-18 17:41:15,871 - INFO - Page 5: header/footer rows total=1 mapped=1 null=0
2026-03-18 17:41:16,008 - INFO - Page 1: Generated visualizations - ['fused']
2026-03-18 17:41:16,151 - INFO - Page 2: Generated visualizations - ['fused']
2026-03-18 17:41:16,327 - INFO - Page 3: Generated visualizations - ['fused']
2026-03-18 17:41:16,483 - INFO - Page 4: Generated visualizations - ['fused']
2026-03-18 17:41:16,601 - INFO - Page 5: Generated visualizations - ['fused']
2026-03-18 17:41:16,611 - INFO - Committed changes to database for dokumen:856
2026-03-18 17:41:16,613 - INFO - Labeling flow completed for dokumen:856
2026-03-18 17:41:16,625 - INFO - Task 1110 labeling status updated to: completed
2026-03-18 17:41:16,633 - INFO - Task 1110 validation status updated to: in_queue
2026-03-18 17:41:21,639 - INFO - Found labeling task in queue: ID 1111
2026-03-18 17:41:21,655 - INFO - Task 1111 labeling status updated to: processing
2026-03-18 17:41:21,655 - INFO - Processing labeling task ID: 1111, Type: dokumen
2026-03-18 17:41:21,656 - INFO - Reference target: dokumen:857
2026-03-18 17:41:21,668 - INFO - PDF: /app/storage/dokumen/222117032/857/pdf/BAB II.pdf
2026-03-18 17:41:21,668 - INFO - Output: /app/storage/dokumen/222117032/857/extraction/BAB II
2026-03-18 17:41:21,669 - INFO - Images output directory: /app/storage/dokumen/222117032/857/images
2026-03-18 17:41:29,748 - INFO - Saved 24 page images to: /app/storage/dokumen/222117032/857/images
2026-03-18 17:41:29,767 - INFO - Updated dokumen_images_path: /dokumen/222117032/857/images
2026-03-18 17:41:29,767 - INFO - Delegating to MergingExtractionService...
2026-03-18 17:41:29,772 - INFO - Visual output directory: /app/storage/dokumen/222117032/857/pdf/classification
2026-03-18 17:41:29,775 - INFO - Running Docling for dokumen:857
2026-03-18 17:41:29,791 - INFO - detected formats: [<InputFormat.PDF: 'pdf'>]
2026-03-18 17:41:29,794 - INFO - Going to convert document batch...
2026-03-18 17:41:29,794 - INFO - Initializing pipeline for StandardPdfPipeline with options hash e15bc6f248154cc62f8db15ef18a8ab7
2026-03-18 17:41:29,795 - INFO - rapidocr cannot be used because onnxruntime is not installed.
2026-03-18 17:41:29,796 - INFO - easyocr cannot be used because it is not installed.
2026-03-18 17:41:29,796 - INFO - Accelerator device: 'cpu'
2026-03-18 17:41:30,358 - INFO - Auto OCR model selected rapidocr with torch.
2026-03-18 17:41:30,359 - INFO - Accelerator device: 'cpu'
2026-03-18 17:41:31,145 - INFO - Accelerator device: 'cpu'
2026-03-18 17:41:31,394 - INFO - Processing document BAB II.pdf
2026-03-18 17:41:36,214 - WARNING - RapidOCR returned empty result!
2026-03-18 17:42:19,676 - INFO - Finished converting document BAB II.pdf in 49.90 sec.
2026-03-18 17:42:19,766 - INFO - Opened PDF: /app/storage/dokumen/222117032/857/pdf/BAB II.pdf (24 pages)
2026-03-18 17:42:19,766 - INFO - Processing 24 pages for dokumen:857
2026-03-18 17:42:57,379 - INFO - Resolved document-level claims for dokumen:857 cleared=1 affected_pages=1
2026-03-18 17:42:57,407 - INFO - Page 1: header/footer rows total=1 mapped=1 null=0
2026-03-18 17:42:57,434 - INFO - Page 2: header/footer rows total=1 mapped=1 null=0
2026-03-18 17:42:57,463 - INFO - Page 3: header/footer rows total=1 mapped=1 null=0
2026-03-18 17:42:57,490 - INFO - Page 4: header/footer rows total=1 mapped=1 null=0
2026-03-18 17:42:57,517 - INFO - Page 5: header/footer rows total=1 mapped=1 null=0
2026-03-18 17:42:57,545 - INFO - Page 6: header/footer rows total=1 mapped=1 null=0
2026-03-18 17:42:57,575 - INFO - Page 7: header/footer rows total=1 mapped=1 null=0
2026-03-18 17:42:57,602 - INFO - Page 8: header/footer rows total=1 mapped=1 null=0
2026-03-18 17:42:57,630 - INFO - Page 9: header/footer rows total=1 mapped=1 null=0
2026-03-18 17:42:57,657 - INFO - Page 10: header/footer rows total=1 mapped=1 null=0
2026-03-18 17:42:57,684 - INFO - Page 11: header/footer rows total=1 mapped=1 null=0
2026-03-18 17:42:57,712 - INFO - Page 12: header/footer rows total=1 mapped=1 null=0
2026-03-18 17:42:57,740 - INFO - Page 13: header/footer rows total=1 mapped=1 null=0
2026-03-18 17:42:57,767 - INFO - Page 14: header/footer rows total=1 mapped=1 null=0
2026-03-18 17:42:57,794 - INFO - Page 15: header/footer rows total=1 mapped=1 null=0
2026-03-18 17:42:57,822 - INFO - Page 16: header/footer rows total=1 mapped=1 null=0
2026-03-18 17:42:57,847 - INFO - Page 17: header/footer rows total=1 mapped=1 null=0
2026-03-18 17:42:57,873 - INFO - Page 18: header/footer rows total=1 mapped=1 null=0
2026-03-18 17:42:57,898 - INFO - Page 19: header/footer rows total=1 mapped=1 null=0
2026-03-18 17:42:57,924 - INFO - Page 20: header/footer rows total=1 mapped=1 null=0
2026-03-18 17:42:57,950 - INFO - Page 21: header/footer rows total=1 mapped=1 null=0
2026-03-18 17:42:57,975 - INFO - Page 22: header/footer rows total=1 mapped=1 null=0
2026-03-18 17:42:58,001 - INFO - Page 23: header/footer rows total=1 mapped=1 null=0
2026-03-18 17:42:58,027 - INFO - Page 24: header/footer rows total=1 mapped=1 null=0
2026-03-18 17:42:58,172 - INFO - Page 1: Generated visualizations - ['fused']
2026-03-18 17:42:58,340 - INFO - Page 2: Generated visualizations - ['fused']
2026-03-18 17:42:58,503 - INFO - Page 3: Generated visualizations - ['fused']
2026-03-18 17:42:58,665 - INFO - Page 4: Generated visualizations - ['fused']
2026-03-18 17:42:58,823 - INFO - Page 5: Generated visualizations - ['fused']
2026-03-18 17:42:58,968 - INFO - Page 6: Generated visualizations - ['fused']
2026-03-18 17:42:59,145 - INFO - Page 7: Generated visualizations - ['fused']
2026-03-18 17:42:59,321 - INFO - Page 8: Generated visualizations - ['fused']
2026-03-18 17:42:59,538 - INFO - Page 9: Generated visualizations - ['fused']
2026-03-18 17:42:59,723 - INFO - Page 10: Generated visualizations - ['fused']
2026-03-18 17:42:59,921 - INFO - Page 11: Generated visualizations - ['fused']
2026-03-18 17:43:00,131 - INFO - Page 12: Generated visualizations - ['fused']
2026-03-18 17:43:00,322 - INFO - Page 13: Generated visualizations - ['fused']
2026-03-18 17:43:00,469 - INFO - Page 14: Generated visualizations - ['fused']
2026-03-18 17:43:00,626 - INFO - Page 15: Generated visualizations - ['fused']
2026-03-18 17:43:00,773 - INFO - Page 16: Generated visualizations - ['fused']
2026-03-18 17:43:00,937 - INFO - Page 17: Generated visualizations - ['fused']
2026-03-18 17:43:01,105 - INFO - Page 18: Generated visualizations - ['fused']
2026-03-18 17:43:01,285 - INFO - Page 19: Generated visualizations - ['fused']
2026-03-18 17:43:01,444 - INFO - Page 20: Generated visualizations - ['fused']
2026-03-18 17:43:01,590 - INFO - Page 21: Generated visualizations - ['fused']
2026-03-18 17:43:01,760 - INFO - Page 22: Generated visualizations - ['fused']
2026-03-18 17:43:01,941 - INFO - Page 23: Generated visualizations - ['fused']
2026-03-18 17:43:02,102 - INFO - Page 24: Generated visualizations - ['fused']
2026-03-18 17:43:02,122 - INFO - Committed changes to database for dokumen:857
2026-03-18 17:43:02,127 - INFO - Labeling flow completed for dokumen:857
2026-03-18 17:43:02,141 - INFO - Task 1111 labeling status updated to: completed
2026-03-18 17:43:02,150 - INFO - Task 1111 validation status updated to: in_queue
2026-03-18 17:43:07,155 - INFO - Found labeling task in queue: ID 1112
2026-03-18 17:43:07,170 - INFO - Task 1112 labeling status updated to: processing
2026-03-18 17:43:07,170 - INFO - Processing labeling task ID: 1112, Type: dokumen
2026-03-18 17:43:07,171 - INFO - Reference target: dokumen:858
2026-03-18 17:43:07,183 - INFO - PDF: /app/storage/dokumen/222117032/858/pdf/BAB III.pdf
2026-03-18 17:43:07,183 - INFO - Output: /app/storage/dokumen/222117032/858/extraction/BAB III
2026-03-18 17:43:07,184 - INFO - Images output directory: /app/storage/dokumen/222117032/858/images
2026-03-18 17:43:14,681 - INFO - Saved 20 page images to: /app/storage/dokumen/222117032/858/images
2026-03-18 17:43:14,703 - INFO - Updated dokumen_images_path: /dokumen/222117032/858/images
2026-03-18 17:43:14,703 - INFO - Delegating to MergingExtractionService...
2026-03-18 17:43:14,708 - INFO - Visual output directory: /app/storage/dokumen/222117032/858/pdf/classification
2026-03-18 17:43:14,712 - INFO - Running Docling for dokumen:858
2026-03-18 17:43:14,730 - INFO - detected formats: [<InputFormat.PDF: 'pdf'>]
2026-03-18 17:43:14,733 - INFO - Going to convert document batch...
2026-03-18 17:43:14,733 - INFO - Initializing pipeline for StandardPdfPipeline with options hash e15bc6f248154cc62f8db15ef18a8ab7
2026-03-18 17:43:14,734 - INFO - rapidocr cannot be used because onnxruntime is not installed.
2026-03-18 17:43:14,735 - INFO - easyocr cannot be used because it is not installed.
2026-03-18 17:43:14,735 - INFO - Accelerator device: 'cpu'
2026-03-18 17:43:15,212 - INFO - Auto OCR model selected rapidocr with torch.
2026-03-18 17:43:15,212 - INFO - Accelerator device: 'cpu'
2026-03-18 17:43:15,971 - INFO - Accelerator device: 'cpu'
2026-03-18 17:43:16,237 - INFO - Processing document BAB III.pdf
2026-03-18 17:44:24,987 - INFO - Finished converting document BAB III.pdf in 70.27 sec.
2026-03-18 17:44:25,098 - INFO - Opened PDF: /app/storage/dokumen/222117032/858/pdf/BAB III.pdf (20 pages)
2026-03-18 17:44:25,099 - INFO - Processing 20 pages for dokumen:858
2026-03-18 17:45:02,419 - INFO - Resolved document-level claims for dokumen:858 cleared=0 affected_pages=0
2026-03-18 17:45:02,447 - INFO - Page 1: header/footer rows total=1 mapped=1 null=0
2026-03-18 17:45:02,476 - INFO - Page 2: header/footer rows total=1 mapped=1 null=0
2026-03-18 17:45:02,504 - INFO - Page 3: header/footer rows total=1 mapped=1 null=0
2026-03-18 17:45:02,533 - INFO - Page 4: header/footer rows total=1 mapped=1 null=0
2026-03-18 17:45:02,564 - INFO - Page 5: header/footer rows total=1 mapped=1 null=0
2026-03-18 17:45:02,592 - INFO - Page 6: header/footer rows total=1 mapped=1 null=0
2026-03-18 17:45:02,620 - INFO - Page 7: header/footer rows total=1 mapped=1 null=0
2026-03-18 17:45:02,648 - INFO - Page 8: header/footer rows total=1 mapped=1 null=0
2026-03-18 17:45:02,677 - INFO - Page 9: header/footer rows total=1 mapped=1 null=0
2026-03-18 17:45:02,706 - INFO - Page 10: header/footer rows total=1 mapped=1 null=0
2026-03-18 17:45:02,734 - INFO - Page 11: header/footer rows total=1 mapped=1 null=0
2026-03-18 17:45:02,763 - INFO - Page 12: header/footer rows total=1 mapped=1 null=0
2026-03-18 17:45:02,790 - INFO - Page 13: header/footer rows total=1 mapped=1 null=0
2026-03-18 17:45:02,819 - INFO - Page 14: header/footer rows total=1 mapped=1 null=0
2026-03-18 17:45:02,848 - INFO - Page 15: header/footer rows total=1 mapped=1 null=0
2026-03-18 17:45:02,879 - INFO - Page 16: header/footer rows total=1 mapped=1 null=0
2026-03-18 17:45:02,909 - INFO - Page 17: header/footer rows total=1 mapped=1 null=0
2026-03-18 17:45:02,940 - INFO - Page 18: header/footer rows total=1 mapped=1 null=0
2026-03-18 17:45:02,969 - INFO - Page 19: header/footer rows total=1 mapped=1 null=0
2026-03-18 17:45:02,997 - INFO - Page 20: header/footer rows total=1 mapped=1 null=0
2026-03-18 17:45:03,143 - INFO - Page 1: Generated visualizations - ['fused']
2026-03-18 17:45:03,298 - INFO - Page 2: Generated visualizations - ['fused']
2026-03-18 17:45:03,451 - INFO - Page 3: Generated visualizations - ['fused']
2026-03-18 17:45:03,616 - INFO - Page 4: Generated visualizations - ['fused']
2026-03-18 17:45:03,776 - INFO - Page 5: Generated visualizations - ['fused']
2026-03-18 17:45:03,929 - INFO - Page 6: Generated visualizations - ['fused']
2026-03-18 17:45:04,073 - INFO - Page 7: Generated visualizations - ['fused']
2026-03-18 17:45:04,238 - INFO - Page 8: Generated visualizations - ['fused']
2026-03-18 17:45:04,414 - INFO - Page 9: Generated visualizations - ['fused']
2026-03-18 17:45:04,594 - INFO - Page 10: Generated visualizations - ['fused']
2026-03-18 17:45:04,787 - INFO - Page 11: Generated visualizations - ['fused']
2026-03-18 17:45:04,990 - INFO - Page 12: Generated visualizations - ['fused']
2026-03-18 17:45:05,159 - INFO - Page 13: Generated visualizations - ['fused']
2026-03-18 17:45:05,323 - INFO - Page 14: Generated visualizations - ['fused']
2026-03-18 17:45:05,493 - INFO - Page 15: Generated visualizations - ['fused']
2026-03-18 17:45:05,662 - INFO - Page 16: Generated visualizations - ['fused']
2026-03-18 17:45:05,818 - INFO - Page 17: Generated visualizations - ['fused']
2026-03-18 17:45:05,971 - INFO - Page 18: Generated visualizations - ['fused']
2026-03-18 17:45:06,136 - INFO - Page 19: Generated visualizations - ['fused']
2026-03-18 17:45:06,289 - INFO - Page 20: Generated visualizations - ['fused']
2026-03-18 17:45:06,306 - INFO - Committed changes to database for dokumen:858
2026-03-18 17:45:06,310 - INFO - Labeling flow completed for dokumen:858
2026-03-18 17:45:06,321 - INFO - Task 1112 labeling status updated to: completed
2026-03-18 17:45:06,329 - INFO - Task 1112 validation status updated to: in_queue
2026-03-18 17:45:11,335 - INFO - Found labeling task in queue: ID 1113
2026-03-18 17:45:11,344 - INFO - Task 1113 labeling status updated to: processing
2026-03-18 17:45:11,344 - INFO - Processing labeling task ID: 1113, Type: dokumen
2026-03-18 17:45:11,344 - INFO - Reference target: dokumen:859
2026-03-18 17:45:11,357 - INFO - PDF: /app/storage/dokumen/222117032/859/pdf/BAB IV.pdf
2026-03-18 17:45:11,357 - INFO - Output: /app/storage/dokumen/222117032/859/extraction/BAB IV
2026-03-18 17:45:11,358 - INFO - Images output directory: /app/storage/dokumen/222117032/859/images
2026-03-18 17:45:22,919 - INFO - Saved 31 page images to: /app/storage/dokumen/222117032/859/images
2026-03-18 17:45:22,937 - INFO - Updated dokumen_images_path: /dokumen/222117032/859/images
2026-03-18 17:45:22,937 - INFO - Delegating to MergingExtractionService...
2026-03-18 17:45:22,942 - INFO - Visual output directory: /app/storage/dokumen/222117032/859/pdf/classification
2026-03-18 17:45:22,945 - INFO - Running Docling for dokumen:859
2026-03-18 17:45:22,961 - INFO - detected formats: [<InputFormat.PDF: 'pdf'>]
2026-03-18 17:45:22,963 - INFO - Going to convert document batch...
2026-03-18 17:45:22,964 - INFO - Initializing pipeline for StandardPdfPipeline with options hash e15bc6f248154cc62f8db15ef18a8ab7
2026-03-18 17:45:22,965 - INFO - rapidocr cannot be used because onnxruntime is not installed.
2026-03-18 17:45:22,965 - INFO - easyocr cannot be used because it is not installed.
2026-03-18 17:45:22,966 - INFO - Accelerator device: 'cpu'
2026-03-18 17:45:23,436 - INFO - Auto OCR model selected rapidocr with torch.
2026-03-18 17:45:23,437 - INFO - Accelerator device: 'cpu'
2026-03-18 17:45:24,173 - INFO - Accelerator device: 'cpu'
2026-03-18 17:45:24,456 - INFO - Processing document BAB IV.pdf
2026-03-18 17:45:38,185 - WARNING - RapidOCR returned empty result!
2026-03-18 17:46:17,118 - INFO - Finished converting document BAB IV.pdf in 54.17 sec.
2026-03-18 17:46:17,223 - INFO - Opened PDF: /app/storage/dokumen/222117032/859/pdf/BAB IV.pdf (31 pages)
2026-03-18 17:46:17,223 - INFO - Processing 31 pages for dokumen:859
2026-03-18 17:47:10,066 - INFO - Resolved document-level claims for dokumen:859 cleared=0 affected_pages=0
2026-03-18 17:47:10,097 - INFO - Page 1: header/footer rows total=1 mapped=1 null=0
2026-03-18 17:47:10,126 - INFO - Page 2: header/footer rows total=1 mapped=1 null=0
2026-03-18 17:47:10,154 - INFO - Page 3: header/footer rows total=1 mapped=1 null=0
2026-03-18 17:47:10,182 - INFO - Page 4: header/footer rows total=1 mapped=1 null=0
2026-03-18 17:47:10,211 - INFO - Page 5: header/footer rows total=1 mapped=1 null=0
2026-03-18 17:47:10,241 - INFO - Page 6: header/footer rows total=1 mapped=1 null=0
2026-03-18 17:47:10,271 - INFO - Page 7: header/footer rows total=1 mapped=1 null=0
2026-03-18 17:47:10,301 - INFO - Page 8: header/footer rows total=1 mapped=1 null=0
2026-03-18 17:47:10,331 - INFO - Page 9: header/footer rows total=1 mapped=1 null=0
2026-03-18 17:47:10,363 - INFO - Page 10: header/footer rows total=1 mapped=1 null=0
2026-03-18 17:47:10,393 - INFO - Page 11: header/footer rows total=1 mapped=1 null=0
2026-03-18 17:47:10,423 - INFO - Page 12: header/footer rows total=1 mapped=1 null=0
2026-03-18 17:47:10,453 - INFO - Page 13: header/footer rows total=1 mapped=1 null=0
2026-03-18 17:47:10,483 - INFO - Page 14: header/footer rows total=1 mapped=1 null=0
2026-03-18 17:47:10,512 - INFO - Page 15: header/footer rows total=1 mapped=1 null=0
2026-03-18 17:47:10,540 - INFO - Page 16: header/footer rows total=1 mapped=1 null=0
2026-03-18 17:47:10,572 - INFO - Page 17: header/footer rows total=1 mapped=1 null=0
2026-03-18 17:47:10,601 - INFO - Page 18: header/footer rows total=1 mapped=1 null=0
2026-03-18 17:47:10,629 - INFO - Page 19: header/footer rows total=1 mapped=1 null=0
2026-03-18 17:47:10,658 - INFO - Page 20: header/footer rows total=1 mapped=1 null=0
2026-03-18 17:47:10,688 - INFO - Page 21: header/footer rows total=1 mapped=1 null=0
2026-03-18 17:47:10,719 - INFO - Page 22: header/footer rows total=1 mapped=1 null=0
2026-03-18 17:47:10,752 - INFO - Page 23: header/footer rows total=1 mapped=1 null=0
2026-03-18 17:47:10,785 - INFO - Page 24: header/footer rows total=1 mapped=1 null=0
2026-03-18 17:47:10,824 - INFO - Page 25: header/footer rows total=1 mapped=1 null=0
2026-03-18 17:47:10,858 - INFO - Page 26: header/footer rows total=1 mapped=1 null=0
2026-03-18 17:47:10,893 - INFO - Page 27: header/footer rows total=1 mapped=1 null=0
2026-03-18 17:47:10,925 - INFO - Page 28: header/footer rows total=1 mapped=1 null=0
2026-03-18 17:47:10,957 - INFO - Page 29: header/footer rows total=1 mapped=1 null=0
2026-03-18 17:47:10,990 - INFO - Page 30: header/footer rows total=1 mapped=1 null=0
2026-03-18 17:47:11,022 - INFO - Page 31: header/footer rows total=1 mapped=1 null=0
2026-03-18 17:47:11,196 - INFO - Page 1: Generated visualizations - ['fused']
2026-03-18 17:47:11,365 - INFO - Page 2: Generated visualizations - ['fused']
2026-03-18 17:47:11,541 - INFO - Page 3: Generated visualizations - ['fused']
2026-03-18 17:47:11,706 - INFO - Page 4: Generated visualizations - ['fused']
2026-03-18 17:47:11,873 - INFO - Page 5: Generated visualizations - ['fused']
2026-03-18 17:47:12,105 - INFO - Page 6: Generated visualizations - ['fused']
2026-03-18 17:47:12,259 - INFO - Page 7: Generated visualizations - ['fused']
2026-03-18 17:47:12,411 - INFO - Page 8: Generated visualizations - ['fused']
2026-03-18 17:47:12,586 - INFO - Page 9: Generated visualizations - ['fused']
2026-03-18 17:47:12,771 - INFO - Page 10: Generated visualizations - ['fused']
2026-03-18 17:47:12,931 - INFO - Page 11: Generated visualizations - ['fused']
2026-03-18 17:47:13,076 - INFO - Page 12: Generated visualizations - ['fused']
2026-03-18 17:47:13,249 - INFO - Page 13: Generated visualizations - ['fused']
2026-03-18 17:47:13,426 - INFO - Page 14: Generated visualizations - ['fused']
2026-03-18 17:47:13,587 - INFO - Page 15: Generated visualizations - ['fused']
2026-03-18 17:47:13,759 - INFO - Page 16: Generated visualizations - ['fused']
2026-03-18 17:47:13,933 - INFO - Page 17: Generated visualizations - ['fused']
2026-03-18 17:47:14,082 - INFO - Page 18: Generated visualizations - ['fused']
2026-03-18 17:47:14,248 - INFO - Page 19: Generated visualizations - ['fused']
2026-03-18 17:47:14,417 - INFO - Page 20: Generated visualizations - ['fused']
2026-03-18 17:47:14,570 - INFO - Page 21: Generated visualizations - ['fused']
2026-03-18 17:47:14,741 - INFO - Page 22: Generated visualizations - ['fused']
2026-03-18 17:47:14,905 - INFO - Page 23: Generated visualizations - ['fused']
2026-03-18 17:47:15,057 - INFO - Page 24: Generated visualizations - ['fused']
2026-03-18 17:47:15,212 - INFO - Page 25: Generated visualizations - ['fused']
2026-03-18 17:47:15,366 - INFO - Page 26: Generated visualizations - ['fused']
2026-03-18 17:47:15,524 - INFO - Page 27: Generated visualizations - ['fused']
2026-03-18 17:47:15,675 - INFO - Page 28: Generated visualizations - ['fused']
2026-03-18 17:47:15,832 - INFO - Page 29: Generated visualizations - ['fused']
2026-03-18 17:47:15,992 - INFO - Page 30: Generated visualizations - ['fused']
2026-03-18 17:47:16,174 - INFO - Page 31: Generated visualizations - ['fused']
2026-03-18 17:47:16,188 - INFO - Committed changes to database for dokumen:859
2026-03-18 17:47:16,193 - INFO - Labeling flow completed for dokumen:859
2026-03-18 17:47:16,204 - INFO - Task 1113 labeling status updated to: completed
2026-03-18 17:47:16,211 - INFO - Task 1113 validation status updated to: in_queue
2026-03-18 17:47:21,218 - INFO - Found labeling task in queue: ID 1114
2026-03-18 17:47:21,234 - INFO - Task 1114 labeling status updated to: processing
2026-03-18 17:47:21,234 - INFO - Processing labeling task ID: 1114, Type: dokumen
2026-03-18 17:47:21,235 - INFO - Reference target: dokumen:860
2026-03-18 17:47:21,247 - INFO - PDF: /app/storage/dokumen/222117032/860/pdf/BAB V.pdf
2026-03-18 17:47:21,247 - INFO - Output: /app/storage/dokumen/222117032/860/extraction/BAB V
2026-03-18 17:47:21,247 - INFO - Images output directory: /app/storage/dokumen/222117032/860/images
2026-03-18 17:47:25,689 - INFO - Saved 12 page images to: /app/storage/dokumen/222117032/860/images
2026-03-18 17:47:25,700 - INFO - Updated dokumen_images_path: /dokumen/222117032/860/images
2026-03-18 17:47:25,700 - INFO - Delegating to MergingExtractionService...
2026-03-18 17:47:25,705 - INFO - Visual output directory: /app/storage/dokumen/222117032/860/pdf/classification
2026-03-18 17:47:25,708 - INFO - Running Docling for dokumen:860
2026-03-18 17:47:25,724 - INFO - detected formats: [<InputFormat.PDF: 'pdf'>]
2026-03-18 17:47:25,727 - INFO - Going to convert document batch...
2026-03-18 17:47:25,727 - INFO - Initializing pipeline for StandardPdfPipeline with options hash e15bc6f248154cc62f8db15ef18a8ab7
2026-03-18 17:47:25,728 - INFO - rapidocr cannot be used because onnxruntime is not installed.
2026-03-18 17:47:25,729 - INFO - easyocr cannot be used because it is not installed.
2026-03-18 17:47:25,729 - INFO - Accelerator device: 'cpu'
2026-03-18 17:47:26,209 - INFO - Auto OCR model selected rapidocr with torch.
2026-03-18 17:47:26,210 - INFO - Accelerator device: 'cpu'
2026-03-18 17:47:27,314 - INFO - Accelerator device: 'cpu'
2026-03-18 17:47:27,631 - INFO - Processing document BAB V.pdf
2026-03-18 17:48:15,615 - INFO - Finished converting document BAB V.pdf in 49.90 sec.
2026-03-18 17:48:15,738 - INFO - Opened PDF: /app/storage/dokumen/222117032/860/pdf/BAB V.pdf (12 pages)
2026-03-18 17:48:15,738 - INFO - Processing 12 pages for dokumen:860
2026-03-18 17:48:21,444 - INFO - Resolved document-level claims for dokumen:860 cleared=0 affected_pages=0
2026-03-18 17:48:21,474 - INFO - Page 1: header/footer rows total=1 mapped=1 null=0
2026-03-18 17:48:21,502 - INFO - Page 2: header/footer rows total=1 mapped=1 null=0
2026-03-18 17:48:21,530 - INFO - Page 3: header/footer rows total=1 mapped=1 null=0
2026-03-18 17:48:21,557 - INFO - Page 4: header/footer rows total=1 mapped=1 null=0
2026-03-18 17:48:21,586 - INFO - Page 5: header/footer rows total=1 mapped=1 null=0
2026-03-18 17:48:21,614 - INFO - Page 6: header/footer rows total=1 mapped=1 null=0
2026-03-18 17:48:21,646 - INFO - Page 7: header/footer rows total=1 mapped=1 null=0
2026-03-18 17:48:21,675 - INFO - Page 8: header/footer rows total=1 mapped=1 null=0
2026-03-18 17:48:21,704 - INFO - Page 9: header/footer rows total=1 mapped=1 null=0
2026-03-18 17:48:21,732 - INFO - Page 10: header/footer rows total=1 mapped=1 null=0
2026-03-18 17:48:21,759 - INFO - Page 11: header/footer rows total=1 mapped=1 null=0
2026-03-18 17:48:21,786 - INFO - Page 12: header/footer rows total=1 mapped=1 null=0
2026-03-18 17:48:21,925 - INFO - Page 1: Generated visualizations - ['fused']
2026-03-18 17:48:22,100 - INFO - Page 2: Generated visualizations - ['fused']
2026-03-18 17:48:22,316 - INFO - Page 3: Generated visualizations - ['fused']
2026-03-18 17:48:22,465 - INFO - Page 4: Generated visualizations - ['fused']
2026-03-18 17:48:22,614 - INFO - Page 5: Generated visualizations - ['fused']
2026-03-18 17:48:22,766 - INFO - Page 6: Generated visualizations - ['fused']
2026-03-18 17:48:22,890 - INFO - Page 7: Generated visualizations - ['fused']
2026-03-18 17:48:23,028 - INFO - Page 8: Generated visualizations - ['fused']
2026-03-18 17:48:23,161 - INFO - Page 9: Generated visualizations - ['fused']
2026-03-18 17:48:23,307 - INFO - Page 10: Generated visualizations - ['fused']
2026-03-18 17:48:23,440 - INFO - Page 11: Generated visualizations - ['fused']
2026-03-18 17:48:23,573 - INFO - Page 12: Generated visualizations - ['fused']
2026-03-18 17:48:23,587 - INFO - Committed changes to database for dokumen:860
2026-03-18 17:48:23,589 - INFO - Labeling flow completed for dokumen:860
2026-03-18 17:48:23,600 - INFO - Task 1114 labeling status updated to: completed
2026-03-18 17:48:23,608 - INFO - Task 1114 validation status updated to: in_queue
2026-03-18 17:48:28,615 - INFO - Found labeling task in queue: ID 1115
2026-03-18 17:48:28,624 - INFO - Task 1115 labeling status updated to: processing
2026-03-18 17:48:28,624 - INFO - Processing labeling task ID: 1115, Type: dokumen
2026-03-18 17:48:28,625 - INFO - Reference target: dokumen:861
2026-03-18 17:48:28,637 - INFO - PDF: /app/storage/dokumen/222117032/861/pdf/BAB VI.pdf
2026-03-18 17:48:28,638 - INFO - Output: /app/storage/dokumen/222117032/861/extraction/BAB VI
2026-03-18 17:48:28,638 - INFO - Images output directory: /app/storage/dokumen/222117032/861/images
2026-03-18 17:48:30,816 - INFO - Saved 6 page images to: /app/storage/dokumen/222117032/861/images
2026-03-18 17:48:30,835 - INFO - Updated dokumen_images_path: /dokumen/222117032/861/images
2026-03-18 17:48:30,835 - INFO - Delegating to MergingExtractionService...
2026-03-18 17:48:30,840 - INFO - Visual output directory: /app/storage/dokumen/222117032/861/pdf/classification
2026-03-18 17:48:30,843 - INFO - Running Docling for dokumen:861
2026-03-18 17:48:30,860 - INFO - detected formats: [<InputFormat.PDF: 'pdf'>]
2026-03-18 17:48:30,862 - INFO - Going to convert document batch...
2026-03-18 17:48:30,862 - INFO - Initializing pipeline for StandardPdfPipeline with options hash e15bc6f248154cc62f8db15ef18a8ab7
2026-03-18 17:48:30,863 - INFO - rapidocr cannot be used because onnxruntime is not installed.
2026-03-18 17:48:30,864 - INFO - easyocr cannot be used because it is not installed.
2026-03-18 17:48:30,864 - INFO - Accelerator device: 'cpu'
2026-03-18 17:48:31,358 - INFO - Auto OCR model selected rapidocr with torch.
2026-03-18 17:48:31,358 - INFO - Accelerator device: 'cpu'
2026-03-18 17:48:32,134 - INFO - Accelerator device: 'cpu'
2026-03-18 17:48:32,431 - INFO - Processing document BAB VI.pdf
2026-03-18 17:48:41,118 - INFO - Finished converting document BAB VI.pdf in 10.26 sec.
2026-03-18 17:48:41,210 - INFO - Opened PDF: /app/storage/dokumen/222117032/861/pdf/BAB VI.pdf (6 pages)
2026-03-18 17:48:41,211 - INFO - Processing 6 pages for dokumen:861
2026-03-18 17:48:44,590 - INFO - Resolved document-level claims for dokumen:861 cleared=0 affected_pages=0
2026-03-18 17:48:44,618 - INFO - Page 1: header/footer rows total=1 mapped=1 null=0
2026-03-18 17:48:44,647 - INFO - Page 2: header/footer rows total=1 mapped=1 null=0
2026-03-18 17:48:44,676 - INFO - Page 3: header/footer rows total=1 mapped=1 null=0
2026-03-18 17:48:44,704 - INFO - Page 4: header/footer rows total=1 mapped=1 null=0
2026-03-18 17:48:44,735 - INFO - Page 5: header/footer rows total=1 mapped=1 null=0
2026-03-18 17:48:44,765 - INFO - Page 6: header/footer rows total=1 mapped=1 null=0
2026-03-18 17:48:44,915 - INFO - Page 1: Generated visualizations - ['fused']
2026-03-18 17:48:45,072 - INFO - Page 2: Generated visualizations - ['fused']
2026-03-18 17:48:45,224 - INFO - Page 3: Generated visualizations - ['fused']
2026-03-18 17:48:45,376 - INFO - Page 4: Generated visualizations - ['fused']
2026-03-18 17:48:45,524 - INFO - Page 5: Generated visualizations - ['fused']
2026-03-18 17:48:45,641 - INFO - Page 6: Generated visualizations - ['fused']
2026-03-18 17:48:45,652 - INFO - Committed changes to database for dokumen:861
2026-03-18 17:48:45,654 - INFO - Labeling flow completed for dokumen:861
2026-03-18 17:48:45,665 - INFO - Task 1115 labeling status updated to: completed
2026-03-18 17:48:45,673 - INFO - Task 1115 validation status updated to: in_queue
2026-03-18 17:48:50,679 - INFO - Found labeling task in queue: ID 1116
2026-03-18 17:48:50,688 - INFO - Task 1116 labeling status updated to: processing
2026-03-18 17:48:50,688 - INFO - Processing labeling task ID: 1116, Type: dokumen
2026-03-18 17:48:50,688 - INFO - Reference target: dokumen:862
2026-03-18 17:48:50,700 - INFO - PDF: /app/storage/dokumen/222117032/862/pdf/8. Bab 1 - Pendahuluan.pdf
2026-03-18 17:48:50,701 - INFO - Output: /app/storage/dokumen/222117032/862/extraction/8. Bab 1 - Pendahuluan
2026-03-18 17:48:50,701 - INFO - Images output directory: /app/storage/dokumen/222117032/862/images
2026-03-18 17:48:52,552 - INFO - Saved 5 page images to: /app/storage/dokumen/222117032/862/images
2026-03-18 17:48:52,570 - INFO - Updated dokumen_images_path: /dokumen/222117032/862/images
2026-03-18 17:48:52,571 - INFO - Delegating to MergingExtractionService...
2026-03-18 17:48:52,575 - INFO - Visual output directory: /app/storage/dokumen/222117032/862/pdf/classification
2026-03-18 17:48:52,579 - INFO - Running Docling for dokumen:862
2026-03-18 17:48:52,593 - INFO - detected formats: [<InputFormat.PDF: 'pdf'>]
2026-03-18 17:48:52,595 - INFO - Going to convert document batch...
2026-03-18 17:48:52,596 - INFO - Initializing pipeline for StandardPdfPipeline with options hash e15bc6f248154cc62f8db15ef18a8ab7
2026-03-18 17:48:52,597 - INFO - rapidocr cannot be used because onnxruntime is not installed.
2026-03-18 17:48:52,597 - INFO - easyocr cannot be used because it is not installed.
2026-03-18 17:48:52,597 - INFO - Accelerator device: 'cpu'
2026-03-18 17:48:53,090 - INFO - Auto OCR model selected rapidocr with torch.
2026-03-18 17:48:53,090 - INFO - Accelerator device: 'cpu'
2026-03-18 17:48:53,904 - INFO - Accelerator device: 'cpu'
2026-03-18 17:48:54,200 - INFO - Processing document 8. Bab 1 - Pendahuluan.pdf
2026-03-18 17:49:01,636 - INFO - Finished converting document 8. Bab 1 - Pendahuluan.pdf in 9.05 sec.
2026-03-18 17:49:01,725 - INFO - Opened PDF: /app/storage/dokumen/222117032/862/pdf/8. Bab 1 - Pendahuluan.pdf (5 pages)
2026-03-18 17:49:01,725 - INFO - Processing 5 pages for dokumen:862
2026-03-18 17:49:03,951 - INFO - Resolved document-level claims for dokumen:862 cleared=0 affected_pages=0
2026-03-18 17:49:03,980 - INFO - Page 1: header/footer rows total=1 mapped=1 null=0
2026-03-18 17:49:04,010 - INFO - Page 2: header/footer rows total=1 mapped=1 null=0
2026-03-18 17:49:04,039 - INFO - Page 3: header/footer rows total=1 mapped=1 null=0
2026-03-18 17:49:04,068 - INFO - Page 4: header/footer rows total=1 mapped=1 null=0
2026-03-18 17:49:04,105 - INFO - Page 5: header/footer rows total=1 mapped=1 null=0
2026-03-18 17:49:04,248 - INFO - Page 1: Generated visualizations - ['fused']
2026-03-18 17:49:04,403 - INFO - Page 2: Generated visualizations - ['fused']
2026-03-18 17:49:04,569 - INFO - Page 3: Generated visualizations - ['fused']
2026-03-18 17:49:04,729 - INFO - Page 4: Generated visualizations - ['fused']
2026-03-18 17:49:04,854 - INFO - Page 5: Generated visualizations - ['fused']
2026-03-18 17:49:04,865 - INFO - Committed changes to database for dokumen:862
2026-03-18 17:49:04,867 - INFO - Labeling flow completed for dokumen:862
2026-03-18 17:49:04,877 - INFO - Task 1116 labeling status updated to: completed
2026-03-18 17:49:04,885 - INFO - Task 1116 validation status updated to: in_queue
2026-03-18 17:49:09,889 - INFO - Found labeling task in queue: ID 1117
2026-03-18 17:49:09,903 - INFO - Task 1117 labeling status updated to: processing
2026-03-18 17:49:09,903 - INFO - Processing labeling task ID: 1117, Type: dokumen
2026-03-18 17:49:09,903 - INFO - Reference target: dokumen:863
2026-03-18 17:49:09,916 - INFO - PDF: /app/storage/dokumen/222117032/863/pdf/9. Bab 2 - Landasan Teori.pdf
2026-03-18 17:49:09,916 - INFO - Output: /app/storage/dokumen/222117032/863/extraction/9. Bab 2 - Landasan Teori
2026-03-18 17:49:09,917 - INFO - Images output directory: /app/storage/dokumen/222117032/863/images
2026-03-18 17:49:12,972 - INFO - Saved 8 page images to: /app/storage/dokumen/222117032/863/images
2026-03-18 17:49:12,984 - INFO - Updated dokumen_images_path: /dokumen/222117032/863/images
2026-03-18 17:49:12,984 - INFO - Delegating to MergingExtractionService...
2026-03-18 17:49:12,990 - INFO - Visual output directory: /app/storage/dokumen/222117032/863/pdf/classification
2026-03-18 17:49:12,993 - INFO - Running Docling for dokumen:863
2026-03-18 17:49:13,008 - INFO - detected formats: [<InputFormat.PDF: 'pdf'>]
2026-03-18 17:49:13,010 - INFO - Going to convert document batch...
2026-03-18 17:49:13,011 - INFO - Initializing pipeline for StandardPdfPipeline with options hash e15bc6f248154cc62f8db15ef18a8ab7
2026-03-18 17:49:13,011 - INFO - rapidocr cannot be used because onnxruntime is not installed.
2026-03-18 17:49:13,012 - INFO - easyocr cannot be used because it is not installed.
2026-03-18 17:49:13,012 - INFO - Accelerator device: 'cpu'
2026-03-18 17:49:13,557 - INFO - Auto OCR model selected rapidocr with torch.
2026-03-18 17:49:13,558 - INFO - Accelerator device: 'cpu'
2026-03-18 17:49:14,596 - INFO - Accelerator device: 'cpu'
2026-03-18 17:49:14,896 - INFO - Processing document 9. Bab 2 - Landasan Teori.pdf
2026-03-18 17:49:26,777 - INFO - Finished converting document 9. Bab 2 - Landasan Teori.pdf in 13.77 sec.
2026-03-18 17:49:26,874 - INFO - Opened PDF: /app/storage/dokumen/222117032/863/pdf/9. Bab 2 - Landasan Teori.pdf (8 pages)
2026-03-18 17:49:26,874 - INFO - Processing 8 pages for dokumen:863
2026-03-18 17:49:32,542 - INFO - Resolved document-level claims for dokumen:863 cleared=0 affected_pages=0
2026-03-18 17:49:32,571 - INFO - Page 1: header/footer rows total=1 mapped=1 null=0
2026-03-18 17:49:32,598 - INFO - Page 2: header/footer rows total=1 mapped=1 null=0
2026-03-18 17:49:32,624 - INFO - Page 3: header/footer rows total=1 mapped=1 null=0
2026-03-18 17:49:32,652 - INFO - Page 4: header/footer rows total=1 mapped=1 null=0
2026-03-18 17:49:32,682 - INFO - Page 5: header/footer rows total=1 mapped=1 null=0
2026-03-18 17:49:32,710 - INFO - Page 6: header/footer rows total=1 mapped=1 null=0
2026-03-18 17:49:32,739 - INFO - Page 7: header/footer rows total=1 mapped=1 null=0
2026-03-18 17:49:32,768 - INFO - Page 8: header/footer rows total=1 mapped=1 null=0
2026-03-18 17:49:32,898 - INFO - Page 1: Generated visualizations - ['fused']
2026-03-18 17:49:33,041 - INFO - Page 2: Generated visualizations - ['fused']
2026-03-18 17:49:33,186 - INFO - Page 3: Generated visualizations - ['fused']
2026-03-18 17:49:33,336 - INFO - Page 4: Generated visualizations - ['fused']
2026-03-18 17:49:33,474 - INFO - Page 5: Generated visualizations - ['fused']
2026-03-18 17:49:33,616 - INFO - Page 6: Generated visualizations - ['fused']
2026-03-18 17:49:33,759 - INFO - Page 7: Generated visualizations - ['fused']
2026-03-18 17:49:33,870 - INFO - Page 8: Generated visualizations - ['fused']
2026-03-18 17:49:33,882 - INFO - Committed changes to database for dokumen:863
2026-03-18 17:49:33,884 - INFO - Labeling flow completed for dokumen:863
2026-03-18 17:49:33,895 - INFO - Task 1117 labeling status updated to: completed
2026-03-18 17:49:33,902 - INFO - Task 1117 validation status updated to: in_queue
2026-03-18 17:49:38,907 - INFO - Found labeling task in queue: ID 1118
2026-03-18 17:49:38,923 - INFO - Task 1118 labeling status updated to: processing
2026-03-18 17:49:38,924 - INFO - Processing labeling task ID: 1118, Type: dokumen
2026-03-18 17:49:38,924 - INFO - Reference target: dokumen:864
2026-03-18 17:49:38,936 - INFO - PDF: /app/storage/dokumen/222117032/864/pdf/10. Bab 3 - Analisa Sistem.pdf
2026-03-18 17:49:38,937 - INFO - Output: /app/storage/dokumen/222117032/864/extraction/10. Bab 3 - Analisa Sistem
2026-03-18 17:49:38,937 - INFO - Images output directory: /app/storage/dokumen/222117032/864/images
2026-03-18 17:49:42,732 - INFO - Saved 10 page images to: /app/storage/dokumen/222117032/864/images
2026-03-18 17:49:42,743 - INFO - Updated dokumen_images_path: /dokumen/222117032/864/images
2026-03-18 17:49:42,743 - INFO - Delegating to MergingExtractionService...
2026-03-18 17:49:42,748 - INFO - Visual output directory: /app/storage/dokumen/222117032/864/pdf/classification
2026-03-18 17:49:42,751 - INFO - Running Docling for dokumen:864
2026-03-18 17:49:42,767 - INFO - detected formats: [<InputFormat.PDF: 'pdf'>]
2026-03-18 17:49:42,770 - INFO - Going to convert document batch...
2026-03-18 17:49:42,770 - INFO - Initializing pipeline for StandardPdfPipeline with options hash e15bc6f248154cc62f8db15ef18a8ab7
2026-03-18 17:49:42,771 - INFO - rapidocr cannot be used because onnxruntime is not installed.
2026-03-18 17:49:42,772 - INFO - easyocr cannot be used because it is not installed.
2026-03-18 17:49:42,772 - INFO - Accelerator device: 'cpu'
2026-03-18 17:49:43,236 - INFO - Auto OCR model selected rapidocr with torch.
2026-03-18 17:49:43,236 - INFO - Accelerator device: 'cpu'
2026-03-18 17:49:44,141 - INFO - Accelerator device: 'cpu'
2026-03-18 17:49:44,435 - INFO - Processing document 10. Bab 3 - Analisa Sistem.pdf
2026-03-18 17:50:03,256 - INFO - Finished converting document 10. Bab 3 - Analisa Sistem.pdf in 20.50 sec.
2026-03-18 17:50:03,359 - INFO - Opened PDF: /app/storage/dokumen/222117032/864/pdf/10. Bab 3 - Analisa Sistem.pdf (10 pages)
2026-03-18 17:50:03,359 - INFO - Processing 10 pages for dokumen:864
2026-03-18 17:50:10,277 - INFO - Resolved document-level claims for dokumen:864 cleared=0 affected_pages=0
2026-03-18 17:50:10,306 - INFO - Page 1: header/footer rows total=1 mapped=1 null=0
2026-03-18 17:50:10,338 - INFO - Page 2: header/footer rows total=1 mapped=1 null=0
2026-03-18 17:50:10,372 - INFO - Page 3: header/footer rows total=1 mapped=1 null=0
2026-03-18 17:50:10,410 - INFO - Page 4: header/footer rows total=1 mapped=1 null=0
2026-03-18 17:50:10,449 - INFO - Page 5: header/footer rows total=1 mapped=1 null=0
2026-03-18 17:50:10,487 - INFO - Page 6: header/footer rows total=1 mapped=1 null=0
2026-03-18 17:50:10,522 - INFO - Page 7: header/footer rows total=1 mapped=1 null=0
2026-03-18 17:50:10,552 - INFO - Page 8: header/footer rows total=1 mapped=1 null=0
2026-03-18 17:50:10,583 - INFO - Page 9: header/footer rows total=1 mapped=1 null=0
2026-03-18 17:50:10,612 - INFO - Page 10: header/footer rows total=1 mapped=1 null=0
2026-03-18 17:50:10,772 - INFO - Page 1: Generated visualizations - ['fused']
2026-03-18 17:50:10,958 - INFO - Page 2: Generated visualizations - ['fused']
2026-03-18 17:50:11,168 - INFO - Page 3: Generated visualizations - ['fused']
2026-03-18 17:50:11,290 - INFO - Page 4: Generated visualizations - ['fused']
2026-03-18 17:50:11,454 - INFO - Page 5: Generated visualizations - ['fused']
2026-03-18 17:50:11,606 - INFO - Page 6: Generated visualizations - ['fused']
2026-03-18 17:50:11,745 - INFO - Page 7: Generated visualizations - ['fused']
2026-03-18 17:50:11,882 - INFO - Page 8: Generated visualizations - ['fused']
2026-03-18 17:50:12,042 - INFO - Page 9: Generated visualizations - ['fused']
2026-03-18 17:50:12,173 - INFO - Page 10: Generated visualizations - ['fused']
2026-03-18 17:50:12,184 - INFO - Committed changes to database for dokumen:864
2026-03-18 17:50:12,186 - INFO - Labeling flow completed for dokumen:864
2026-03-18 17:50:12,197 - INFO - Task 1118 labeling status updated to: completed
2026-03-18 17:50:12,205 - INFO - Task 1118 validation status updated to: in_queue
2026-03-18 17:50:17,211 - INFO - Found labeling task in queue: ID 1119
2026-03-18 17:50:17,224 - INFO - Task 1119 labeling status updated to: processing
2026-03-18 17:50:17,225 - INFO - Processing labeling task ID: 1119, Type: dokumen
2026-03-18 17:50:17,225 - INFO - Reference target: dokumen:865
2026-03-18 17:50:17,238 - INFO - PDF: /app/storage/dokumen/222117032/865/pdf/11. Bab 4 - Desain Sistem.pdf
2026-03-18 17:50:17,239 - INFO - Output: /app/storage/dokumen/222117032/865/extraction/11. Bab 4 - Desain Sistem
2026-03-18 17:50:17,239 - INFO - Images output directory: /app/storage/dokumen/222117032/865/images
2026-03-18 17:50:20,169 - INFO - Saved 8 page images to: /app/storage/dokumen/222117032/865/images
2026-03-18 17:50:20,186 - INFO - Updated dokumen_images_path: /dokumen/222117032/865/images
2026-03-18 17:50:20,186 - INFO - Delegating to MergingExtractionService...
2026-03-18 17:50:20,191 - INFO - Visual output directory: /app/storage/dokumen/222117032/865/pdf/classification
2026-03-18 17:50:20,194 - INFO - Running Docling for dokumen:865
2026-03-18 17:50:20,209 - INFO - detected formats: [<InputFormat.PDF: 'pdf'>]
2026-03-18 17:50:20,211 - INFO - Going to convert document batch...
2026-03-18 17:50:20,212 - INFO - Initializing pipeline for StandardPdfPipeline with options hash e15bc6f248154cc62f8db15ef18a8ab7
2026-03-18 17:50:20,212 - INFO - rapidocr cannot be used because onnxruntime is not installed.
2026-03-18 17:50:20,213 - INFO - easyocr cannot be used because it is not installed.
2026-03-18 17:50:20,213 - INFO - Accelerator device: 'cpu'
2026-03-18 17:50:20,702 - INFO - Auto OCR model selected rapidocr with torch.
2026-03-18 17:50:20,702 - INFO - Accelerator device: 'cpu'
2026-03-18 17:50:21,481 - INFO - Accelerator device: 'cpu'
2026-03-18 17:50:21,784 - INFO - Processing document 11. Bab 4 - Desain Sistem.pdf
2026-03-18 17:50:42,724 - INFO - Finished converting document 11. Bab 4 - Desain Sistem.pdf in 22.52 sec.
2026-03-18 17:50:42,797 - INFO - Opened PDF: /app/storage/dokumen/222117032/865/pdf/11. Bab 4 - Desain Sistem.pdf (8 pages)
2026-03-18 17:50:42,797 - INFO - Processing 8 pages for dokumen:865
2026-03-18 17:50:45,901 - INFO - Resolved document-level claims for dokumen:865 cleared=0 affected_pages=0
2026-03-18 17:50:45,928 - INFO - Page 1: header/footer rows total=1 mapped=1 null=0
2026-03-18 17:50:45,960 - INFO - Page 2: header/footer rows total=1 mapped=1 null=0
2026-03-18 17:50:45,987 - INFO - Page 3: header/footer rows total=1 mapped=1 null=0
2026-03-18 17:50:46,016 - INFO - Page 4: header/footer rows total=1 mapped=1 null=0
2026-03-18 17:50:46,044 - INFO - Page 5: header/footer rows total=1 mapped=1 null=0
2026-03-18 17:50:46,074 - INFO - Page 6: header/footer rows total=1 mapped=1 null=0
2026-03-18 17:50:46,102 - INFO - Page 7: header/footer rows total=1 mapped=1 null=0
2026-03-18 17:50:46,130 - INFO - Page 8: header/footer rows total=1 mapped=1 null=0
2026-03-18 17:50:46,275 - INFO - Page 1: Generated visualizations - ['fused']
2026-03-18 17:50:46,443 - INFO - Page 2: Generated visualizations - ['fused']
2026-03-18 17:50:46,596 - INFO - Page 3: Generated visualizations - ['fused']
2026-03-18 17:50:46,750 - INFO - Page 4: Generated visualizations - ['fused']
2026-03-18 17:50:46,896 - INFO - Page 5: Generated visualizations - ['fused']
2026-03-18 17:50:47,036 - INFO - Page 6: Generated visualizations - ['fused']
2026-03-18 17:50:47,211 - INFO - Page 7: Generated visualizations - ['fused']
2026-03-18 17:50:47,346 - INFO - Page 8: Generated visualizations - ['fused']
2026-03-18 17:50:47,362 - INFO - Committed changes to database for dokumen:865
2026-03-18 17:50:47,364 - INFO - Labeling flow completed for dokumen:865
2026-03-18 17:50:47,374 - INFO - Task 1119 labeling status updated to: completed
2026-03-18 17:50:47,382 - INFO - Task 1119 validation status updated to: in_queue
2026-03-18 17:50:52,388 - INFO - Found labeling task in queue: ID 1120
2026-03-18 17:50:52,405 - INFO - Task 1120 labeling status updated to: processing
2026-03-18 17:50:52,406 - INFO - Processing labeling task ID: 1120, Type: dokumen
2026-03-18 17:50:52,406 - INFO - Reference target: dokumen:866
2026-03-18 17:50:52,419 - INFO - PDF: /app/storage/dokumen/222117032/866/pdf/12. Bab 5 - Implementasi.pdf
2026-03-18 17:50:52,420 - INFO - Output: /app/storage/dokumen/222117032/866/extraction/12. Bab 5 - Implementasi
2026-03-18 17:50:52,420 - INFO - Images output directory: /app/storage/dokumen/222117032/866/images
2026-03-18 17:51:12,422 - INFO - Saved 56 page images to: /app/storage/dokumen/222117032/866/images
2026-03-18 17:51:12,439 - INFO - Updated dokumen_images_path: /dokumen/222117032/866/images
2026-03-18 17:51:12,439 - INFO - Delegating to MergingExtractionService...
2026-03-18 17:51:12,445 - INFO - Visual output directory: /app/storage/dokumen/222117032/866/pdf/classification
2026-03-18 17:51:12,448 - INFO - Running Docling for dokumen:866
2026-03-18 17:51:12,469 - INFO - detected formats: [<InputFormat.PDF: 'pdf'>]
2026-03-18 17:51:12,474 - INFO - Going to convert document batch...
2026-03-18 17:51:12,475 - INFO - Initializing pipeline for StandardPdfPipeline with options hash e15bc6f248154cc62f8db15ef18a8ab7
2026-03-18 17:51:12,475 - INFO - rapidocr cannot be used because onnxruntime is not installed.
2026-03-18 17:51:12,476 - INFO - easyocr cannot be used because it is not installed.
2026-03-18 17:51:12,476 - INFO - Accelerator device: 'cpu'
2026-03-18 17:51:13,304 - INFO - Auto OCR model selected rapidocr with torch.
2026-03-18 17:51:13,305 - INFO - Accelerator device: 'cpu'
2026-03-18 17:51:14,096 - INFO - Accelerator device: 'cpu'
2026-03-18 17:51:14,348 - INFO - Processing document 12. Bab 5 - Implementasi.pdf
2026-03-18 17:52:45,254 - INFO - Finished converting document 12. Bab 5 - Implementasi.pdf in 92.80 sec.
2026-03-18 17:52:45,368 - INFO - Opened PDF: /app/storage/dokumen/222117032/866/pdf/12. Bab 5 - Implementasi.pdf (56 pages)
2026-03-18 17:52:45,369 - INFO - Processing 56 pages for dokumen:866
2026-03-18 17:55:37,592 - INFO - Resolved document-level claims for dokumen:866 cleared=0 affected_pages=0
2026-03-18 17:55:37,625 - INFO - Page 1: header/footer rows total=1 mapped=1 null=0
2026-03-18 17:55:37,654 - INFO - Page 2: header/footer rows total=1 mapped=1 null=0
2026-03-18 17:55:37,683 - INFO - Page 3: header/footer rows total=1 mapped=1 null=0
2026-03-18 17:55:37,714 - INFO - Page 4: header/footer rows total=1 mapped=1 null=0
2026-03-18 17:55:37,746 - INFO - Page 5: header/footer rows total=1 mapped=1 null=0
2026-03-18 17:55:37,779 - INFO - Page 6: header/footer rows total=1 mapped=1 null=0
2026-03-18 17:55:37,810 - INFO - Page 7: header/footer rows total=1 mapped=1 null=0
2026-03-18 17:55:37,841 - INFO - Page 8: header/footer rows total=1 mapped=1 null=0
2026-03-18 17:55:37,872 - INFO - Page 9: header/footer rows total=1 mapped=1 null=0
2026-03-18 17:55:37,903 - INFO - Page 10: header/footer rows total=1 mapped=1 null=0
2026-03-18 17:55:37,935 - INFO - Page 11: header/footer rows total=1 mapped=1 null=0
2026-03-18 17:55:37,968 - INFO - Page 12: header/footer rows total=1 mapped=1 null=0
2026-03-18 17:55:38,000 - INFO - Page 13: header/footer rows total=1 mapped=1 null=0
2026-03-18 17:55:38,031 - INFO - Page 14: header/footer rows total=1 mapped=1 null=0
2026-03-18 17:55:38,064 - INFO - Page 15: header/footer rows total=1 mapped=1 null=0
2026-03-18 17:55:38,093 - INFO - Page 16: header/footer rows total=1 mapped=1 null=0
2026-03-18 17:55:38,124 - INFO - Page 17: header/footer rows total=1 mapped=1 null=0
2026-03-18 17:55:38,153 - INFO - Page 18: header/footer rows total=1 mapped=1 null=0
2026-03-18 17:55:38,182 - INFO - Page 19: header/footer rows total=1 mapped=1 null=0
2026-03-18 17:55:38,211 - INFO - Page 20: header/footer rows total=1 mapped=1 null=0
2026-03-18 17:55:38,240 - INFO - Page 21: header/footer rows total=1 mapped=1 null=0
2026-03-18 17:55:38,270 - INFO - Page 22: header/footer rows total=1 mapped=1 null=0
2026-03-18 17:55:38,301 - INFO - Page 23: header/footer rows total=1 mapped=1 null=0
2026-03-18 17:55:38,330 - INFO - Page 24: header/footer rows total=1 mapped=1 null=0
2026-03-18 17:55:38,360 - INFO - Page 25: header/footer rows total=1 mapped=1 null=0
2026-03-18 17:55:38,390 - INFO - Page 26: header/footer rows total=1 mapped=1 null=0
2026-03-18 17:55:38,419 - INFO - Page 27: header/footer rows total=1 mapped=1 null=0
2026-03-18 17:55:38,450 - INFO - Page 28: header/footer rows total=1 mapped=1 null=0
2026-03-18 17:55:38,482 - INFO - Page 29: header/footer rows total=1 mapped=1 null=0
2026-03-18 17:55:38,512 - INFO - Page 30: header/footer rows total=1 mapped=1 null=0
2026-03-18 17:55:38,544 - INFO - Page 31: header/footer rows total=1 mapped=1 null=0
2026-03-18 17:55:38,573 - INFO - Page 32: header/footer rows total=1 mapped=1 null=0
2026-03-18 17:55:38,602 - INFO - Page 33: header/footer rows total=1 mapped=1 null=0
2026-03-18 17:55:38,633 - INFO - Page 34: header/footer rows total=1 mapped=1 null=0
2026-03-18 17:55:38,663 - INFO - Page 35: header/footer rows total=1 mapped=1 null=0
2026-03-18 17:55:38,693 - INFO - Page 36: header/footer rows total=1 mapped=1 null=0
2026-03-18 17:55:38,724 - INFO - Page 37: header/footer rows total=1 mapped=1 null=0
2026-03-18 17:55:38,758 - INFO - Page 38: header/footer rows total=1 mapped=1 null=0
2026-03-18 17:55:38,788 - INFO - Page 39: header/footer rows total=1 mapped=1 null=0
2026-03-18 17:55:38,818 - INFO - Page 40: header/footer rows total=1 mapped=1 null=0
2026-03-18 17:55:38,847 - INFO - Page 41: header/footer rows total=1 mapped=1 null=0
2026-03-18 17:55:38,877 - INFO - Page 42: header/footer rows total=1 mapped=1 null=0
2026-03-18 17:55:38,910 - INFO - Page 43: header/footer rows total=1 mapped=1 null=0
2026-03-18 17:55:38,939 - INFO - Page 44: header/footer rows total=1 mapped=1 null=0
2026-03-18 17:55:38,972 - INFO - Page 45: header/footer rows total=1 mapped=1 null=0
2026-03-18 17:55:39,003 - INFO - Page 46: header/footer rows total=1 mapped=1 null=0
2026-03-18 17:55:39,032 - INFO - Page 47: header/footer rows total=1 mapped=1 null=0
2026-03-18 17:55:39,064 - INFO - Page 48: header/footer rows total=1 mapped=1 null=0
2026-03-18 17:55:39,094 - INFO - Page 49: header/footer rows total=1 mapped=1 null=0
2026-03-18 17:55:39,125 - INFO - Page 50: header/footer rows total=1 mapped=1 null=0
2026-03-18 17:55:39,155 - INFO - Page 51: header/footer rows total=1 mapped=1 null=0
2026-03-18 17:55:39,185 - INFO - Page 52: header/footer rows total=1 mapped=1 null=0
2026-03-18 17:55:39,216 - INFO - Page 53: header/footer rows total=1 mapped=1 null=0
2026-03-18 17:55:39,247 - INFO - Page 54: header/footer rows total=1 mapped=1 null=0
2026-03-18 17:55:39,277 - INFO - Page 55: header/footer rows total=1 mapped=1 null=0
2026-03-18 17:55:39,305 - INFO - Page 56: header/footer rows total=1 mapped=1 null=0
2026-03-18 17:55:39,474 - INFO - Page 1: Generated visualizations - ['fused']
2026-03-18 17:55:39,631 - INFO - Page 2: Generated visualizations - ['fused']
2026-03-18 17:55:39,829 - INFO - Page 3: Generated visualizations - ['fused']
2026-03-18 17:55:40,052 - INFO - Page 4: Generated visualizations - ['fused']
2026-03-18 17:55:40,272 - INFO - Page 5: Generated visualizations - ['fused']
2026-03-18 17:55:40,470 - INFO - Page 6: Generated visualizations - ['fused']
2026-03-18 17:55:40,661 - INFO - Page 7: Generated visualizations - ['fused']
2026-03-18 17:55:40,850 - INFO - Page 8: Generated visualizations - ['fused']
2026-03-18 17:55:41,043 - INFO - Page 9: Generated visualizations - ['fused']
2026-03-18 17:55:41,256 - INFO - Page 10: Generated visualizations - ['fused']
2026-03-18 17:55:41,446 - INFO - Page 11: Generated visualizations - ['fused']
2026-03-18 17:55:41,663 - INFO - Page 12: Generated visualizations - ['fused']
2026-03-18 17:55:41,877 - INFO - Page 13: Generated visualizations - ['fused']
2026-03-18 17:55:42,093 - INFO - Page 14: Generated visualizations - ['fused']
2026-03-18 17:55:42,277 - INFO - Page 15: Generated visualizations - ['fused']
2026-03-18 17:55:42,479 - INFO - Page 16: Generated visualizations - ['fused']
2026-03-18 17:55:42,660 - INFO - Page 17: Generated visualizations - ['fused']
2026-03-18 17:55:42,819 - INFO - Page 18: Generated visualizations - ['fused']
2026-03-18 17:55:42,983 - INFO - Page 19: Generated visualizations - ['fused']
2026-03-18 17:55:43,169 - INFO - Page 20: Generated visualizations - ['fused']
2026-03-18 17:55:43,369 - INFO - Page 21: Generated visualizations - ['fused']
2026-03-18 17:55:43,583 - INFO - Page 22: Generated visualizations - ['fused']
2026-03-18 17:55:43,773 - INFO - Page 23: Generated visualizations - ['fused']
2026-03-18 17:55:43,966 - INFO - Page 24: Generated visualizations - ['fused']
2026-03-18 17:55:44,164 - INFO - Page 25: Generated visualizations - ['fused']
2026-03-18 17:55:44,366 - INFO - Page 26: Generated visualizations - ['fused']
2026-03-18 17:55:44,555 - INFO - Page 27: Generated visualizations - ['fused']
2026-03-18 17:55:44,781 - INFO - Page 28: Generated visualizations - ['fused']
2026-03-18 17:55:44,968 - INFO - Page 29: Generated visualizations - ['fused']
2026-03-18 17:55:45,159 - INFO - Page 30: Generated visualizations - ['fused']
2026-03-18 17:55:45,343 - INFO - Page 31: Generated visualizations - ['fused']
2026-03-18 17:55:45,538 - INFO - Page 32: Generated visualizations - ['fused']
2026-03-18 17:55:45,744 - INFO - Page 33: Generated visualizations - ['fused']
2026-03-18 17:55:45,945 - INFO - Page 34: Generated visualizations - ['fused']
2026-03-18 17:55:46,150 - INFO - Page 35: Generated visualizations - ['fused']
2026-03-18 17:55:46,350 - INFO - Page 36: Generated visualizations - ['fused']
2026-03-18 17:55:46,563 - INFO - Page 37: Generated visualizations - ['fused']
2026-03-18 17:55:46,761 - INFO - Page 38: Generated visualizations - ['fused']
2026-03-18 17:55:46,961 - INFO - Page 39: Generated visualizations - ['fused']
2026-03-18 17:55:47,137 - INFO - Page 40: Generated visualizations - ['fused']
2026-03-18 17:55:47,301 - INFO - Page 41: Generated visualizations - ['fused']
2026-03-18 17:55:47,535 - INFO - Page 42: Generated visualizations - ['fused']
2026-03-18 17:55:47,720 - INFO - Page 43: Generated visualizations - ['fused']
2026-03-18 17:55:47,942 - INFO - Page 44: Generated visualizations - ['fused']
2026-03-18 17:55:48,172 - INFO - Page 45: Generated visualizations - ['fused']
2026-03-18 17:55:48,343 - INFO - Page 46: Generated visualizations - ['fused']
2026-03-18 17:55:48,530 - INFO - Page 47: Generated visualizations - ['fused']
2026-03-18 17:55:48,738 - INFO - Page 48: Generated visualizations - ['fused']
2026-03-18 17:55:48,934 - INFO - Page 49: Generated visualizations - ['fused']
2026-03-18 17:55:49,140 - INFO - Page 50: Generated visualizations - ['fused']
2026-03-18 17:55:49,342 - INFO - Page 51: Generated visualizations - ['fused']
2026-03-18 17:55:49,563 - INFO - Page 52: Generated visualizations - ['fused']
2026-03-18 17:55:49,778 - INFO - Page 53: Generated visualizations - ['fused']
2026-03-18 17:55:49,983 - INFO - Page 54: Generated visualizations - ['fused']
2026-03-18 17:55:50,113 - INFO - Page 55: Generated visualizations - ['fused']
2026-03-18 17:55:50,232 - INFO - Page 56: Generated visualizations - ['fused']
2026-03-18 17:55:50,241 - INFO - Committed changes to database for dokumen:866
2026-03-18 17:55:50,252 - INFO - Labeling flow completed for dokumen:866
2026-03-18 17:55:50,263 - INFO - Task 1120 labeling status updated to: completed
2026-03-18 17:55:50,271 - INFO - Task 1120 validation status updated to: in_queue
2026-03-18 17:55:55,278 - INFO - Found labeling task in queue: ID 1121
2026-03-18 17:55:55,294 - INFO - Task 1121 labeling status updated to: processing
2026-03-18 17:55:55,294 - INFO - Processing labeling task ID: 1121, Type: dokumen
2026-03-18 17:55:55,295 - INFO - Reference target: dokumen:867
2026-03-18 17:55:55,307 - INFO - PDF: /app/storage/dokumen/222117032/867/pdf/13. Bab 6 - Uji Coba.pdf
2026-03-18 17:55:55,308 - INFO - Output: /app/storage/dokumen/222117032/867/extraction/13. Bab 6 - Uji Coba
2026-03-18 17:55:55,308 - INFO - Images output directory: /app/storage/dokumen/222117032/867/images
2026-03-18 17:56:03,360 - INFO - Saved 21 page images to: /app/storage/dokumen/222117032/867/images
2026-03-18 17:56:03,376 - INFO - Updated dokumen_images_path: /dokumen/222117032/867/images
2026-03-18 17:56:03,376 - INFO - Delegating to MergingExtractionService...
2026-03-18 17:56:03,381 - INFO - Visual output directory: /app/storage/dokumen/222117032/867/pdf/classification
2026-03-18 17:56:03,384 - INFO - Running Docling for dokumen:867
2026-03-18 17:56:03,401 - INFO - detected formats: [<InputFormat.PDF: 'pdf'>]
2026-03-18 17:56:03,404 - INFO - Going to convert document batch...
2026-03-18 17:56:03,405 - INFO - Initializing pipeline for StandardPdfPipeline with options hash e15bc6f248154cc62f8db15ef18a8ab7
2026-03-18 17:56:03,406 - INFO - rapidocr cannot be used because onnxruntime is not installed.
2026-03-18 17:56:03,406 - INFO - easyocr cannot be used because it is not installed.
2026-03-18 17:56:03,407 - INFO - Accelerator device: 'cpu'
2026-03-18 17:56:03,908 - INFO - Auto OCR model selected rapidocr with torch.
2026-03-18 17:56:03,908 - INFO - Accelerator device: 'cpu'
2026-03-18 17:56:04,756 - INFO - Accelerator device: 'cpu'
2026-03-18 17:56:05,024 - INFO - Processing document 13. Bab 6 - Uji Coba.pdf
2026-03-18 17:57:05,327 - INFO - Finished converting document 13. Bab 6 - Uji Coba.pdf in 61.94 sec.
2026-03-18 17:57:05,425 - INFO - Opened PDF: /app/storage/dokumen/222117032/867/pdf/13. Bab 6 - Uji Coba.pdf (21 pages)
2026-03-18 17:57:05,425 - INFO - Processing 21 pages for dokumen:867
2026-03-18 17:57:21,814 - INFO - Resolved document-level claims for dokumen:867 cleared=0 affected_pages=0
2026-03-18 17:57:21,844 - INFO - Page 1: header/footer rows total=1 mapped=1 null=0
2026-03-18 17:57:21,876 - INFO - Page 2: header/footer rows total=1 mapped=1 null=0
2026-03-18 17:57:21,908 - INFO - Page 3: header/footer rows total=1 mapped=1 null=0
2026-03-18 17:57:21,937 - INFO - Page 4: header/footer rows total=1 mapped=1 null=0
2026-03-18 17:57:21,965 - INFO - Page 5: header/footer rows total=1 mapped=1 null=0
2026-03-18 17:57:21,992 - INFO - Page 6: header/footer rows total=1 mapped=1 null=0
2026-03-18 17:57:22,018 - INFO - Page 7: header/footer rows total=1 mapped=1 null=0
2026-03-18 17:57:22,046 - INFO - Page 8: header/footer rows total=1 mapped=1 null=0
2026-03-18 17:57:22,072 - INFO - Page 9: header/footer rows total=1 mapped=1 null=0
2026-03-18 17:57:22,099 - INFO - Page 10: header/footer rows total=1 mapped=1 null=0
2026-03-18 17:57:22,125 - INFO - Page 11: header/footer rows total=1 mapped=1 null=0
2026-03-18 17:57:22,151 - INFO - Page 12: header/footer rows total=1 mapped=1 null=0
2026-03-18 17:57:22,177 - INFO - Page 13: header/footer rows total=1 mapped=1 null=0
2026-03-18 17:57:22,203 - INFO - Page 14: header/footer rows total=1 mapped=1 null=0
2026-03-18 17:57:22,231 - INFO - Page 15: header/footer rows total=1 mapped=1 null=0
2026-03-18 17:57:22,261 - INFO - Page 16: header/footer rows total=1 mapped=1 null=0
2026-03-18 17:57:22,293 - INFO - Page 17: header/footer rows total=1 mapped=1 null=0
2026-03-18 17:57:22,322 - INFO - Page 18: header/footer rows total=1 mapped=1 null=0
2026-03-18 17:57:22,350 - INFO - Page 19: header/footer rows total=1 mapped=1 null=0
2026-03-18 17:57:22,378 - INFO - Page 20: header/footer rows total=1 mapped=1 null=0
2026-03-18 17:57:22,407 - INFO - Page 21: header/footer rows total=1 mapped=1 null=0
2026-03-18 17:57:22,567 - INFO - Page 1: Generated visualizations - ['fused']
2026-03-18 17:57:22,742 - INFO - Page 2: Generated visualizations - ['fused']
2026-03-18 17:57:22,913 - INFO - Page 3: Generated visualizations - ['fused']
2026-03-18 17:57:23,079 - INFO - Page 4: Generated visualizations - ['fused']
2026-03-18 17:57:23,264 - INFO - Page 5: Generated visualizations - ['fused']
2026-03-18 17:57:23,449 - INFO - Page 6: Generated visualizations - ['fused']
2026-03-18 17:57:23,624 - INFO - Page 7: Generated visualizations - ['fused']
2026-03-18 17:57:23,792 - INFO - Page 8: Generated visualizations - ['fused']
2026-03-18 17:57:23,956 - INFO - Page 9: Generated visualizations - ['fused']
2026-03-18 17:57:24,119 - INFO - Page 10: Generated visualizations - ['fused']
2026-03-18 17:57:24,276 - INFO - Page 11: Generated visualizations - ['fused']
2026-03-18 17:57:24,438 - INFO - Page 12: Generated visualizations - ['fused']
2026-03-18 17:57:24,599 - INFO - Page 13: Generated visualizations - ['fused']
2026-03-18 17:57:24,758 - INFO - Page 14: Generated visualizations - ['fused']
2026-03-18 17:57:24,924 - INFO - Page 15: Generated visualizations - ['fused']
2026-03-18 17:57:25,090 - INFO - Page 16: Generated visualizations - ['fused']
2026-03-18 17:57:25,247 - INFO - Page 17: Generated visualizations - ['fused']
2026-03-18 17:57:25,401 - INFO - Page 18: Generated visualizations - ['fused']
2026-03-18 17:57:25,559 - INFO - Page 19: Generated visualizations - ['fused']
2026-03-18 17:57:25,726 - INFO - Page 20: Generated visualizations - ['fused']
2026-03-18 17:57:25,849 - INFO - Page 21: Generated visualizations - ['fused']
2026-03-18 17:57:25,861 - INFO - Committed changes to database for dokumen:867
2026-03-18 17:57:25,865 - INFO - Labeling flow completed for dokumen:867
2026-03-18 17:57:25,876 - INFO - Task 1121 labeling status updated to: completed
2026-03-18 17:57:25,884 - INFO - Task 1121 validation status updated to: in_queue
2026-03-18 17:57:30,890 - INFO - Found labeling task in queue: ID 1122
2026-03-18 17:57:30,905 - INFO - Task 1122 labeling status updated to: processing
2026-03-18 17:57:30,905 - INFO - Processing labeling task ID: 1122, Type: dokumen
2026-03-18 17:57:30,906 - INFO - Reference target: dokumen:868
2026-03-18 17:57:30,917 - INFO - PDF: /app/storage/dokumen/222117032/868/pdf/14. Bab 7 - Penutup.pdf
2026-03-18 17:57:30,917 - INFO - Output: /app/storage/dokumen/222117032/868/extraction/14. Bab 7 - Penutup
2026-03-18 17:57:30,917 - INFO - Images output directory: /app/storage/dokumen/222117032/868/images
2026-03-18 17:57:31,684 - INFO - Saved 2 page images to: /app/storage/dokumen/222117032/868/images
2026-03-18 17:57:31,694 - INFO - Updated dokumen_images_path: /dokumen/222117032/868/images
2026-03-18 17:57:31,694 - INFO - Delegating to MergingExtractionService...
2026-03-18 17:57:31,699 - INFO - Visual output directory: /app/storage/dokumen/222117032/868/pdf/classification
2026-03-18 17:57:31,702 - INFO - Running Docling for dokumen:868
2026-03-18 17:57:31,718 - INFO - detected formats: [<InputFormat.PDF: 'pdf'>]
2026-03-18 17:57:31,721 - INFO - Going to convert document batch...
2026-03-18 17:57:31,721 - INFO - Initializing pipeline for StandardPdfPipeline with options hash e15bc6f248154cc62f8db15ef18a8ab7
2026-03-18 17:57:31,722 - INFO - rapidocr cannot be used because onnxruntime is not installed.
2026-03-18 17:57:31,723 - INFO - easyocr cannot be used because it is not installed.
2026-03-18 17:57:31,723 - INFO - Accelerator device: 'cpu'
2026-03-18 17:57:32,220 - INFO - Auto OCR model selected rapidocr with torch.
2026-03-18 17:57:32,221 - INFO - Accelerator device: 'cpu'
2026-03-18 17:57:32,964 - INFO - Accelerator device: 'cpu'
2026-03-18 17:57:33,220 - INFO - Processing document 14. Bab 7 - Penutup.pdf
2026-03-18 17:57:35,114 - INFO - Finished converting document 14. Bab 7 - Penutup.pdf in 3.40 sec.
2026-03-18 17:57:35,182 - INFO - Opened PDF: /app/storage/dokumen/222117032/868/pdf/14. Bab 7 - Penutup.pdf (2 pages)
2026-03-18 17:57:35,182 - INFO - Processing 2 pages for dokumen:868
2026-03-18 17:57:35,800 - INFO - Resolved document-level claims for dokumen:868 cleared=0 affected_pages=0
2026-03-18 17:57:35,827 - INFO - Page 1: header/footer rows total=1 mapped=1 null=0
2026-03-18 17:57:35,854 - INFO - Page 2: header/footer rows total=1 mapped=1 null=0
2026-03-18 17:57:35,981 - INFO - Page 1: Generated visualizations - ['fused']
2026-03-18 17:57:36,118 - INFO - Page 2: Generated visualizations - ['fused']
2026-03-18 17:57:36,133 - INFO - Committed changes to database for dokumen:868
2026-03-18 17:57:36,134 - INFO - Labeling flow completed for dokumen:868
2026-03-18 17:57:36,145 - INFO - Task 1122 labeling status updated to: completed
2026-03-18 17:57:36,152 - INFO - Task 1122 validation status updated to: in_queue
2026-03-18 17:57:41,158 - INFO - Found labeling task in queue: ID 1123
2026-03-18 17:57:41,167 - INFO - Task 1123 labeling status updated to: processing
2026-03-18 17:57:41,168 - INFO - Processing labeling task ID: 1123, Type: dokumen
2026-03-18 17:57:41,168 - INFO - Reference target: dokumen:869
2026-03-18 17:57:41,179 - INFO - PDF: /app/storage/dokumen/222117032/869/pdf/8. Bab I - Pendahuluan.pdf
2026-03-18 17:57:41,180 - INFO - Output: /app/storage/dokumen/222117032/869/extraction/8. Bab I - Pendahuluan
2026-03-18 17:57:41,180 - INFO - Images output directory: /app/storage/dokumen/222117032/869/images
2026-03-18 17:57:43,717 - INFO - Saved 7 page images to: /app/storage/dokumen/222117032/869/images
2026-03-18 17:57:43,735 - INFO - Updated dokumen_images_path: /dokumen/222117032/869/images
2026-03-18 17:57:43,735 - INFO - Delegating to MergingExtractionService...
2026-03-18 17:57:43,740 - INFO - Visual output directory: /app/storage/dokumen/222117032/869/pdf/classification
2026-03-18 17:57:43,743 - INFO - Running Docling for dokumen:869
2026-03-18 17:57:43,757 - INFO - detected formats: [<InputFormat.PDF: 'pdf'>]
2026-03-18 17:57:43,760 - INFO - Going to convert document batch...
2026-03-18 17:57:43,760 - INFO - Initializing pipeline for StandardPdfPipeline with options hash e15bc6f248154cc62f8db15ef18a8ab7
2026-03-18 17:57:43,761 - INFO - rapidocr cannot be used because onnxruntime is not installed.
2026-03-18 17:57:43,761 - INFO - easyocr cannot be used because it is not installed.
2026-03-18 17:57:43,762 - INFO - Accelerator device: 'cpu'
2026-03-18 17:57:44,504 - INFO - Auto OCR model selected rapidocr with torch.
2026-03-18 17:57:44,504 - INFO - Accelerator device: 'cpu'
2026-03-18 17:57:45,255 - INFO - Accelerator device: 'cpu'
2026-03-18 17:57:45,498 - INFO - Processing document 8. Bab I - Pendahuluan.pdf
2026-03-18 17:57:56,119 - INFO - Finished converting document 8. Bab I - Pendahuluan.pdf in 12.37 sec.
2026-03-18 17:57:56,186 - INFO - Opened PDF: /app/storage/dokumen/222117032/869/pdf/8. Bab I - Pendahuluan.pdf (7 pages)
2026-03-18 17:57:56,186 - INFO - Processing 7 pages for dokumen:869
2026-03-18 17:58:00,251 - INFO - Resolved document-level claims for dokumen:869 cleared=0 affected_pages=0
2026-03-18 17:58:00,282 - INFO - Page 1: header/footer rows total=1 mapped=1 null=0
2026-03-18 17:58:00,312 - INFO - Page 2: header/footer rows total=1 mapped=1 null=0
2026-03-18 17:58:00,342 - INFO - Page 3: header/footer rows total=1 mapped=1 null=0
2026-03-18 17:58:00,371 - INFO - Page 4: header/footer rows total=1 mapped=1 null=0
2026-03-18 17:58:00,398 - INFO - Page 5: header/footer rows total=1 mapped=1 null=0
2026-03-18 17:58:00,427 - INFO - Page 6: header/footer rows total=1 mapped=1 null=0
2026-03-18 17:58:00,455 - INFO - Page 7: header/footer rows total=1 mapped=1 null=0
2026-03-18 17:58:00,589 - INFO - Page 1: Generated visualizations - ['fused']
2026-03-18 17:58:00,735 - INFO - Page 2: Generated visualizations - ['fused']
2026-03-18 17:58:00,964 - INFO - Page 3: Generated visualizations - ['fused']
2026-03-18 17:58:01,108 - INFO - Page 4: Generated visualizations - ['fused']
2026-03-18 17:58:01,272 - INFO - Page 5: Generated visualizations - ['fused']
2026-03-18 17:58:01,429 - INFO - Page 6: Generated visualizations - ['fused']
2026-03-18 17:58:01,573 - INFO - Page 7: Generated visualizations - ['fused']
2026-03-18 17:58:01,589 - INFO - Committed changes to database for dokumen:869
2026-03-18 17:58:01,592 - INFO - Labeling flow completed for dokumen:869
2026-03-18 17:58:01,603 - INFO - Task 1123 labeling status updated to: completed
2026-03-18 17:58:01,611 - INFO - Task 1123 validation status updated to: in_queue
2026-03-18 17:58:06,615 - INFO - Found labeling task in queue: ID 1124
2026-03-18 17:58:06,627 - INFO - Task 1124 labeling status updated to: processing
2026-03-18 17:58:06,628 - INFO - Processing labeling task ID: 1124, Type: dokumen
2026-03-18 17:58:06,628 - INFO - Reference target: dokumen:870
2026-03-18 17:58:06,640 - INFO - PDF: /app/storage/dokumen/222117032/870/pdf/9. Bab II - Teori Penunjang.pdf
2026-03-18 17:58:06,641 - INFO - Output: /app/storage/dokumen/222117032/870/extraction/9. Bab II - Teori Penunjang
2026-03-18 17:58:06,641 - INFO - Images output directory: /app/storage/dokumen/222117032/870/images
2026-03-18 17:58:11,341 - INFO - Saved 13 page images to: /app/storage/dokumen/222117032/870/images
2026-03-18 17:58:11,362 - INFO - Updated dokumen_images_path: /dokumen/222117032/870/images
2026-03-18 17:58:11,362 - INFO - Delegating to MergingExtractionService...
2026-03-18 17:58:11,367 - INFO - Visual output directory: /app/storage/dokumen/222117032/870/pdf/classification
2026-03-18 17:58:11,370 - INFO - Running Docling for dokumen:870
2026-03-18 17:58:11,386 - INFO - detected formats: [<InputFormat.PDF: 'pdf'>]
2026-03-18 17:58:11,389 - INFO - Going to convert document batch...
2026-03-18 17:58:11,389 - INFO - Initializing pipeline for StandardPdfPipeline with options hash e15bc6f248154cc62f8db15ef18a8ab7
2026-03-18 17:58:11,390 - INFO - rapidocr cannot be used because onnxruntime is not installed.
2026-03-18 17:58:11,391 - INFO - easyocr cannot be used because it is not installed.
2026-03-18 17:58:11,391 - INFO - Accelerator device: 'cpu'
2026-03-18 17:58:11,860 - INFO - Auto OCR model selected rapidocr with torch.
2026-03-18 17:58:11,861 - INFO - Accelerator device: 'cpu'
2026-03-18 17:58:12,619 - INFO - Accelerator device: 'cpu'
2026-03-18 17:58:12,858 - INFO - Processing document 9. Bab II - Teori Penunjang.pdf
2026-03-18 17:58:14,746 - WARNING - RapidOCR returned empty result!
2026-03-18 17:58:37,111 - INFO - Finished converting document 9. Bab II - Teori Penunjang.pdf in 25.73 sec.
2026-03-18 17:58:37,196 - INFO - Opened PDF: /app/storage/dokumen/222117032/870/pdf/9. Bab II - Teori Penunjang.pdf (13 pages)
2026-03-18 17:58:37,196 - INFO - Processing 13 pages for dokumen:870
2026-03-18 17:58:48,005 - INFO - Resolved document-level claims for dokumen:870 cleared=0 affected_pages=0
2026-03-18 17:58:48,034 - INFO - Page 1: header/footer rows total=1 mapped=1 null=0
2026-03-18 17:58:48,062 - INFO - Page 2: header/footer rows total=1 mapped=1 null=0
2026-03-18 17:58:48,089 - INFO - Page 3: header/footer rows total=1 mapped=1 null=0
2026-03-18 17:58:48,115 - INFO - Page 4: header/footer rows total=1 mapped=1 null=0
2026-03-18 17:58:48,141 - INFO - Page 5: header/footer rows total=1 mapped=1 null=0
2026-03-18 17:58:48,167 - INFO - Page 6: header/footer rows total=1 mapped=1 null=0
2026-03-18 17:58:48,194 - INFO - Page 7: header/footer rows total=1 mapped=1 null=0
2026-03-18 17:58:48,219 - INFO - Page 8: header/footer rows total=1 mapped=1 null=0
2026-03-18 17:58:48,245 - INFO - Page 9: header/footer rows total=1 mapped=1 null=0
2026-03-18 17:58:48,274 - INFO - Page 10: header/footer rows total=1 mapped=1 null=0
2026-03-18 17:58:48,309 - INFO - Page 11: header/footer rows total=1 mapped=1 null=0
2026-03-18 17:58:48,336 - INFO - Page 12: header/footer rows total=1 mapped=1 null=0
2026-03-18 17:58:48,365 - INFO - Page 13: header/footer rows total=1 mapped=1 null=0
2026-03-18 17:58:48,497 - INFO - Page 1: Generated visualizations - ['fused']
2026-03-18 17:58:48,627 - INFO - Page 2: Generated visualizations - ['fused']
2026-03-18 17:58:48,771 - INFO - Page 3: Generated visualizations - ['fused']
2026-03-18 17:58:48,915 - INFO - Page 4: Generated visualizations - ['fused']
2026-03-18 17:58:49,065 - INFO - Page 5: Generated visualizations - ['fused']
2026-03-18 17:58:49,215 - INFO - Page 6: Generated visualizations - ['fused']
2026-03-18 17:58:49,380 - INFO - Page 7: Generated visualizations - ['fused']
2026-03-18 17:58:49,529 - INFO - Page 8: Generated visualizations - ['fused']
2026-03-18 17:58:49,681 - INFO - Page 9: Generated visualizations - ['fused']
2026-03-18 17:58:49,907 - INFO - Page 10: Generated visualizations - ['fused']
2026-03-18 17:58:50,062 - INFO - Page 11: Generated visualizations - ['fused']
2026-03-18 17:58:50,201 - INFO - Page 12: Generated visualizations - ['fused']
2026-03-18 17:58:50,304 - INFO - Page 13: Generated visualizations - ['fused']
2026-03-18 17:58:50,314 - INFO - Committed changes to database for dokumen:870
2026-03-18 17:58:50,317 - INFO - Labeling flow completed for dokumen:870
2026-03-18 17:58:50,327 - INFO - Task 1124 labeling status updated to: completed
2026-03-18 17:58:50,334 - INFO - Task 1124 validation status updated to: in_queue
2026-03-18 17:58:55,340 - INFO - Found labeling task in queue: ID 1125
2026-03-18 17:58:55,353 - INFO - Task 1125 labeling status updated to: processing
2026-03-18 17:58:55,353 - INFO - Processing labeling task ID: 1125, Type: dokumen
2026-03-18 17:58:55,354 - INFO - Reference target: dokumen:871
2026-03-18 17:58:55,366 - INFO - PDF: /app/storage/dokumen/222117032/871/pdf/10. Bab III - Analisa.pdf
2026-03-18 17:58:55,366 - INFO - Output: /app/storage/dokumen/222117032/871/extraction/10. Bab III - Analisa
2026-03-18 17:58:55,366 - INFO - Images output directory: /app/storage/dokumen/222117032/871/images
2026-03-18 17:59:01,215 - INFO - Saved 16 page images to: /app/storage/dokumen/222117032/871/images
2026-03-18 17:59:01,227 - INFO - Updated dokumen_images_path: /dokumen/222117032/871/images
2026-03-18 17:59:01,227 - INFO - Delegating to MergingExtractionService...
2026-03-18 17:59:01,232 - INFO - Visual output directory: /app/storage/dokumen/222117032/871/pdf/classification
2026-03-18 17:59:01,235 - INFO - Running Docling for dokumen:871
2026-03-18 17:59:01,256 - INFO - detected formats: [<InputFormat.PDF: 'pdf'>]
2026-03-18 17:59:01,259 - INFO - Going to convert document batch...
2026-03-18 17:59:01,260 - INFO - Initializing pipeline for StandardPdfPipeline with options hash e15bc6f248154cc62f8db15ef18a8ab7
2026-03-18 17:59:01,261 - INFO - rapidocr cannot be used because onnxruntime is not installed.
2026-03-18 17:59:01,261 - INFO - easyocr cannot be used because it is not installed.
2026-03-18 17:59:01,261 - INFO - Accelerator device: 'cpu'
2026-03-18 17:59:01,778 - INFO - Auto OCR model selected rapidocr with torch.
2026-03-18 17:59:01,779 - INFO - Accelerator device: 'cpu'
2026-03-18 17:59:02,560 - INFO - Accelerator device: 'cpu'
2026-03-18 17:59:02,863 - INFO - Processing document 10. Bab III - Analisa.pdf
2026-03-18 17:59:29,852 - INFO - Finished converting document 10. Bab III - Analisa.pdf in 28.61 sec.
2026-03-18 17:59:29,926 - INFO - Opened PDF: /app/storage/dokumen/222117032/871/pdf/10. Bab III - Analisa.pdf (16 pages)
2026-03-18 17:59:29,926 - INFO - Processing 16 pages for dokumen:871
2026-03-18 17:59:44,964 - INFO - Resolved document-level claims for dokumen:871 cleared=0 affected_pages=0
2026-03-18 17:59:44,991 - INFO - Page 1: header/footer rows total=1 mapped=1 null=0
2026-03-18 17:59:45,019 - INFO - Page 2: header/footer rows total=1 mapped=1 null=0
2026-03-18 17:59:45,046 - INFO - Page 3: header/footer rows total=1 mapped=1 null=0
2026-03-18 17:59:45,074 - INFO - Page 4: header/footer rows total=1 mapped=1 null=0
2026-03-18 17:59:45,102 - INFO - Page 5: header/footer rows total=1 mapped=1 null=0
2026-03-18 17:59:45,130 - INFO - Page 6: header/footer rows total=1 mapped=1 null=0
2026-03-18 17:59:45,157 - INFO - Page 7: header/footer rows total=1 mapped=1 null=0
2026-03-18 17:59:45,183 - INFO - Page 8: header/footer rows total=1 mapped=1 null=0
2026-03-18 17:59:45,210 - INFO - Page 9: header/footer rows total=1 mapped=1 null=0
2026-03-18 17:59:45,236 - INFO - Page 10: header/footer rows total=1 mapped=1 null=0
2026-03-18 17:59:45,262 - INFO - Page 11: header/footer rows total=1 mapped=1 null=0
2026-03-18 17:59:45,289 - INFO - Page 12: header/footer rows total=1 mapped=1 null=0
2026-03-18 17:59:45,317 - INFO - Page 13: header/footer rows total=1 mapped=1 null=0
2026-03-18 17:59:45,343 - INFO - Page 14: header/footer rows total=1 mapped=1 null=0
2026-03-18 17:59:45,371 - INFO - Page 15: header/footer rows total=1 mapped=1 null=0
2026-03-18 17:59:45,397 - INFO - Page 16: header/footer rows total=1 mapped=1 null=0
2026-03-18 17:59:45,521 - INFO - Page 1: Generated visualizations - ['fused']
2026-03-18 17:59:45,673 - INFO - Page 2: Generated visualizations - ['fused']
2026-03-18 17:59:45,824 - INFO - Page 3: Generated visualizations - ['fused']
2026-03-18 17:59:45,977 - INFO - Page 4: Generated visualizations - ['fused']
2026-03-18 17:59:46,120 - INFO - Page 5: Generated visualizations - ['fused']
2026-03-18 17:59:46,339 - INFO - Page 6: Generated visualizations - ['fused']
2026-03-18 17:59:46,535 - INFO - Page 7: Generated visualizations - ['fused']
2026-03-18 17:59:46,768 - INFO - Page 8: Generated visualizations - ['fused']
2026-03-18 17:59:46,928 - INFO - Page 9: Generated visualizations - ['fused']
2026-03-18 17:59:47,082 - INFO - Page 10: Generated visualizations - ['fused']
2026-03-18 17:59:47,227 - INFO - Page 11: Generated visualizations - ['fused']
2026-03-18 17:59:47,382 - INFO - Page 12: Generated visualizations - ['fused']
2026-03-18 17:59:47,528 - INFO - Page 13: Generated visualizations - ['fused']
2026-03-18 17:59:47,668 - INFO - Page 14: Generated visualizations - ['fused']
2026-03-18 17:59:47,820 - INFO - Page 15: Generated visualizations - ['fused']
2026-03-18 17:59:47,933 - INFO - Page 16: Generated visualizations - ['fused']
2026-03-18 17:59:47,943 - INFO - Committed changes to database for dokumen:871
2026-03-18 17:59:47,946 - INFO - Labeling flow completed for dokumen:871
2026-03-18 17:59:47,957 - INFO - Task 1125 labeling status updated to: completed
2026-03-18 17:59:47,965 - INFO - Task 1125 validation status updated to: in_queue
2026-03-18 17:59:52,970 - INFO - Found labeling task in queue: ID 1126
2026-03-18 17:59:52,985 - INFO - Task 1126 labeling status updated to: processing
2026-03-18 17:59:52,985 - INFO - Processing labeling task ID: 1126, Type: dokumen
2026-03-18 17:59:52,986 - INFO - Reference target: dokumen:872
2026-03-18 17:59:52,998 - INFO - PDF: /app/storage/dokumen/222117032/872/pdf/11. Bab IV - Desain.pdf
2026-03-18 17:59:52,998 - INFO - Output: /app/storage/dokumen/222117032/872/extraction/11. Bab IV - Desain
2026-03-18 17:59:52,998 - INFO - Images output directory: /app/storage/dokumen/222117032/872/images
2026-03-18 18:00:08,976 - INFO - Saved 46 page images to: /app/storage/dokumen/222117032/872/images
2026-03-18 18:00:08,998 - INFO - Updated dokumen_images_path: /dokumen/222117032/872/images
2026-03-18 18:00:08,999 - INFO - Delegating to MergingExtractionService...
2026-03-18 18:00:09,003 - INFO - Visual output directory: /app/storage/dokumen/222117032/872/pdf/classification
2026-03-18 18:00:09,006 - INFO - Running Docling for dokumen:872
2026-03-18 18:00:09,026 - INFO - detected formats: [<InputFormat.PDF: 'pdf'>]
2026-03-18 18:00:09,031 - INFO - Going to convert document batch...
2026-03-18 18:00:09,032 - INFO - Initializing pipeline for StandardPdfPipeline with options hash e15bc6f248154cc62f8db15ef18a8ab7
2026-03-18 18:00:09,033 - INFO - rapidocr cannot be used because onnxruntime is not installed.
2026-03-18 18:00:09,033 - INFO - easyocr cannot be used because it is not installed.
2026-03-18 18:00:09,034 - INFO - Accelerator device: 'cpu'
2026-03-18 18:00:09,825 - INFO - Auto OCR model selected rapidocr with torch.
2026-03-18 18:00:09,825 - INFO - Accelerator device: 'cpu'
2026-03-18 18:00:10,586 - INFO - Accelerator device: 'cpu'
2026-03-18 18:00:10,852 - INFO - Processing document 11. Bab IV - Desain.pdf
2026-03-18 18:01:05,263 - WARNING - RapidOCR returned empty result!
2026-03-18 18:01:12,379 - WARNING - RapidOCR returned empty result!
2026-03-18 18:01:39,761 - INFO - Finished converting document 11. Bab IV - Desain.pdf in 90.75 sec.
2026-03-18 18:01:39,884 - INFO - Opened PDF: /app/storage/dokumen/222117032/872/pdf/11. Bab IV - Desain.pdf (46 pages)
2026-03-18 18:01:39,885 - INFO - Processing 46 pages for dokumen:872
2026-03-18 18:02:40,163 - INFO - Resolved document-level claims for dokumen:872 cleared=0 affected_pages=0
2026-03-18 18:02:40,192 - INFO - Page 1: header/footer rows total=1 mapped=1 null=0
2026-03-18 18:02:40,223 - INFO - Page 2: header/footer rows total=1 mapped=1 null=0
2026-03-18 18:02:40,252 - INFO - Page 3: header/footer rows total=1 mapped=1 null=0
2026-03-18 18:02:40,282 - INFO - Page 4: header/footer rows total=1 mapped=1 null=0
2026-03-18 18:02:40,311 - INFO - Page 5: header/footer rows total=1 mapped=1 null=0
2026-03-18 18:02:40,342 - INFO - Page 6: header/footer rows total=1 mapped=1 null=0
2026-03-18 18:02:40,372 - INFO - Page 7: header/footer rows total=1 mapped=1 null=0
2026-03-18 18:02:40,400 - INFO - Page 8: header/footer rows total=1 mapped=1 null=0
2026-03-18 18:02:40,428 - INFO - Page 9: header/footer rows total=1 mapped=1 null=0
2026-03-18 18:02:40,455 - INFO - Page 10: header/footer rows total=1 mapped=1 null=0
2026-03-18 18:02:40,485 - INFO - Page 11: header/footer rows total=1 mapped=1 null=0
2026-03-18 18:02:40,512 - INFO - Page 12: header/footer rows total=1 mapped=1 null=0
2026-03-18 18:02:40,543 - INFO - Page 13: header/footer rows total=1 mapped=1 null=0
2026-03-18 18:02:40,570 - INFO - Page 14: header/footer rows total=1 mapped=1 null=0
2026-03-18 18:02:40,598 - INFO - Page 15: header/footer rows total=1 mapped=1 null=0
2026-03-18 18:02:40,625 - INFO - Page 16: header/footer rows total=1 mapped=1 null=0
2026-03-18 18:02:40,653 - INFO - Page 17: header/footer rows total=1 mapped=1 null=0
2026-03-18 18:02:40,682 - INFO - Page 18: header/footer rows total=1 mapped=1 null=0
2026-03-18 18:02:40,709 - INFO - Page 19: header/footer rows total=1 mapped=1 null=0
2026-03-18 18:02:40,738 - INFO - Page 20: header/footer rows total=1 mapped=1 null=0
2026-03-18 18:02:40,766 - INFO - Page 21: header/footer rows total=1 mapped=1 null=0
2026-03-18 18:02:40,794 - INFO - Page 22: header/footer rows total=1 mapped=1 null=0
2026-03-18 18:02:40,822 - INFO - Page 23: header/footer rows total=1 mapped=1 null=0
2026-03-18 18:02:40,851 - INFO - Page 24: header/footer rows total=1 mapped=1 null=0
2026-03-18 18:02:40,879 - INFO - Page 25: header/footer rows total=1 mapped=1 null=0
2026-03-18 18:02:40,908 - INFO - Page 26: header/footer rows total=1 mapped=1 null=0
2026-03-18 18:02:40,937 - INFO - Page 27: header/footer rows total=1 mapped=1 null=0
2026-03-18 18:02:40,969 - INFO - Page 28: header/footer rows total=1 mapped=1 null=0
2026-03-18 18:02:41,001 - INFO - Page 29: header/footer rows total=1 mapped=1 null=0
2026-03-18 18:02:41,032 - INFO - Page 30: header/footer rows total=1 mapped=1 null=0
2026-03-18 18:02:41,062 - INFO - Page 31: header/footer rows total=1 mapped=1 null=0
2026-03-18 18:02:41,093 - INFO - Page 32: header/footer rows total=1 mapped=1 null=0
2026-03-18 18:02:41,121 - INFO - Page 33: header/footer rows total=1 mapped=1 null=0
2026-03-18 18:02:41,155 - INFO - Page 34: header/footer rows total=1 mapped=1 null=0
2026-03-18 18:02:41,183 - INFO - Page 35: header/footer rows total=1 mapped=1 null=0
2026-03-18 18:02:41,212 - INFO - Page 36: header/footer rows total=1 mapped=1 null=0
2026-03-18 18:02:41,242 - INFO - Page 37: header/footer rows total=1 mapped=1 null=0
2026-03-18 18:02:41,272 - INFO - Page 38: header/footer rows total=1 mapped=1 null=0
2026-03-18 18:02:41,300 - INFO - Page 39: header/footer rows total=1 mapped=1 null=0
2026-03-18 18:02:41,328 - INFO - Page 40: header/footer rows total=1 mapped=1 null=0
2026-03-18 18:02:41,361 - INFO - Page 41: header/footer rows total=1 mapped=1 null=0
2026-03-18 18:02:41,390 - INFO - Page 42: header/footer rows total=1 mapped=1 null=0
2026-03-18 18:02:41,419 - INFO - Page 43: header/footer rows total=1 mapped=1 null=0
2026-03-18 18:02:41,447 - INFO - Page 44: header/footer rows total=1 mapped=1 null=0
2026-03-18 18:02:41,479 - INFO - Page 45: header/footer rows total=1 mapped=1 null=0
2026-03-18 18:02:41,511 - INFO - Page 46: header/footer rows total=1 mapped=1 null=0
2026-03-18 18:02:41,668 - INFO - Page 1: Generated visualizations - ['fused']
2026-03-18 18:02:41,844 - INFO - Page 2: Generated visualizations - ['fused']
2026-03-18 18:02:42,009 - INFO - Page 3: Generated visualizations - ['fused']
2026-03-18 18:02:42,210 - INFO - Page 4: Generated visualizations - ['fused']
2026-03-18 18:02:42,382 - INFO - Page 5: Generated visualizations - ['fused']
2026-03-18 18:02:42,583 - INFO - Page 6: Generated visualizations - ['fused']
2026-03-18 18:02:42,774 - INFO - Page 7: Generated visualizations - ['fused']
2026-03-18 18:02:43,004 - INFO - Page 8: Generated visualizations - ['fused']
2026-03-18 18:02:43,158 - INFO - Page 9: Generated visualizations - ['fused']
2026-03-18 18:02:43,337 - INFO - Page 10: Generated visualizations - ['fused']
2026-03-18 18:02:43,520 - INFO - Page 11: Generated visualizations - ['fused']
2026-03-18 18:02:43,692 - INFO - Page 12: Generated visualizations - ['fused']
2026-03-18 18:02:43,851 - INFO - Page 13: Generated visualizations - ['fused']
2026-03-18 18:02:44,060 - INFO - Page 14: Generated visualizations - ['fused']
2026-03-18 18:02:44,236 - INFO - Page 15: Generated visualizations - ['fused']
2026-03-18 18:02:44,423 - INFO - Page 16: Generated visualizations - ['fused']
2026-03-18 18:02:44,622 - INFO - Page 17: Generated visualizations - ['fused']
2026-03-18 18:02:44,835 - INFO - Page 18: Generated visualizations - ['fused']
2026-03-18 18:02:45,036 - INFO - Page 19: Generated visualizations - ['fused']
2026-03-18 18:02:45,234 - INFO - Page 20: Generated visualizations - ['fused']
2026-03-18 18:02:45,407 - INFO - Page 21: Generated visualizations - ['fused']
2026-03-18 18:02:45,623 - INFO - Page 22: Generated visualizations - ['fused']
2026-03-18 18:02:45,806 - INFO - Page 23: Generated visualizations - ['fused']
2026-03-18 18:02:46,017 - INFO - Page 24: Generated visualizations - ['fused']
2026-03-18 18:02:46,231 - INFO - Page 25: Generated visualizations - ['fused']
2026-03-18 18:02:46,426 - INFO - Page 26: Generated visualizations - ['fused']
2026-03-18 18:02:46,631 - INFO - Page 27: Generated visualizations - ['fused']
2026-03-18 18:02:46,854 - INFO - Page 28: Generated visualizations - ['fused']
2026-03-18 18:02:47,071 - INFO - Page 29: Generated visualizations - ['fused']
2026-03-18 18:02:47,276 - INFO - Page 30: Generated visualizations - ['fused']
2026-03-18 18:02:47,505 - INFO - Page 31: Generated visualizations - ['fused']
2026-03-18 18:02:47,720 - INFO - Page 32: Generated visualizations - ['fused']
2026-03-18 18:02:47,959 - INFO - Page 33: Generated visualizations - ['fused']
2026-03-18 18:02:48,209 - INFO - Page 34: Generated visualizations - ['fused']
2026-03-18 18:02:48,452 - INFO - Page 35: Generated visualizations - ['fused']
2026-03-18 18:02:48,660 - INFO - Page 36: Generated visualizations - ['fused']
2026-03-18 18:02:48,860 - INFO - Page 37: Generated visualizations - ['fused']
2026-03-18 18:02:49,015 - INFO - Page 38: Generated visualizations - ['fused']
2026-03-18 18:02:49,209 - INFO - Page 39: Generated visualizations - ['fused']
2026-03-18 18:02:49,411 - INFO - Page 40: Generated visualizations - ['fused']
2026-03-18 18:02:49,599 - INFO - Page 41: Generated visualizations - ['fused']
2026-03-18 18:02:49,824 - INFO - Page 42: Generated visualizations - ['fused']
2026-03-18 18:02:50,048 - INFO - Page 43: Generated visualizations - ['fused']
2026-03-18 18:02:50,277 - INFO - Page 44: Generated visualizations - ['fused']
2026-03-18 18:02:50,506 - INFO - Page 45: Generated visualizations - ['fused']
2026-03-18 18:02:50,662 - INFO - Page 46: Generated visualizations - ['fused']
2026-03-18 18:02:50,676 - INFO - Committed changes to database for dokumen:872
2026-03-18 18:02:50,685 - INFO - Labeling flow completed for dokumen:872
2026-03-18 18:02:50,695 - INFO - Task 1126 labeling status updated to: completed
2026-03-18 18:02:50,702 - INFO - Task 1126 validation status updated to: in_queue
2026-03-18 18:02:55,708 - INFO - Found labeling task in queue: ID 1127
2026-03-18 18:02:55,717 - INFO - Task 1127 labeling status updated to: processing
2026-03-18 18:02:55,717 - INFO - Processing labeling task ID: 1127, Type: dokumen
2026-03-18 18:02:55,717 - INFO - Reference target: dokumen:873
2026-03-18 18:02:55,730 - INFO - PDF: /app/storage/dokumen/222117032/873/pdf/12. Bab V - Implementasi.pdf
2026-03-18 18:02:55,730 - INFO - Output: /app/storage/dokumen/222117032/873/extraction/12. Bab V - Implementasi
2026-03-18 18:02:55,730 - INFO - Images output directory: /app/storage/dokumen/222117032/873/images
2026-03-18 18:03:02,738 - INFO - Saved 20 page images to: /app/storage/dokumen/222117032/873/images
2026-03-18 18:03:02,752 - INFO - Updated dokumen_images_path: /dokumen/222117032/873/images
2026-03-18 18:03:02,753 - INFO - Delegating to MergingExtractionService...
2026-03-18 18:03:02,758 - INFO - Visual output directory: /app/storage/dokumen/222117032/873/pdf/classification
2026-03-18 18:03:02,760 - INFO - Running Docling for dokumen:873
2026-03-18 18:03:02,776 - INFO - detected formats: [<InputFormat.PDF: 'pdf'>]
2026-03-18 18:03:02,781 - INFO - Going to convert document batch...
2026-03-18 18:03:02,782 - INFO - Initializing pipeline for StandardPdfPipeline with options hash e15bc6f248154cc62f8db15ef18a8ab7
2026-03-18 18:03:02,782 - INFO - rapidocr cannot be used because onnxruntime is not installed.
2026-03-18 18:03:02,783 - INFO - easyocr cannot be used because it is not installed.
2026-03-18 18:03:02,783 - INFO - Accelerator device: 'cpu'
2026-03-18 18:03:03,547 - INFO - Auto OCR model selected rapidocr with torch.
2026-03-18 18:03:03,547 - INFO - Accelerator device: 'cpu'
2026-03-18 18:03:04,288 - INFO - Accelerator device: 'cpu'
2026-03-18 18:03:04,575 - INFO - Processing document 12. Bab V - Implementasi.pdf
2026-03-18 18:03:32,760 - INFO - Finished converting document 12. Bab V - Implementasi.pdf in 29.99 sec.
2026-03-18 18:03:32,862 - INFO - Opened PDF: /app/storage/dokumen/222117032/873/pdf/12. Bab V - Implementasi.pdf (20 pages)
2026-03-18 18:03:32,862 - INFO - Processing 20 pages for dokumen:873
2026-03-18 18:03:54,611 - INFO - Resolved document-level claims for dokumen:873 cleared=0 affected_pages=0
2026-03-18 18:03:54,638 - INFO - Page 1: header/footer rows total=1 mapped=1 null=0
2026-03-18 18:03:54,667 - INFO - Page 2: header/footer rows total=1 mapped=1 null=0
2026-03-18 18:03:54,694 - INFO - Page 3: header/footer rows total=1 mapped=1 null=0
2026-03-18 18:03:54,722 - INFO - Page 4: header/footer rows total=1 mapped=1 null=0
2026-03-18 18:03:54,752 - INFO - Page 5: header/footer rows total=1 mapped=1 null=0
2026-03-18 18:03:54,779 - INFO - Page 6: header/footer rows total=1 mapped=1 null=0
2026-03-18 18:03:54,808 - INFO - Page 7: header/footer rows total=1 mapped=1 null=0
2026-03-18 18:03:54,837 - INFO - Page 8: header/footer rows total=1 mapped=1 null=0
2026-03-18 18:03:54,864 - INFO - Page 9: header/footer rows total=1 mapped=1 null=0
2026-03-18 18:03:54,892 - INFO - Page 10: header/footer rows total=1 mapped=1 null=0
2026-03-18 18:03:54,920 - INFO - Page 11: header/footer rows total=1 mapped=1 null=0
2026-03-18 18:03:54,949 - INFO - Page 12: header/footer rows total=1 mapped=1 null=0
2026-03-18 18:03:54,978 - INFO - Page 13: header/footer rows total=1 mapped=1 null=0
2026-03-18 18:03:55,008 - INFO - Page 14: header/footer rows total=1 mapped=1 null=0
2026-03-18 18:03:55,037 - INFO - Page 15: header/footer rows total=1 mapped=1 null=0
2026-03-18 18:03:55,065 - INFO - Page 16: header/footer rows total=1 mapped=1 null=0
2026-03-18 18:03:55,094 - INFO - Page 17: header/footer rows total=1 mapped=1 null=0
2026-03-18 18:03:55,124 - INFO - Page 18: header/footer rows total=1 mapped=1 null=0
2026-03-18 18:03:55,152 - INFO - Page 19: header/footer rows total=1 mapped=1 null=0
2026-03-18 18:03:55,179 - INFO - Page 20: header/footer rows total=1 mapped=1 null=0
2026-03-18 18:03:55,338 - INFO - Page 1: Generated visualizations - ['fused']
2026-03-18 18:03:55,500 - INFO - Page 2: Generated visualizations - ['fused']
2026-03-18 18:03:55,674 - INFO - Page 3: Generated visualizations - ['fused']
2026-03-18 18:03:55,859 - INFO - Page 4: Generated visualizations - ['fused']
2026-03-18 18:03:56,058 - INFO - Page 5: Generated visualizations - ['fused']
2026-03-18 18:03:56,253 - INFO - Page 6: Generated visualizations - ['fused']
2026-03-18 18:03:56,445 - INFO - Page 7: Generated visualizations - ['fused']
2026-03-18 18:03:56,627 - INFO - Page 8: Generated visualizations - ['fused']
2026-03-18 18:03:56,803 - INFO - Page 9: Generated visualizations - ['fused']
2026-03-18 18:03:56,981 - INFO - Page 10: Generated visualizations - ['fused']
2026-03-18 18:03:57,166 - INFO - Page 11: Generated visualizations - ['fused']
2026-03-18 18:03:57,343 - INFO - Page 12: Generated visualizations - ['fused']
2026-03-18 18:03:57,510 - INFO - Page 13: Generated visualizations - ['fused']
2026-03-18 18:03:57,699 - INFO - Page 14: Generated visualizations - ['fused']
2026-03-18 18:03:57,875 - INFO - Page 15: Generated visualizations - ['fused']
2026-03-18 18:03:58,058 - INFO - Page 16: Generated visualizations - ['fused']
2026-03-18 18:03:58,251 - INFO - Page 17: Generated visualizations - ['fused']
2026-03-18 18:03:58,431 - INFO - Page 18: Generated visualizations - ['fused']
2026-03-18 18:03:58,615 - INFO - Page 19: Generated visualizations - ['fused']
2026-03-18 18:03:58,773 - INFO - Page 20: Generated visualizations - ['fused']
2026-03-18 18:03:58,787 - INFO - Committed changes to database for dokumen:873
2026-03-18 18:03:58,792 - INFO - Labeling flow completed for dokumen:873
2026-03-18 18:03:58,802 - INFO - Task 1127 labeling status updated to: completed
2026-03-18 18:03:58,810 - INFO - Task 1127 validation status updated to: in_queue
2026-03-18 18:04:03,816 - INFO - Found labeling task in queue: ID 1128
2026-03-18 18:04:03,824 - INFO - Task 1128 labeling status updated to: processing
2026-03-18 18:04:03,825 - INFO - Processing labeling task ID: 1128, Type: dokumen
2026-03-18 18:04:03,825 - INFO - Reference target: dokumen:874
2026-03-18 18:04:03,837 - INFO - PDF: /app/storage/dokumen/222117032/874/pdf/13. Bab VI - Uji Coba.pdf
2026-03-18 18:04:03,837 - INFO - Output: /app/storage/dokumen/222117032/874/extraction/13. Bab VI - Uji Coba
2026-03-18 18:04:03,838 - INFO - Images output directory: /app/storage/dokumen/222117032/874/images
2026-03-18 18:04:07,465 - INFO - Saved 10 page images to: /app/storage/dokumen/222117032/874/images
2026-03-18 18:04:07,484 - INFO - Updated dokumen_images_path: /dokumen/222117032/874/images
2026-03-18 18:04:07,484 - INFO - Delegating to MergingExtractionService...
2026-03-18 18:04:07,489 - INFO - Visual output directory: /app/storage/dokumen/222117032/874/pdf/classification
2026-03-18 18:04:07,492 - INFO - Running Docling for dokumen:874
2026-03-18 18:04:07,512 - INFO - detected formats: [<InputFormat.PDF: 'pdf'>]
2026-03-18 18:04:07,514 - INFO - Going to convert document batch...
2026-03-18 18:04:07,515 - INFO - Initializing pipeline for StandardPdfPipeline with options hash e15bc6f248154cc62f8db15ef18a8ab7
2026-03-18 18:04:07,516 - INFO - rapidocr cannot be used because onnxruntime is not installed.
2026-03-18 18:04:07,516 - INFO - easyocr cannot be used because it is not installed.
2026-03-18 18:04:07,517 - INFO - Accelerator device: 'cpu'
2026-03-18 18:04:07,984 - INFO - Auto OCR model selected rapidocr with torch.
2026-03-18 18:04:07,984 - INFO - Accelerator device: 'cpu'
2026-03-18 18:04:08,727 - INFO - Accelerator device: 'cpu'
2026-03-18 18:04:09,368 - INFO - Processing document 13. Bab VI - Uji Coba.pdf
2026-03-18 18:04:44,199 - INFO - Finished converting document 13. Bab VI - Uji Coba.pdf in 36.70 sec.
2026-03-18 18:04:44,310 - INFO - Opened PDF: /app/storage/dokumen/222117032/874/pdf/13. Bab VI - Uji Coba.pdf (10 pages)
2026-03-18 18:04:44,311 - INFO - Processing 10 pages for dokumen:874
2026-03-18 18:04:48,711 - INFO - Resolved document-level claims for dokumen:874 cleared=0 affected_pages=0
2026-03-18 18:04:48,741 - INFO - Page 1: header/footer rows total=1 mapped=1 null=0
2026-03-18 18:04:48,769 - INFO - Page 2: header/footer rows total=1 mapped=1 null=0
2026-03-18 18:04:48,796 - INFO - Page 3: header/footer rows total=1 mapped=1 null=0
2026-03-18 18:04:48,823 - INFO - Page 4: header/footer rows total=1 mapped=1 null=0
2026-03-18 18:04:48,851 - INFO - Page 5: header/footer rows total=1 mapped=1 null=0
2026-03-18 18:04:48,878 - INFO - Page 6: header/footer rows total=1 mapped=1 null=0
2026-03-18 18:04:48,906 - INFO - Page 7: header/footer rows total=1 mapped=1 null=0
2026-03-18 18:04:48,933 - INFO - Page 8: header/footer rows total=1 mapped=1 null=0
2026-03-18 18:04:48,961 - INFO - Page 9: header/footer rows total=1 mapped=1 null=0
2026-03-18 18:04:48,989 - INFO - Page 10: header/footer rows total=1 mapped=1 null=0
2026-03-18 18:04:49,112 - INFO - Page 1: Generated visualizations - ['fused']
2026-03-18 18:04:49,254 - INFO - Page 2: Generated visualizations - ['fused']
2026-03-18 18:04:49,411 - INFO - Page 3: Generated visualizations - ['fused']
2026-03-18 18:04:49,547 - INFO - Page 4: Generated visualizations - ['fused']
2026-03-18 18:04:49,696 - INFO - Page 5: Generated visualizations - ['fused']
2026-03-18 18:04:49,852 - INFO - Page 6: Generated visualizations - ['fused']
2026-03-18 18:04:49,990 - INFO - Page 7: Generated visualizations - ['fused']
2026-03-18 18:04:50,142 - INFO - Page 8: Generated visualizations - ['fused']
2026-03-18 18:04:50,279 - INFO - Page 9: Generated visualizations - ['fused']
2026-03-18 18:04:50,406 - INFO - Page 10: Generated visualizations - ['fused']
2026-03-18 18:04:50,418 - INFO - Committed changes to database for dokumen:874
2026-03-18 18:04:50,420 - INFO - Labeling flow completed for dokumen:874
2026-03-18 18:04:50,431 - INFO - Task 1128 labeling status updated to: completed
2026-03-18 18:04:50,439 - INFO - Task 1128 validation status updated to: in_queue
2026-03-18 18:04:55,446 - INFO - Found labeling task in queue: ID 1129
2026-03-18 18:04:55,458 - INFO - Task 1129 labeling status updated to: processing
2026-03-18 18:04:55,459 - INFO - Processing labeling task ID: 1129, Type: dokumen
2026-03-18 18:04:55,459 - INFO - Reference target: dokumen:875
2026-03-18 18:04:55,472 - INFO - PDF: /app/storage/dokumen/222117032/875/pdf/14. Bab VII - Penutup.pdf
2026-03-18 18:04:55,472 - INFO - Output: /app/storage/dokumen/222117032/875/extraction/14. Bab VII - Penutup
2026-03-18 18:04:55,472 - INFO - Images output directory: /app/storage/dokumen/222117032/875/images
2026-03-18 18:04:56,201 - INFO - Saved 2 page images to: /app/storage/dokumen/222117032/875/images
2026-03-18 18:04:56,218 - INFO - Updated dokumen_images_path: /dokumen/222117032/875/images
2026-03-18 18:04:56,218 - INFO - Delegating to MergingExtractionService...
2026-03-18 18:04:56,222 - INFO - Visual output directory: /app/storage/dokumen/222117032/875/pdf/classification
2026-03-18 18:04:56,225 - INFO - Running Docling for dokumen:875
2026-03-18 18:04:56,239 - INFO - detected formats: [<InputFormat.PDF: 'pdf'>]
2026-03-18 18:04:56,241 - INFO - Going to convert document batch...
2026-03-18 18:04:56,241 - INFO - Initializing pipeline for StandardPdfPipeline with options hash e15bc6f248154cc62f8db15ef18a8ab7
2026-03-18 18:04:56,242 - INFO - rapidocr cannot be used because onnxruntime is not installed.
2026-03-18 18:04:56,242 - INFO - easyocr cannot be used because it is not installed.
2026-03-18 18:04:56,243 - INFO - Accelerator device: 'cpu'
2026-03-18 18:04:56,690 - INFO - Auto OCR model selected rapidocr with torch.
2026-03-18 18:04:56,690 - INFO - Accelerator device: 'cpu'
2026-03-18 18:04:57,438 - INFO - Accelerator device: 'cpu'
2026-03-18 18:04:57,738 - INFO - Processing document 14. Bab VII - Penutup.pdf
2026-03-18 18:04:59,864 - INFO - Finished converting document 14. Bab VII - Penutup.pdf in 3.63 sec.
2026-03-18 18:04:59,960 - INFO - Opened PDF: /app/storage/dokumen/222117032/875/pdf/14. Bab VII - Penutup.pdf (2 pages)
2026-03-18 18:04:59,961 - INFO - Processing 2 pages for dokumen:875
2026-03-18 18:05:00,630 - INFO - Resolved document-level claims for dokumen:875 cleared=0 affected_pages=0
2026-03-18 18:05:00,657 - INFO - Page 1: header/footer rows total=1 mapped=1 null=0
2026-03-18 18:05:00,684 - INFO - Page 2: header/footer rows total=1 mapped=1 null=0
2026-03-18 18:05:00,815 - INFO - Page 1: Generated visualizations - ['fused']
2026-03-18 18:05:00,952 - INFO - Page 2: Generated visualizations - ['fused']
2026-03-18 18:05:00,966 - INFO - Committed changes to database for dokumen:875
2026-03-18 18:05:00,968 - INFO - Labeling flow completed for dokumen:875
2026-03-18 18:05:00,978 - INFO - Task 1129 labeling status updated to: completed
2026-03-18 18:05:00,985 - INFO - Task 1129 validation status updated to: in_queue
2026-03-19 02:50:12,577 - INFO - Found labeling task in queue: ID 1130
2026-03-19 02:50:12,592 - INFO - Task 1130 labeling status updated to: processing
2026-03-19 02:50:12,592 - INFO - Processing labeling task ID: 1130, Type: dokumen
2026-03-19 02:50:12,593 - INFO - Reference target: dokumen:876
2026-03-19 02:50:12,605 - INFO - PDF: /app/storage/dokumen/222117032/876/pdf/12. Bab I Pendahuluan.pdf
2026-03-19 02:50:12,606 - INFO - Output: /app/storage/dokumen/222117032/876/extraction/12. Bab I Pendahuluan
2026-03-19 02:50:12,606 - INFO - Images output directory: /app/storage/dokumen/222117032/876/images
2026-03-19 02:50:15,437 - INFO - Saved 7 page images to: /app/storage/dokumen/222117032/876/images
2026-03-19 02:50:15,462 - INFO - Updated dokumen_images_path: /dokumen/222117032/876/images
2026-03-19 02:50:15,463 - INFO - Delegating to MergingExtractionService...
2026-03-19 02:50:15,472 - INFO - Visual output directory: /app/storage/dokumen/222117032/876/pdf/classification
2026-03-19 02:50:15,476 - INFO - Running Docling for dokumen:876
2026-03-19 02:50:15,503 - INFO - detected formats: [<InputFormat.PDF: 'pdf'>]
2026-03-19 02:50:15,513 - INFO - Going to convert document batch...
2026-03-19 02:50:15,514 - INFO - Initializing pipeline for StandardPdfPipeline with options hash e15bc6f248154cc62f8db15ef18a8ab7
2026-03-19 02:50:15,516 - INFO - rapidocr cannot be used because onnxruntime is not installed.
2026-03-19 02:50:15,516 - INFO - easyocr cannot be used because it is not installed.
2026-03-19 02:50:15,517 - INFO - Accelerator device: 'cpu'
2026-03-19 02:50:16,414 - INFO - Auto OCR model selected rapidocr with torch.
2026-03-19 02:50:16,415 - INFO - Accelerator device: 'cpu'
2026-03-19 02:50:17,505 - INFO - Accelerator device: 'cpu'
2026-03-19 02:50:18,211 - INFO - Processing document 12. Bab I Pendahuluan.pdf
2026-03-19 02:50:27,662 - INFO - Finished converting document 12. Bab I Pendahuluan.pdf in 12.17 sec.
2026-03-19 02:50:27,763 - INFO - Opened PDF: /app/storage/dokumen/222117032/876/pdf/12. Bab I Pendahuluan.pdf (7 pages)
2026-03-19 02:50:27,764 - INFO - Processing 7 pages for dokumen:876
2026-03-19 02:50:31,608 - INFO - Resolved document-level claims for dokumen:876 cleared=0 affected_pages=0
2026-03-19 02:50:31,642 - INFO - Page 1: header/footer rows total=1 mapped=1 null=0
2026-03-19 02:50:31,673 - INFO - Page 2: header/footer rows total=1 mapped=1 null=0
2026-03-19 02:50:31,705 - INFO - Page 3: header/footer rows total=1 mapped=1 null=0
2026-03-19 02:50:31,742 - INFO - Page 4: header/footer rows total=1 mapped=1 null=0
2026-03-19 02:50:31,787 - INFO - Page 5: header/footer rows total=1 mapped=1 null=0
2026-03-19 02:50:31,817 - INFO - Page 6: header/footer rows total=1 mapped=1 null=0
2026-03-19 02:50:31,850 - INFO - Page 7: header/footer rows total=1 mapped=1 null=0
2026-03-19 02:50:32,005 - INFO - Page 1: Generated visualizations - ['fused']
2026-03-19 02:50:32,159 - INFO - Page 2: Generated visualizations - ['fused']
2026-03-19 02:50:32,350 - INFO - Page 3: Generated visualizations - ['fused']
2026-03-19 02:50:32,527 - INFO - Page 4: Generated visualizations - ['fused']
2026-03-19 02:50:32,690 - INFO - Page 5: Generated visualizations - ['fused']
2026-03-19 02:50:32,851 - INFO - Page 6: Generated visualizations - ['fused']
2026-03-19 02:50:33,007 - INFO - Page 7: Generated visualizations - ['fused']
2026-03-19 02:50:33,023 - INFO - Committed changes to database for dokumen:876
2026-03-19 02:50:33,026 - INFO - Labeling flow completed for dokumen:876
2026-03-19 02:50:33,050 - INFO - Task 1130 labeling status updated to: completed
2026-03-19 02:50:33,070 - INFO - Task 1130 validation status updated to: in_queue
2026-03-19 02:50:38,083 - INFO - Found labeling task in queue: ID 1131
2026-03-19 02:50:38,092 - INFO - Task 1131 labeling status updated to: processing
2026-03-19 02:50:38,092 - INFO - Processing labeling task ID: 1131, Type: dokumen
2026-03-19 02:50:38,093 - INFO - Reference target: dokumen:877
2026-03-19 02:50:38,106 - INFO - PDF: /app/storage/dokumen/222117032/877/pdf/13. Bab II Teori Penunjang.pdf
2026-03-19 02:50:38,106 - INFO - Output: /app/storage/dokumen/222117032/877/extraction/13. Bab II Teori Penunjang
2026-03-19 02:50:38,106 - INFO - Images output directory: /app/storage/dokumen/222117032/877/images
2026-03-19 02:50:41,112 - INFO - Saved 9 page images to: /app/storage/dokumen/222117032/877/images
2026-03-19 02:50:41,125 - INFO - Updated dokumen_images_path: /dokumen/222117032/877/images
2026-03-19 02:50:41,125 - INFO - Delegating to MergingExtractionService...
2026-03-19 02:50:41,130 - INFO - Visual output directory: /app/storage/dokumen/222117032/877/pdf/classification
2026-03-19 02:50:41,133 - INFO - Running Docling for dokumen:877
2026-03-19 02:50:41,149 - INFO - detected formats: [<InputFormat.PDF: 'pdf'>]
2026-03-19 02:50:41,152 - INFO - Going to convert document batch...
2026-03-19 02:50:41,152 - INFO - Initializing pipeline for StandardPdfPipeline with options hash e15bc6f248154cc62f8db15ef18a8ab7
2026-03-19 02:50:41,153 - INFO - rapidocr cannot be used because onnxruntime is not installed.
2026-03-19 02:50:41,154 - INFO - easyocr cannot be used because it is not installed.
2026-03-19 02:50:41,154 - INFO - Accelerator device: 'cpu'
2026-03-19 02:50:41,699 - INFO - Auto OCR model selected rapidocr with torch.
2026-03-19 02:50:41,699 - INFO - Accelerator device: 'cpu'
2026-03-19 02:50:42,451 - INFO - Accelerator device: 'cpu'
2026-03-19 02:50:42,804 - INFO - Processing document 13. Bab II Teori Penunjang.pdf
2026-03-19 02:50:55,824 - INFO - Finished converting document 13. Bab II Teori Penunjang.pdf in 14.68 sec.
2026-03-19 02:50:55,941 - INFO - Opened PDF: /app/storage/dokumen/222117032/877/pdf/13. Bab II Teori Penunjang.pdf (9 pages)
2026-03-19 02:50:55,942 - INFO - Processing 9 pages for dokumen:877
2026-03-19 02:51:02,525 - INFO - Resolved document-level claims for dokumen:877 cleared=0 affected_pages=0
2026-03-19 02:51:02,557 - INFO - Page 1: header/footer rows total=1 mapped=1 null=0
2026-03-19 02:51:02,585 - INFO - Page 2: header/footer rows total=1 mapped=1 null=0
2026-03-19 02:51:02,619 - INFO - Page 3: header/footer rows total=1 mapped=1 null=0
2026-03-19 02:51:02,653 - INFO - Page 4: header/footer rows total=1 mapped=1 null=0
2026-03-19 02:51:02,694 - INFO - Page 5: header/footer rows total=1 mapped=1 null=0
2026-03-19 02:51:02,735 - INFO - Page 6: header/footer rows total=1 mapped=1 null=0
2026-03-19 02:51:02,772 - INFO - Page 7: header/footer rows total=1 mapped=1 null=0
2026-03-19 02:51:02,805 - INFO - Page 8: header/footer rows total=1 mapped=1 null=0
2026-03-19 02:51:02,836 - INFO - Page 9: header/footer rows total=1 mapped=1 null=0
2026-03-19 02:51:03,001 - INFO - Page 1: Generated visualizations - ['fused']
2026-03-19 02:51:03,202 - INFO - Page 2: Generated visualizations - ['fused']
2026-03-19 02:51:03,408 - INFO - Page 3: Generated visualizations - ['fused']
2026-03-19 02:51:03,614 - INFO - Page 4: Generated visualizations - ['fused']
2026-03-19 02:51:03,813 - INFO - Page 5: Generated visualizations - ['fused']
2026-03-19 02:51:04,001 - INFO - Page 6: Generated visualizations - ['fused']
2026-03-19 02:51:04,195 - INFO - Page 7: Generated visualizations - ['fused']
2026-03-19 02:51:04,394 - INFO - Page 8: Generated visualizations - ['fused']
2026-03-19 02:51:04,565 - INFO - Page 9: Generated visualizations - ['fused']
2026-03-19 02:51:04,578 - INFO - Committed changes to database for dokumen:877
2026-03-19 02:51:04,581 - INFO - Labeling flow completed for dokumen:877
2026-03-19 02:51:04,592 - INFO - Task 1131 labeling status updated to: completed
2026-03-19 02:51:04,599 - INFO - Task 1131 validation status updated to: in_queue
2026-03-19 02:51:09,605 - INFO - Found labeling task in queue: ID 1132
2026-03-19 02:51:09,622 - INFO - Task 1132 labeling status updated to: processing
2026-03-19 02:51:09,622 - INFO - Processing labeling task ID: 1132, Type: dokumen
2026-03-19 02:51:09,622 - INFO - Reference target: dokumen:878
2026-03-19 02:51:09,635 - INFO - PDF: /app/storage/dokumen/222117032/878/pdf/14. Bab III Penjelasan Teori.pdf
2026-03-19 02:51:09,636 - INFO - Output: /app/storage/dokumen/222117032/878/extraction/14. Bab III Penjelasan Teori
2026-03-19 02:51:09,636 - INFO - Images output directory: /app/storage/dokumen/222117032/878/images
2026-03-19 02:51:15,449 - INFO - Saved 16 page images to: /app/storage/dokumen/222117032/878/images
2026-03-19 02:51:15,461 - INFO - Updated dokumen_images_path: /dokumen/222117032/878/images
2026-03-19 02:51:15,462 - INFO - Delegating to MergingExtractionService...
2026-03-19 02:51:15,466 - INFO - Visual output directory: /app/storage/dokumen/222117032/878/pdf/classification
2026-03-19 02:51:15,469 - INFO - Running Docling for dokumen:878
2026-03-19 02:51:15,485 - INFO - detected formats: [<InputFormat.PDF: 'pdf'>]
2026-03-19 02:51:15,487 - INFO - Going to convert document batch...
2026-03-19 02:51:15,488 - INFO - Initializing pipeline for StandardPdfPipeline with options hash e15bc6f248154cc62f8db15ef18a8ab7
2026-03-19 02:51:15,489 - INFO - rapidocr cannot be used because onnxruntime is not installed.
2026-03-19 02:51:15,489 - INFO - easyocr cannot be used because it is not installed.
2026-03-19 02:51:15,489 - INFO - Accelerator device: 'cpu'
2026-03-19 02:51:16,371 - INFO - Auto OCR model selected rapidocr with torch.
2026-03-19 02:51:16,372 - INFO - Accelerator device: 'cpu'
2026-03-19 02:51:17,444 - INFO - Accelerator device: 'cpu'
2026-03-19 02:51:17,801 - INFO - Processing document 14. Bab III Penjelasan Teori.pdf
2026-03-19 02:51:47,135 - INFO - Finished converting document 14. Bab III Penjelasan Teori.pdf in 31.66 sec.
2026-03-19 02:51:47,253 - INFO - Opened PDF: /app/storage/dokumen/222117032/878/pdf/14. Bab III Penjelasan Teori.pdf (16 pages)
2026-03-19 02:51:47,253 - INFO - Processing 16 pages for dokumen:878
2026-03-19 02:52:04,646 - INFO - Resolved document-level claims for dokumen:878 cleared=0 affected_pages=0
2026-03-19 02:52:04,675 - INFO - Page 1: header/footer rows total=1 mapped=1 null=0
2026-03-19 02:52:04,705 - INFO - Page 2: header/footer rows total=1 mapped=1 null=0
2026-03-19 02:52:04,734 - INFO - Page 3: header/footer rows total=1 mapped=1 null=0
2026-03-19 02:52:04,764 - INFO - Page 4: header/footer rows total=1 mapped=1 null=0
2026-03-19 02:52:04,794 - INFO - Page 5: header/footer rows total=1 mapped=1 null=0
2026-03-19 02:52:04,825 - INFO - Page 6: header/footer rows total=1 mapped=1 null=0
2026-03-19 02:52:04,854 - INFO - Page 7: header/footer rows total=1 mapped=1 null=0
2026-03-19 02:52:04,885 - INFO - Page 8: header/footer rows total=1 mapped=1 null=0
2026-03-19 02:52:04,916 - INFO - Page 9: header/footer rows total=1 mapped=1 null=0
2026-03-19 02:52:04,946 - INFO - Page 10: header/footer rows total=1 mapped=1 null=0
2026-03-19 02:52:04,979 - INFO - Page 11: header/footer rows total=1 mapped=1 null=0
2026-03-19 02:52:05,012 - INFO - Page 12: header/footer rows total=1 mapped=1 null=0
2026-03-19 02:52:05,043 - INFO - Page 13: header/footer rows total=1 mapped=1 null=0
2026-03-19 02:52:05,074 - INFO - Page 14: header/footer rows total=1 mapped=1 null=0
2026-03-19 02:52:05,106 - INFO - Page 15: header/footer rows total=1 mapped=1 null=0
2026-03-19 02:52:05,139 - INFO - Page 16: header/footer rows total=1 mapped=1 null=0
2026-03-19 02:52:05,293 - INFO - Page 1: Generated visualizations - ['fused']
2026-03-19 02:52:05,463 - INFO - Page 2: Generated visualizations - ['fused']
2026-03-19 02:52:05,649 - INFO - Page 3: Generated visualizations - ['fused']
2026-03-19 02:52:05,844 - INFO - Page 4: Generated visualizations - ['fused']
2026-03-19 02:52:06,049 - INFO - Page 5: Generated visualizations - ['fused']
2026-03-19 02:52:06,255 - INFO - Page 6: Generated visualizations - ['fused']
2026-03-19 02:52:06,458 - INFO - Page 7: Generated visualizations - ['fused']
2026-03-19 02:52:06,641 - INFO - Page 8: Generated visualizations - ['fused']
2026-03-19 02:52:06,813 - INFO - Page 9: Generated visualizations - ['fused']
2026-03-19 02:52:06,973 - INFO - Page 10: Generated visualizations - ['fused']
2026-03-19 02:52:07,158 - INFO - Page 11: Generated visualizations - ['fused']
2026-03-19 02:52:07,364 - INFO - Page 12: Generated visualizations - ['fused']
2026-03-19 02:52:07,570 - INFO - Page 13: Generated visualizations - ['fused']
2026-03-19 02:52:07,748 - INFO - Page 14: Generated visualizations - ['fused']
2026-03-19 02:52:07,912 - INFO - Page 15: Generated visualizations - ['fused']
2026-03-19 02:52:08,106 - INFO - Page 16: Generated visualizations - ['fused']
2026-03-19 02:52:08,127 - INFO - Committed changes to database for dokumen:878
2026-03-19 02:52:08,132 - INFO - Labeling flow completed for dokumen:878
2026-03-19 02:52:08,142 - INFO - Task 1132 labeling status updated to: completed
2026-03-19 02:52:08,150 - INFO - Task 1132 validation status updated to: in_queue
2026-03-19 02:52:13,155 - INFO - Found labeling task in queue: ID 1133
2026-03-19 02:52:13,164 - INFO - Task 1133 labeling status updated to: processing
2026-03-19 02:52:13,164 - INFO - Processing labeling task ID: 1133, Type: dokumen
2026-03-19 02:52:13,165 - INFO - Reference target: dokumen:879
2026-03-19 02:52:13,177 - INFO - PDF: /app/storage/dokumen/222117032/879/pdf/18. Bab VII Uji Coba.pdf
2026-03-19 02:52:13,178 - INFO - Output: /app/storage/dokumen/222117032/879/extraction/18. Bab VII Uji Coba
2026-03-19 02:52:13,178 - INFO - Images output directory: /app/storage/dokumen/222117032/879/images
2026-03-19 02:52:17,995 - INFO - Saved 13 page images to: /app/storage/dokumen/222117032/879/images
2026-03-19 02:52:18,007 - INFO - Updated dokumen_images_path: /dokumen/222117032/879/images
2026-03-19 02:52:18,007 - INFO - Delegating to MergingExtractionService...
2026-03-19 02:52:18,012 - INFO - Visual output directory: /app/storage/dokumen/222117032/879/pdf/classification
2026-03-19 02:52:18,014 - INFO - Running Docling for dokumen:879
2026-03-19 02:52:18,031 - INFO - detected formats: [<InputFormat.PDF: 'pdf'>]
2026-03-19 02:52:18,034 - INFO - Going to convert document batch...
2026-03-19 02:52:18,035 - INFO - Initializing pipeline for StandardPdfPipeline with options hash e15bc6f248154cc62f8db15ef18a8ab7
2026-03-19 02:52:18,036 - INFO - rapidocr cannot be used because onnxruntime is not installed.
2026-03-19 02:52:18,036 - INFO - easyocr cannot be used because it is not installed.
2026-03-19 02:52:18,037 - INFO - Accelerator device: 'cpu'
2026-03-19 02:52:18,529 - INFO - Auto OCR model selected rapidocr with torch.
2026-03-19 02:52:18,529 - INFO - Accelerator device: 'cpu'
2026-03-19 02:52:19,785 - INFO - Accelerator device: 'cpu'
2026-03-19 02:52:20,175 - INFO - Processing document 18. Bab VII Uji Coba.pdf
2026-03-19 02:53:11,465 - INFO - Finished converting document 18. Bab VII Uji Coba.pdf in 53.45 sec.
2026-03-19 02:53:11,575 - INFO - Opened PDF: /app/storage/dokumen/222117032/879/pdf/18. Bab VII Uji Coba.pdf (13 pages)
2026-03-19 02:53:11,576 - INFO - Processing 13 pages for dokumen:879
2026-03-19 02:53:20,534 - INFO - Resolved document-level claims for dokumen:879 cleared=0 affected_pages=0
2026-03-19 02:53:20,573 - INFO - Page 1: header/footer rows total=1 mapped=1 null=0
2026-03-19 02:53:20,609 - INFO - Page 2: header/footer rows total=1 mapped=1 null=0
2026-03-19 02:53:20,642 - INFO - Page 3: header/footer rows total=1 mapped=1 null=0
2026-03-19 02:53:20,679 - INFO - Page 4: header/footer rows total=1 mapped=1 null=0
2026-03-19 02:53:20,717 - INFO - Page 5: header/footer rows total=1 mapped=1 null=0
2026-03-19 02:53:20,752 - INFO - Page 6: header/footer rows total=1 mapped=1 null=0
2026-03-19 02:53:20,782 - INFO - Page 7: header/footer rows total=1 mapped=1 null=0
2026-03-19 02:53:20,812 - INFO - Page 8: header/footer rows total=1 mapped=1 null=0
2026-03-19 02:53:20,842 - INFO - Page 9: header/footer rows total=1 mapped=1 null=0
2026-03-19 02:53:20,873 - INFO - Page 10: header/footer rows total=1 mapped=1 null=0
2026-03-19 02:53:20,903 - INFO - Page 11: header/footer rows total=1 mapped=1 null=0
2026-03-19 02:53:20,934 - INFO - Page 12: header/footer rows total=1 mapped=1 null=0
2026-03-19 02:53:20,967 - INFO - Page 13: header/footer rows total=1 mapped=1 null=0
2026-03-19 02:53:21,131 - INFO - Page 1: Generated visualizations - ['fused']
2026-03-19 02:53:21,347 - INFO - Page 2: Generated visualizations - ['fused']
2026-03-19 02:53:21,546 - INFO - Page 3: Generated visualizations - ['fused']
2026-03-19 02:53:21,783 - INFO - Page 4: Generated visualizations - ['fused']
2026-03-19 02:53:22,004 - INFO - Page 5: Generated visualizations - ['fused']
2026-03-19 02:53:22,173 - INFO - Page 6: Generated visualizations - ['fused']
2026-03-19 02:53:22,303 - INFO - Page 7: Generated visualizations - ['fused']
2026-03-19 02:53:22,440 - INFO - Page 8: Generated visualizations - ['fused']
2026-03-19 02:53:22,571 - INFO - Page 9: Generated visualizations - ['fused']
2026-03-19 02:53:22,714 - INFO - Page 10: Generated visualizations - ['fused']
2026-03-19 02:53:22,871 - INFO - Page 11: Generated visualizations - ['fused']
2026-03-19 02:53:23,078 - INFO - Page 12: Generated visualizations - ['fused']
2026-03-19 02:53:23,223 - INFO - Page 13: Generated visualizations - ['fused']
2026-03-19 02:53:23,237 - INFO - Committed changes to database for dokumen:879
2026-03-19 02:53:23,240 - INFO - Labeling flow completed for dokumen:879
2026-03-19 02:53:23,252 - INFO - Task 1133 labeling status updated to: completed
2026-03-19 02:53:23,261 - INFO - Task 1133 validation status updated to: in_queue
2026-03-19 02:53:28,266 - INFO - Found labeling task in queue: ID 1134
2026-03-19 02:53:28,280 - INFO - Task 1134 labeling status updated to: processing
2026-03-19 02:53:28,281 - INFO - Processing labeling task ID: 1134, Type: dokumen
2026-03-19 02:53:28,281 - INFO - Reference target: dokumen:880
2026-03-19 02:53:28,293 - INFO - PDF: /app/storage/dokumen/222117032/880/pdf/17 Januari 22 bab 1.pdf
2026-03-19 02:53:28,293 - INFO - Output: /app/storage/dokumen/222117032/880/extraction/17 Januari 22 bab 1
2026-03-19 02:53:28,294 - INFO - Images output directory: /app/storage/dokumen/222117032/880/images
2026-03-19 02:53:30,416 - INFO - Saved 7 page images to: /app/storage/dokumen/222117032/880/images
2026-03-19 02:53:30,435 - INFO - Updated dokumen_images_path: /dokumen/222117032/880/images
2026-03-19 02:53:30,435 - INFO - Delegating to MergingExtractionService...
2026-03-19 02:53:30,439 - INFO - Visual output directory: /app/storage/dokumen/222117032/880/pdf/classification
2026-03-19 02:53:30,442 - INFO - Running Docling for dokumen:880
2026-03-19 02:53:30,457 - INFO - detected formats: [<InputFormat.PDF: 'pdf'>]
2026-03-19 02:53:30,459 - INFO - Going to convert document batch...
2026-03-19 02:53:30,459 - INFO - Initializing pipeline for StandardPdfPipeline with options hash e15bc6f248154cc62f8db15ef18a8ab7
2026-03-19 02:53:30,460 - INFO - rapidocr cannot be used because onnxruntime is not installed.
2026-03-19 02:53:30,460 - INFO - easyocr cannot be used because it is not installed.
2026-03-19 02:53:30,460 - INFO - Accelerator device: 'cpu'
2026-03-19 02:53:30,957 - INFO - Auto OCR model selected rapidocr with torch.
2026-03-19 02:53:30,957 - INFO - Accelerator device: 'cpu'
2026-03-19 02:53:31,745 - INFO - Accelerator device: 'cpu'
2026-03-19 02:53:32,079 - INFO - Processing document 17 Januari 22 bab 1.pdf
2026-03-19 02:53:44,199 - INFO - Finished converting document 17 Januari 22 bab 1.pdf in 13.75 sec.
2026-03-19 02:53:44,282 - INFO - Opened PDF: /app/storage/dokumen/222117032/880/pdf/17 Januari 22 bab 1.pdf (7 pages)
2026-03-19 02:53:44,283 - INFO - Processing 7 pages for dokumen:880
2026-03-19 02:53:47,405 - INFO - Resolved document-level claims for dokumen:880 cleared=0 affected_pages=0
2026-03-19 02:53:47,432 - INFO - Page 1: header/footer rows total=1 mapped=1 null=0
2026-03-19 02:53:47,459 - INFO - Page 2: header/footer rows total=1 mapped=0 null=1
2026-03-19 02:53:47,485 - INFO - Page 3: header/footer rows total=1 mapped=0 null=1
2026-03-19 02:53:47,513 - INFO - Page 4: header/footer rows total=1 mapped=0 null=1
2026-03-19 02:53:47,547 - INFO - Page 5: header/footer rows total=1 mapped=0 null=1
2026-03-19 02:53:47,582 - INFO - Page 6: header/footer rows total=1 mapped=0 null=1
2026-03-19 02:53:47,727 - INFO - Page 1: Generated visualizations - ['fused']
2026-03-19 02:53:47,856 - INFO - Page 2: Generated visualizations - ['fused']
2026-03-19 02:53:48,003 - INFO - Page 3: Generated visualizations - ['fused']
2026-03-19 02:53:48,155 - INFO - Page 4: Generated visualizations - ['fused']
2026-03-19 02:53:48,300 - INFO - Page 5: Generated visualizations - ['fused']
2026-03-19 02:53:48,415 - INFO - Page 6: Generated visualizations - ['fused']
2026-03-19 02:53:48,467 - INFO - Page 7: Generated visualizations - []
2026-03-19 02:53:48,474 - INFO - Committed changes to database for dokumen:880
2026-03-19 02:53:48,476 - INFO - Labeling flow completed for dokumen:880
2026-03-19 02:53:48,485 - INFO - Task 1134 labeling status updated to: completed
2026-03-19 02:53:48,492 - INFO - Task 1134 validation status updated to: in_queue
2026-03-19 02:53:53,498 - INFO - Found labeling task in queue: ID 1135
2026-03-19 02:53:53,506 - INFO - Task 1135 labeling status updated to: processing
2026-03-19 02:53:53,506 - INFO - Processing labeling task ID: 1135, Type: dokumen
2026-03-19 02:53:53,506 - INFO - Reference target: dokumen:881
2026-03-19 02:53:53,517 - INFO - PDF: /app/storage/dokumen/222117032/881/pdf/2. BAB II TINJAUAN PUSTAKA MEI.pdf
2026-03-19 02:53:53,518 - INFO - Output: /app/storage/dokumen/222117032/881/extraction/2. BAB II TINJAUAN PUSTAKA MEI
2026-03-19 02:53:53,518 - INFO - Images output directory: /app/storage/dokumen/222117032/881/images
2026-03-19 02:54:09,281 - INFO - Saved 22 page images to: /app/storage/dokumen/222117032/881/images
2026-03-19 02:54:09,310 - INFO - Updated dokumen_images_path: /dokumen/222117032/881/images
2026-03-19 02:54:09,311 - INFO - Delegating to MergingExtractionService...
2026-03-19 02:54:09,317 - INFO - Visual output directory: /app/storage/dokumen/222117032/881/pdf/classification
2026-03-19 02:54:09,321 - INFO - Running Docling for dokumen:881
2026-03-19 02:54:09,341 - INFO - detected formats: [<InputFormat.PDF: 'pdf'>]
2026-03-19 02:54:09,347 - INFO - Going to convert document batch...
2026-03-19 02:54:09,348 - INFO - Initializing pipeline for StandardPdfPipeline with options hash e15bc6f248154cc62f8db15ef18a8ab7
2026-03-19 02:54:09,349 - INFO - rapidocr cannot be used because onnxruntime is not installed.
2026-03-19 02:54:09,349 - INFO - easyocr cannot be used because it is not installed.
2026-03-19 02:54:09,350 - INFO - Accelerator device: 'cpu'
2026-03-19 02:54:11,421 - INFO - Auto OCR model selected rapidocr with torch.
2026-03-19 02:54:11,429 - INFO - Accelerator device: 'cpu'
2026-03-19 02:54:13,140 - INFO - Accelerator device: 'cpu'
2026-03-19 02:54:14,422 - INFO - Processing document 2. BAB II TINJAUAN PUSTAKA MEI.pdf
2026-03-19 02:55:38,070 - INFO - Finished converting document 2. BAB II TINJAUAN PUSTAKA MEI.pdf in 88.74 sec.
2026-03-19 02:55:38,185 - INFO - Opened PDF: /app/storage/dokumen/222117032/881/pdf/2. BAB II TINJAUAN PUSTAKA MEI.pdf (22 pages)
2026-03-19 02:55:38,186 - INFO - Processing 22 pages for dokumen:881
2026-03-19 02:56:12,791 - INFO - Resolved document-level claims for dokumen:881 cleared=1 affected_pages=1
2026-03-19 02:56:12,823 - INFO - Page 1: header/footer rows total=1 mapped=1 null=0
2026-03-19 02:56:12,854 - INFO - Page 2: header/footer rows total=1 mapped=1 null=0
2026-03-19 02:56:12,885 - INFO - Page 3: header/footer rows total=1 mapped=1 null=0
2026-03-19 02:56:12,915 - INFO - Page 4: header/footer rows total=1 mapped=1 null=0
2026-03-19 02:56:12,946 - INFO - Page 5: header/footer rows total=1 mapped=1 null=0
2026-03-19 02:56:12,975 - INFO - Page 6: header/footer rows total=1 mapped=1 null=0
2026-03-19 02:56:13,004 - INFO - Page 7: header/footer rows total=1 mapped=1 null=0
2026-03-19 02:56:13,034 - INFO - Page 8: header/footer rows total=1 mapped=1 null=0
2026-03-19 02:56:13,068 - INFO - Page 9: header/footer rows total=1 mapped=1 null=0
2026-03-19 02:56:13,101 - INFO - Page 10: header/footer rows total=1 mapped=1 null=0
2026-03-19 02:56:13,134 - INFO - Page 11: header/footer rows total=1 mapped=1 null=0
2026-03-19 02:56:13,165 - INFO - Page 12: header/footer rows total=1 mapped=1 null=0
2026-03-19 02:56:13,196 - INFO - Page 13: header/footer rows total=1 mapped=1 null=0
2026-03-19 02:56:13,226 - INFO - Page 14: header/footer rows total=1 mapped=1 null=0
2026-03-19 02:56:13,257 - INFO - Page 15: header/footer rows total=1 mapped=1 null=0
2026-03-19 02:56:13,288 - INFO - Page 16: header/footer rows total=1 mapped=1 null=0
2026-03-19 02:56:13,319 - INFO - Page 17: header/footer rows total=1 mapped=1 null=0
2026-03-19 02:56:13,350 - INFO - Page 18: header/footer rows total=1 mapped=1 null=0
2026-03-19 02:56:13,380 - INFO - Page 19: header/footer rows total=1 mapped=1 null=0
2026-03-19 02:56:13,413 - INFO - Page 20: header/footer rows total=1 mapped=1 null=0
2026-03-19 02:56:13,456 - INFO - Page 21: header/footer rows total=1 mapped=1 null=0
2026-03-19 02:56:13,491 - INFO - Page 22: header/footer rows total=1 mapped=1 null=0
2026-03-19 02:56:13,658 - INFO - Page 1: Generated visualizations - ['fused']
2026-03-19 02:56:13,816 - INFO - Page 2: Generated visualizations - ['fused']
2026-03-19 02:56:13,972 - INFO - Page 3: Generated visualizations - ['fused']
2026-03-19 02:56:14,147 - INFO - Page 4: Generated visualizations - ['fused']
2026-03-19 02:56:14,312 - INFO - Page 5: Generated visualizations - ['fused']
2026-03-19 02:56:14,474 - INFO - Page 6: Generated visualizations - ['fused']
2026-03-19 02:56:14,636 - INFO - Page 7: Generated visualizations - ['fused']
2026-03-19 02:56:14,877 - INFO - Page 8: Generated visualizations - ['fused']
2026-03-19 02:56:15,034 - INFO - Page 9: Generated visualizations - ['fused']
2026-03-19 02:56:15,177 - INFO - Page 10: Generated visualizations - ['fused']
2026-03-19 02:56:15,323 - INFO - Page 11: Generated visualizations - ['fused']
2026-03-19 02:56:15,480 - INFO - Page 12: Generated visualizations - ['fused']
2026-03-19 02:56:15,631 - INFO - Page 13: Generated visualizations - ['fused']
2026-03-19 02:56:15,783 - INFO - Page 14: Generated visualizations - ['fused']
2026-03-19 02:56:15,967 - INFO - Page 15: Generated visualizations - ['fused']
2026-03-19 02:56:16,140 - INFO - Page 16: Generated visualizations - ['fused']
2026-03-19 02:56:16,309 - INFO - Page 17: Generated visualizations - ['fused']
2026-03-19 02:56:16,471 - INFO - Page 18: Generated visualizations - ['fused']
2026-03-19 02:56:16,687 - INFO - Page 19: Generated visualizations - ['fused']
2026-03-19 02:56:16,915 - INFO - Page 20: Generated visualizations - ['fused']
2026-03-19 02:56:17,132 - INFO - Page 21: Generated visualizations - ['fused']
2026-03-19 02:56:17,458 - INFO - Page 22: Generated visualizations - ['fused']
2026-03-19 02:56:17,495 - INFO - Committed changes to database for dokumen:881
2026-03-19 02:56:17,500 - INFO - Labeling flow completed for dokumen:881
2026-03-19 02:56:17,511 - INFO - Task 1135 labeling status updated to: completed
2026-03-19 02:56:17,520 - INFO - Task 1135 validation status updated to: in_queue
